edad,ingreso_mensual,confianza_mercado,apoyo_redistribucion,valoracion_orden_publico,preferencia_politica
48,350000,6,6,6,Centro
56,1640000,7,3,6,Derecha
49,1590000,10,5,5,Derecha
60,1370000,5,7,5,Izquierda
52,1790000,5,5,10,Derecha
73,1250000,5,4,7,Derecha
32,690000,3,8,8,Izquierda
58,930000,5,6,7,Izquierda
32,590000,9,7,6,Derecha
47,1180000,6,4,4,Centro
34,1400000,5,4,3,Derecha
31,4210000,4,7,4,Izquierda
27,1170000,7,6,7,Centro
53,350000,7,4,5,Centro
35,2750000,7,5,3,Centro
58,1150000,5,1,6,Derecha
34,1300000,5,6,7,Izquierda
52,710000,6,5,7,Derecha
45,2390000,9,5,6,Derecha
51,610000,6,6,5,Derecha
49,840000,9,3,7,Derecha
32,740000,5,6,2,Izquierda
55,390000,9,4,6,Derecha
59,540000,7,8,7,Derecha
26,600000,6,7,6,Centro
32,1930000,7,5,4,Derecha
34,1480000,4,4,6,Centro
55,820000,8,2,5,Derecha
47,1340000,6,7,5,Centro
32,890000,4,6,4,Centro
58,850000,3,7,2,Centro
59,510000,7,5,6,Derecha
18,870000,5,8,6,Izquierda
43,920000,4,8,6,Centro
76,1960000,5,6,5,Centro
55,1490000,6,4,3,Derecha
53,860000,6,5,5,Izquierda
48,1690000,1,6,4,Izquierda
64,350000,7,4,4,Centro
64,1470000,9,6,6,Derecha
22,840000,6,5,4,Centro
32,1130000,3,8,8,Centro
21,1590000,5,7,3,Izquierda
48,1040000,3,6,4,Izquierda
44,2830000,7,6,5,Centro
27,1090000,10,3,6,Derecha
28,1620000,4,5,8,Izquierda
43,590000,5,6,3,Centro
31,4720000,6,6,5,Centro
38,1070000,5,7,5,Centro
57,1070000,7,7,4,Izquierda
27,640000,6,7,8,Centro
51,850000,5,6,6,Centro
53,1620000,4,6,5,Centro
30,2530000,3,7,4,Centro
43,710000,5,8,7,Centro
53,480000,6,6,2,Centro
45,1020000,4,8,6,Izquierda
64,1830000,4,4,4,Centro
29,1240000,4,5,4,Centro
39,1890000,8,7,7,Centro
34,640000,7,3,4,Centro
44,970000,8,6,5,Derecha
47,1140000,7,3,5,Derecha
45,1530000,6,6,6,Centro
42,2000000,5,4,4,Centro
54,1130000,3,8,9,Izquierda
50,790000,4,4,2,Centro
33,1390000,7,4,8,Derecha
61,580000,5,3,6,Derecha
36,1950000,7,3,7,Derecha
56,5500000,7,1,7,Derecha
27,1000000,7,2,7,Derecha
26,1100000,3,5,3,Centro
39,1370000,7,4,5,Derecha
18,1420000,8,5,3,Centro
44,530000,1,9,1,Izquierda
55,3200000,8,3,4,Derecha
48,4120000,7,4,5,Centro
51,4860000,5,7,6,Centro
60,810000,5,5,2,Centro
53,2990000,4,7,5,Centro
23,660000,4,5,4,Izquierda
58,820000,8,5,4,Centro
33,1770000,4,6,8,Centro
57,1980000,7,3,8,Derecha
49,610000,3,6,6,Izquierda
38,1370000,6,6,9,Derecha
58,1310000,7,8,8,Derecha
43,600000,4,7,1,Izquierda
46,890000,6,7,2,Izquierda
36,900000,5,4,9,Derecha
67,1120000,8,3,4,Derecha
26,3690000,5,6,7,Centro
32,2280000,5,8,6,Centro
57,2430000,5,4,3,Centro
18,1660000,7,5,7,Derecha
35,650000,6,7,7,Izquierda
44,590000,5,8,3,Centro
31,1980000,5,5,4,Centro
36,1410000,7,2,5,Derecha
48,770000,5,4,3,Centro
31,590000,3,4,8,Centro
18,2330000,6,6,8,Derecha
32,510000,7,8,9,Izquierda
41,580000,5,4,5,Izquierda
54,2220000,3,5,5,Centro
27,1040000,6,5,10,Derecha
29,750000,8,2,5,Centro
60,1390000,5,8,10,Centro
51,1950000,2,6,3,Centro
62,910000,6,5,7,Derecha
63,1050000,4,4,4,Centro
38,690000,6,3,7,Centro
45,1020000,6,8,7,Derecha
56,1000000,6,3,6,Derecha
35,460000,3,8,1,Izquierda
20,1120000,7,5,6,Derecha
65,1270000,8,5,7,Centro
52,3350000,8,3,5,Derecha
22,1030000,6,5,7,Centro
53,630000,2,6,3,Centro
42,1290000,4,7,4,Izquierda
42,2380000,5,5,4,Centro
54,850000,4,3,4,Centro
35,430000,6,6,6,Izquierda
39,2060000,4,5,5,Izquierda
56,640000,8,5,7,Centro
26,4220000,5,7,1,Centro
77,2710000,5,9,5,Centro
60,1760000,5,7,3,Izquierda
42,2140000,4,5,8,Centro
64,2540000,9,2,6,Derecha
24,2120000,6,5,3,Centro
18,620000,8,4,3,Derecha
52,730000,7,5,5,Centro
65,620000,5,7,6,Izquierda
29,2360000,5,8,4,Izquierda
47,2330000,1,8,8,Izquierda
47,670000,4,7,6,Izquierda
30,1290000,7,6,6,Centro
33,1020000,7,6,7,Centro
48,1840000,8,5,6,Derecha
62,710000,6,4,7,Derecha
41,3440000,6,4,5,Derecha
61,390000,6,6,6,Izquierda
43,1330000,7,4,6,Derecha
48,1750000,2,8,5,Izquierda
63,3060000,5,4,7,Centro
19,640000,4,5,8,Izquierda
27,1520000,8,4,4,Derecha
43,1050000,6,5,4,Centro
65,830000,8,5,7,Derecha
53,800000,4,7,4,Izquierda
42,730000,7,5,6,Derecha
35,1290000,5,5,3,Izquierda
44,1000000,7,4,4,Derecha
51,920000,6,7,6,Centro
30,370000,6,6,7,Centro
56,1880000,3,8,6,Izquierda
45,1380000,4,4,7,Centro
57,470000,6,4,9,Derecha
32,750000,3,6,6,Centro
28,2330000,3,6,4,Izquierda
52,2350000,4,6,5,Centro
21,370000,5,5,8,Derecha
41,2490000,5,4,6,Derecha
26,3650000,1,9,2,Izquierda
45,2360000,4,7,5,Izquierda
33,1260000,4,8,4,Izquierda
40,590000,5,9,8,Centro
42,1570000,5,7,3,Centro
18,650000,5,5,7,Centro
40,2050000,5,2,4,Derecha
46,1100000,5,6,2,Centro
53,4220000,2,8,5,Izquierda
32,1300000,3,6,6,Izquierda
52,1280000,8,4,7,Derecha
42,510000,3,7,6,Izquierda
31,1290000,6,5,5,Centro
29,930000,5,6,5,Izquierda
37,1590000,5,7,6,Centro
28,860000,6,8,5,Centro
60,690000,7,3,4,Derecha
54,530000,5,4,7,Centro
72,490000,6,6,1,Centro
45,830000,9,5,7,Derecha
35,1000000,2,7,3,Izquierda
45,2120000,10,4,8,Derecha
30,740000,5,5,8,Centro
38,2070000,10,3,6,Derecha
53,520000,4,6,3,Izquierda
36,700000,6,5,7,Centro
32,1680000,7,3,6,Derecha
48,630000,5,3,3,Centro
18,1270000,4,6,5,Izquierda
53,700000,6,2,5,Centro
18,2500000,5,5,2,Izquierda
56,2270000,5,8,4,Izquierda
35,670000,6,6,4,Izquierda
49,1500000,4,7,5,Izquierda
51,410000,4,7,3,Izquierda
58,550000,4,5,4,Izquierda
58,1410000,6,5,4,Izquierda
26,910000,1,8,4,Izquierda
24,2410000,6,8,4,Izquierda
44,960000,6,1,9,Derecha
40,3750000,5,2,3,Derecha
59,4920000,5,5,5,Derecha
47,870000,5,3,5,Centro
62,450000,6,6,5,Izquierda
21,820000,4,4,8,Centro
46,630000,7,3,7,Derecha
85,1100000,10,1,5,Derecha
26,350000,6,6,8,Centro
62,350000,6,6,6,Izquierda
18,1370000,6,5,5,Derecha
36,490000,8,5,5,Centro
76,1250000,5,6,5,Centro
22,750000,5,3,5,Derecha
47,350000,7,4,4,Centro
48,590000,9,1,8,Derecha
32,3280000,7,5,7,Centro
36,2470000,7,1,8,Derecha
18,950000,8,5,8,Centro
38,630000,6,6,7,Centro
46,350000,4,6,5,Izquierda
46,1500000,4,8,3,Centro
57,890000,5,6,7,Izquierda
41,1150000,5,8,6,Centro
72,1530000,4,3,5,Derecha
35,500000,10,7,8,Derecha
56,1670000,3,6,2,Centro
54,1170000,4,10,6,Izquierda
49,710000,7,7,5,Centro
39,840000,4,7,3,Izquierda
52,1300000,6,4,4,Centro
61,1410000,3,6,4,Centro
46,700000,2,7,4,Izquierda
53,2290000,8,4,6,Derecha
27,740000,5,6,8,Derecha
61,1320000,10,2,5,Derecha
19,3020000,5,10,7,Izquierda
59,1940000,7,7,7,Derecha
50,2360000,3,4,7,Centro
73,1470000,5,4,5,Izquierda
35,1620000,5,7,9,Centro
44,410000,7,3,7,Derecha
34,2740000,5,7,4,Izquierda
38,1150000,5,8,3,Izquierda
64,720000,10,3,5,Derecha
50,1360000,4,4,5,Centro
26,760000,6,4,9,Centro
73,1350000,5,6,1,Centro
29,3380000,7,6,6,Derecha
38,850000,7,7,5,Derecha
63,2390000,6,3,5,Derecha
58,4360000,5,4,4,Centro
42,3500000,5,6,5,Derecha
24,1990000,6,8,6,Centro
48,820000,5,7,6,Derecha
34,850000,4,7,6,Izquierda
68,2580000,4,5,3,Centro
54,5500000,6,4,3,Derecha
38,1290000,5,8,6,Centro
52,660000,5,4,8,Derecha
48,1010000,7,4,6,Derecha
24,1440000,6,6,4,Izquierda
46,2540000,7,2,10,Derecha
28,1180000,4,10,2,Izquierda
48,870000,1,9,4,Izquierda
32,400000,6,6,4,Izquierda
74,2410000,8,2,5,Derecha
34,1430000,6,4,8,Derecha
46,1480000,5,4,3,Centro
18,1510000,7,7,8,Izquierda
43,1480000,5,6,6,Derecha
21,930000,5,7,6,Centro
46,1550000,1,5,6,Izquierda
55,570000,4,6,4,Izquierda
45,730000,8,4,7,Derecha
43,850000,3,3,5,Izquierda
51,1300000,4,7,4,Izquierda
18,3070000,6,4,6,Centro
34,1910000,9,3,7,Derecha
43,830000,8,4,6,Derecha
43,1070000,5,6,6,Derecha
59,920000,7,6,8,Centro
48,1170000,9,3,4,Derecha
33,870000,6,5,8,Centro
18,2410000,8,3,5,Derecha
40,1820000,5,2,5,Derecha
23,850000,5,6,2,Centro
67,1970000,8,2,6,Derecha
39,3630000,6,4,6,Derecha
25,650000,7,6,8,Derecha
43,1730000,5,4,8,Derecha
39,640000,3,5,10,Centro
59,2300000,5,4,4,Derecha
18,970000,8,4,6,Centro
50,950000,5,6,6,Centro
47,2530000,5,6,5,Centro
41,1370000,9,6,5,Derecha
42,1590000,7,4,5,Centro
35,4290000,5,5,5,Centro
39,490000,5,7,5,Centro
66,1140000,4,4,3,Centro
34,1440000,10,4,6,Derecha
32,730000,7,6,4,Centro
21,970000,5,4,9,Centro
53,4280000,8,3,8,Derecha
43,1030000,4,8,3,Izquierda
25,400000,6,5,5,Centro
18,390000,4,7,8,Izquierda
48,1060000,4,6,7,Izquierda
59,2030000,8,2,5,Derecha
48,780000,5,3,5,Centro
24,990000,7,5,7,Centro
55,610000,4,9,6,Izquierda
41,3760000,6,6,5,Centro
39,1330000,5,5,7,Derecha
60,1080000,5,6,6,Derecha
31,1930000,6,7,4,Izquierda
44,450000,8,6,8,Derecha
61,2080000,3,6,5,Izquierda
35,1050000,6,3,4,Centro
63,400000,6,5,6,Derecha
33,2100000,4,8,7,Izquierda
43,910000,6,2,8,Derecha
54,1560000,3,5,3,Izquierda
29,1540000,3,7,1,Izquierda
57,1320000,4,7,3,Izquierda
58,350000,5,6,4,Centro
49,1910000,8,2,5,Derecha
34,940000,3,6,5,Centro
49,1190000,5,5,5,Centro
36,1560000,7,10,3,Izquierda
70,1210000,7,4,7,Derecha
54,1900000,1,9,1,Izquierda
50,2090000,6,7,6,Izquierda
43,1910000,7,4,8,Derecha
45,1870000,6,6,4,Centro
35,1440000,9,1,6,Derecha
55,1490000,8,4,4,Derecha
33,2060000,6,6,6,Centro
65,820000,4,8,9,Centro
40,1560000,8,6,9,Derecha
31,930000,8,7,5,Izquierda
51,1170000,7,6,5,Centro
35,1240000,4,3,7,Derecha
33,850000,9,4,2,Derecha
18,2190000,5,2,7,Centro
25,3250000,5,5,7,Centro
58,1180000,4,7,8,Izquierda
48,620000,4,6,4,Centro
60,1250000,4,7,4,Izquierda
43,990000,6,6,4,Izquierda
33,820000,5,6,6,Centro
18,1420000,5,7,4,Izquierda
63,570000,5,4,4,Centro
31,2400000,7,6,4,Izquierda
41,640000,6,3,6,Centro
24,1040000,1,9,5,Izquierda
48,790000,6,5,10,Derecha
41,700000,7,7,1,Izquierda
37,720000,7,4,5,Centro
40,350000,8,4,7,Derecha
31,1980000,7,4,4,Izquierda
31,890000,2,7,5,Izquierda
70,1490000,4,4,3,Centro
29,860000,5,8,8,Izquierda
47,1050000,3,9,3,Izquierda
57,1690000,6,5,1,Centro
48,1080000,6,4,5,Centro
58,350000,8,3,9,Derecha
45,1810000,7,5,8,Centro
25,1640000,7,6,5,Derecha
59,380000,7,5,5,Centro
40,970000,7,6,5,Derecha
54,1000000,6,7,5,Centro
61,1170000,7,6,2,Centro
69,710000,1,9,5,Izquierda
44,3010000,5,6,9,Centro
37,1980000,9,4,6,Derecha
49,4050000,4,6,1,Izquierda
42,1850000,8,4,7,Derecha
31,1890000,4,10,5,Izquierda
28,1920000,6,5,5,Derecha
67,780000,7,3,7,Centro
40,790000,10,2,7,Derecha
18,1450000,7,7,8,Izquierda
51,1250000,6,7,8,Centro
31,940000,4,9,5,Izquierda
55,710000,2,6,7,Centro
62,550000,7,6,8,Derecha
62,660000,2,7,3,Izquierda
31,3000000,6,5,6,Centro
32,1100000,4,5,6,Centro
36,990000,8,4,4,Izquierda
72,1200000,8,2,5,Derecha
44,570000,6,4,5,Centro
40,880000,2,7,4,Izquierda
76,850000,8,5,6,Centro
46,620000,6,7,4,Derecha
42,2190000,7,4,5,Derecha
49,990000,5,7,3,Izquierda
55,520000,5,6,6,Izquierda
23,570000,4,5,4,Centro
52,1130000,4,2,5,Derecha
27,970000,6,3,7,Derecha
37,1080000,7,6,5,Izquierda
44,1280000,7,4,3,Derecha
37,810000,4,4,7,Centro
45,1050000,7,9,8,Centro
18,1920000,5,6,3,Izquierda
25,3350000,10,2,7,Derecha
34,500000,5,6,5,Izquierda
44,700000,6,4,4,Derecha
45,810000,4,8,6,Izquierda
31,2730000,8,2,4,Derecha
18,1480000,3,9,7,Izquierda
53,1370000,7,2,8,Derecha
46,990000,4,9,4,Izquierda
58,720000,5,7,3,Centro
53,660000,3,5,4,Centro
26,1900000,9,5,8,Derecha
26,1490000,4,9,3,Izquierda
25,570000,5,8,5,Izquierda
35,390000,7,3,7,Derecha
40,2130000,8,7,6,Centro
32,1500000,6,6,5,Centro
18,2590000,4,8,2,Izquierda
35,930000,3,7,3,Izquierda
55,1110000,7,6,7,Derecha
56,1120000,6,7,7,Centro
33,780000,8,6,6,Derecha
19,1650000,5,7,5,Centro
36,750000,1,8,7,Izquierda
18,1410000,7,3,5,Derecha
51,1830000,2,8,4,Izquierda
50,500000,8,6,6,Derecha
37,1810000,8,7,7,Centro
18,660000,6,8,5,Izquierda
59,810000,7,6,4,Centro
62,1730000,5,7,4,Izquierda
39,2920000,6,4,1,Izquierda
48,390000,3,8,7,Izquierda
32,910000,3,4,8,Centro
30,570000,7,5,6,Centro
55,960000,5,6,6,Centro
36,620000,3,8,8,Izquierda
70,1190000,2,7,3,Izquierda
67,1680000,3,8,9,Centro
50,860000,7,5,4,Derecha
41,1310000,7,4,6,Derecha
57,780000,6,4,9,Derecha
50,1850000,5,8,4,Centro
67,530000,3,5,5,Centro
55,1090000,3,8,6,Centro
45,470000,7,3,7,Derecha
63,480000,6,5,4,Centro
61,740000,6,5,7,Centro
58,810000,7,7,7,Centro
27,1010000,8,2,8,Derecha
50,1480000,5,5,6,Centro
22,1750000,4,4,3,Izquierda
24,2390000,4,8,9,Izquierda
45,5500000,3,6,8,Centro
37,930000,3,7,3,Izquierda
24,1710000,4,9,5,Izquierda
72,1690000,3,3,4,Centro
52,860000,5,7,8,Izquierda
38,900000,7,6,4,Centro
37,3190000,3,8,4,Izquierda
69,2310000,3,7,6,Izquierda
57,700000,8,7,7,Derecha
59,2800000,8,4,7,Derecha
40,1080000,3,4,6,Izquierda
45,1950000,8,8,7,Derecha
53,2470000,5,7,5,Izquierda
53,1960000,7,8,4,Izquierda
54,390000,6,10,8,Centro
35,760000,4,7,5,Izquierda
52,1050000,4,7,3,Centro
29,620000,5,9,3,Izquierda
39,1520000,6,9,7,Izquierda
42,1600000,10,4,10,Derecha
26,830000,7,4,8,Derecha
43,920000,8,4,7,Centro
27,680000,5,5,8,Centro
50,970000,6,4,4,Derecha
60,1040000,3,6,5,Centro
34,480000,4,6,5,Izquierda
37,980000,1,9,8,Izquierda
18,750000,8,3,3,Derecha
42,1940000,6,4,6,Derecha
37,1230000,5,6,6,Centro
19,1220000,8,4,5,Centro
38,750000,4,6,5,Izquierda
67,1150000,3,4,4,Centro
29,1680000,6,5,5,Centro
47,1500000,4,5,3,Izquierda
64,1810000,7,7,7,Derecha
54,2020000,5,6,6,Izquierda
42,640000,7,3,5,Derecha
64,3260000,4,9,7,Izquierda
29,520000,3,9,5,Izquierda
38,3570000,6,5,6,Centro
39,3330000,7,9,5,Izquierda
43,1700000,6,3,6,Derecha
32,500000,4,3,6,Centro
18,780000,8,7,8,Centro
56,2060000,8,3,6,Centro
27,650000,5,4,4,Centro
44,2500000,6,8,2,Izquierda
73,670000,4,6,5,Centro
41,900000,5,8,5,Izquierda
44,990000,8,5,7,Derecha
21,2310000,5,5,5,Izquierda
34,1700000,4,7,3,Izquierda
35,800000,5,6,5,Derecha
34,350000,5,4,6,Izquierda
54,1290000,8,6,7,Centro
45,760000,3,8,1,Izquierda
47,880000,5,5,6,Centro
68,1100000,7,5,4,Izquierda
47,880000,6,10,2,Izquierda
41,1090000,7,5,5,Derecha
19,410000,4,8,4,Izquierda
43,470000,1,8,4,Izquierda
31,940000,5,6,7,Centro
53,4590000,7,4,5,Centro
46,1440000,4,7,4,Izquierda
42,1140000,4,8,3,Izquierda
67,2900000,5,4,8,Derecha
44,1280000,3,5,3,Centro
50,1250000,7,6,6,Derecha
43,760000,7,5,4,Centro
34,2020000,5,7,7,Izquierda
54,1250000,3,6,5,Centro
47,1140000,4,6,8,Centro
44,490000,7,7,5,Izquierda
47,1070000,6,10,8,Izquierda
53,1320000,5,4,7,Derecha
38,830000,4,8,4,Izquierda
27,350000,6,4,3,Centro
53,1780000,6,5,3,Centro
31,690000,5,5,6,Centro
49,1890000,4,8,8,Izquierda
46,350000,5,4,5,Centro
41,460000,8,4,4,Derecha
49,660000,6,7,6,Derecha
48,2750000,5,4,8,Centro
49,1860000,8,5,7,Centro
32,2540000,7,4,1,Centro
28,1440000,2,10,3,Izquierda
31,1120000,7,4,7,Derecha
48,2190000,4,8,3,Izquierda
30,3410000,8,4,5,Derecha
41,1680000,10,4,3,Centro
69,650000,4,6,6,Izquierda
52,670000,5,6,7,Centro
20,1530000,2,9,3,Izquierda
34,1100000,9,3,7,Derecha
41,510000,5,5,6,Centro
60,1200000,3,7,3,Izquierda
80,670000,5,4,9,Centro
36,1360000,4,6,10,Centro
39,2370000,7,4,8,Derecha
43,750000,5,3,10,Derecha
49,590000,10,3,6,Derecha
35,1290000,4,5,3,Izquierda
71,1550000,4,8,2,Centro
54,750000,2,10,5,Izquierda
56,830000,7,6,9,Derecha
50,1320000,5,3,9,Derecha
18,880000,4,5,7,Izquierda
55,970000,7,5,3,Centro
35,470000,5,6,5,Centro
83,5500000,6,6,8,Derecha
49,3020000,9,4,6,Derecha
40,570000,5,10,5,Izquierda
41,2010000,2,8,5,Izquierda
64,1190000,8,5,6,Derecha
43,2270000,5,8,9,Centro
45,1110000,7,7,6,Centro
54,1160000,4,5,6,Centro
61,3110000,6,5,10,Derecha
54,680000,5,4,4,Centro
45,1160000,7,7,7,Derecha
18,2720000,6,6,6,Centro
30,790000,5,6,6,Centro
70,1880000,4,5,5,Izquierda
33,530000,2,7,2,Izquierda
41,1790000,6,6,6,Derecha
35,1970000,4,6,2,Izquierda
49,770000,2,7,3,Izquierda
66,1570000,7,5,6,Derecha
60,750000,5,6,4,Izquierda
72,1560000,7,4,8,Derecha
41,350000,5,5,4,Centro
18,1180000,6,3,5,Centro
32,2530000,9,3,1,Centro
37,580000,5,5,3,Centro
48,1520000,4,6,2,Izquierda
56,350000,7,4,4,Centro
25,490000,6,6,4,Derecha
59,470000,7,4,8,Derecha
61,1190000,7,4,3,Derecha
35,520000,6,5,5,Centro
18,2620000,5,8,9,Centro
53,1290000,5,8,6,Izquierda
51,550000,4,4,5,Derecha
19,1330000,5,7,5,Izquierda
42,710000,8,5,7,Derecha
41,2880000,3,5,4,Izquierda
44,490000,6,6,3,Izquierda
52,670000,4,7,6,Izquierda
56,430000,4,6,5,Centro
35,350000,4,6,5,Izquierda
38,1390000,2,5,3,Izquierda
23,780000,6,3,7,Centro
45,1010000,4,9,4,Izquierda
62,1400000,3,8,7,Izquierda
31,1720000,7,7,6,Centro
68,840000,3,8,6,Centro
63,2120000,1,7,6,Izquierda
26,1040000,5,5,4,Izquierda
30,2640000,7,7,5,Centro
36,830000,1,10,3,Izquierda
25,740000,6,4,6,Centro
45,350000,7,10,4,Izquierda
47,2210000,4,7,7,Izquierda
52,890000,5,7,6,Izquierda
32,590000,5,5,5,Izquierda
28,790000,4,5,7,Izquierda
51,530000,6,5,7,Centro
18,1150000,5,7,5,Izquierda
40,1360000,5,6,8,Centro
52,1630000,6,8,5,Centro
37,1950000,7,3,5,Derecha
49,590000,3,8,2,Izquierda
39,500000,5,4,5,Derecha
72,1710000,1,10,3,Izquierda
18,430000,6,4,4,Centro
38,780000,4,7,10,Izquierda
24,2600000,5,6,4,Izquierda
32,830000,4,8,4,Izquierda
34,640000,5,7,4,Centro
54,1300000,3,7,3,Izquierda
49,520000,3,7,3,Centro
18,860000,6,4,3,Derecha
37,420000,8,5,9,Derecha
35,2170000,4,10,10,Izquierda
72,1490000,7,3,5,Derecha
36,2090000,6,4,5,Derecha
54,920000,7,3,5,Derecha
30,1190000,4,6,8,Centro
33,950000,6,3,6,Derecha
48,700000,4,7,3,Izquierda
52,2030000,5,6,5,Centro
59,1350000,3,5,7,Centro
39,1780000,5,5,4,Izquierda
46,620000,8,3,7,Derecha
45,510000,9,2,6,Derecha
34,1360000,8,3,3,Derecha
24,1440000,3,5,3,Centro
29,1610000,7,7,3,Derecha
35,1760000,5,4,3,Derecha
54,2000000,2,7,5,Izquierda
18,1400000,2,7,5,Izquierda
23,770000,7,5,6,Derecha
43,1030000,5,5,8,Centro
40,5500000,6,4,7,Derecha
31,1170000,7,7,5,Centro
51,380000,5,7,6,Izquierda
63,680000,10,6,9,Derecha
31,900000,5,6,4,Centro
67,640000,6,5,4,Centro
32,1540000,8,6,5,Centro
39,4060000,8,3,8,Derecha
49,930000,6,5,6,Derecha
35,1840000,5,6,8,Centro
50,3360000,6,5,6,Centro
69,2340000,3,8,5,Izquierda
60,840000,4,5,6,Centro
28,5330000,7,1,6,Derecha
18,1820000,6,8,1,Izquierda
57,1330000,6,6,8,Derecha
37,1020000,6,6,5,Izquierda
54,1160000,7,5,4,Centro
50,790000,7,7,8,Derecha
58,3510000,1,10,5,Izquierda
35,800000,4,6,6,Centro
46,1390000,6,2,6,Derecha
39,1110000,6,5,8,Izquierda
43,3370000,6,5,1,Izquierda
39,1350000,6,4,5,Derecha
70,1160000,3,5,5,Centro
28,1240000,6,8,7,Izquierda
42,770000,6,7,5,Centro
36,1510000,5,8,6,Izquierda
53,2170000,4,7,1,Izquierda
35,710000,5,8,9,Centro
71,1760000,6,6,4,Centro
30,1990000,5,3,6,Derecha
54,1270000,4,6,5,Izquierda
74,680000,4,8,5,Izquierda
68,950000,6,3,2,Derecha
27,930000,8,7,4,Centro
53,950000,6,7,2,Izquierda
31,2090000,6,4,5,Centro
54,590000,6,5,6,Centro
40,1450000,4,4,5,Centro
18,1640000,3,9,2,Centro
46,1060000,5,5,5,Centro
35,1550000,3,10,4,Izquierda
71,1620000,6,1,3,Derecha
38,2850000,4,8,5,Centro
18,1000000,4,5,6,Centro
26,690000,4,10,6,Izquierda
57,2470000,5,5,4,Derecha
37,620000,8,4,6,Derecha
26,660000,7,5,4,Centro
33,3700000,5,5,7,Derecha
33,420000,8,6,4,Izquierda
50,350000,5,4,8,Centro
42,400000,5,6,2,Derecha
59,610000,7,5,8,Derecha
65,790000,4,7,6,Izquierda
47,1320000,6,6,5,Izquierda
76,350000,10,1,10,Derecha
53,580000,3,6,8,Izquierda
18,720000,6,6,6,Derecha
49,680000,6,6,7,Derecha
59,2740000,1,9,4,Izquierda
59,810000,2,8,6,Izquierda
54,1100000,5,8,7,Centro
21,1980000,7,5,3,Derecha
72,1140000,6,4,8,Derecha
41,1300000,4,6,6,Centro
34,1270000,6,5,10,Derecha
18,3000000,7,6,7,Centro
77,630000,4,6,6,Centro
43,460000,3,2,5,Centro
37,640000,3,3,4,Izquierda
41,1150000,5,5,7,Izquierda
23,500000,6,6,5,Centro
25,1270000,4,7,4,Izquierda
25,2880000,5,6,6,Izquierda
63,1360000,6,2,8,Derecha
29,1260000,10,1,8,Derecha
53,1330000,7,3,7,Derecha
37,710000,7,9,5,Izquierda
37,570000,3,3,7,Izquierda
47,470000,4,9,8,Izquierda
52,670000,6,5,5,Centro
36,1420000,3,6,4,Izquierda
28,2160000,4,7,4,Centro
44,1810000,6,5,5,Derecha
73,1770000,6,5,4,Centro
65,630000,4,4,2,Derecha
46,4460000,9,4,7,Derecha
28,1810000,1,10,5,Izquierda
29,1160000,5,6,6,Centro
47,5500000,6,6,5,Centro
62,940000,8,2,6,Derecha
61,550000,9,5,3,Centro
25,840000,5,4,8,Derecha
36,900000,7,6,6,Derecha
18,940000,3,10,2,Izquierda
60,1010000,8,4,8,Derecha
50,1790000,3,6,6,Izquierda
38,640000,6,10,8,Centro
58,1580000,4,7,3,Izquierda
25,490000,6,7,3,Centro
42,1020000,6,6,4,Centro
52,960000,8,3,7,Derecha
80,1640000,6,6,3,Izquierda
38,350000,4,7,5,Izquierda
34,2290000,9,6,4,Centro
47,1260000,7,4,8,Derecha
60,690000,7,7,4,Centro
37,1090000,3,5,7,Centro
41,950000,5,3,5,Centro
35,1420000,5,5,4,Centro
50,1180000,4,5,1,Izquierda
54,3230000,6,5,7,Derecha
41,1050000,3,8,5,Izquierda
18,1200000,5,4,2,Izquierda
19,1820000,10,2,9,Derecha
35,750000,4,5,6,Centro
32,1000000,5,3,3,Centro
48,780000,2,9,1,Izquierda
51,410000,5,7,7,Izquierda
31,1540000,5,6,3,Izquierda
39,3510000,6,5,7,Centro
40,1000000,5,6,4,Centro
18,2620000,1,7,3,Izquierda
62,960000,8,5,6,Derecha
61,2610000,7,7,7,Centro
31,1130000,6,5,9,Derecha
72,2400000,5,4,4,Centro
42,1670000,7,2,5,Derecha
37,1780000,8,6,8,Derecha
73,2850000,3,9,6,Izquierda
68,680000,3,4,5,Derecha
37,750000,4,7,2,Centro
33,880000,5,5,8,Derecha
65,1500000,8,3,5,Derecha
32,850000,7,5,3,Centro
64,1220000,2,4,5,Centro
50,910000,6,6,8,Centro
29,780000,7,6,6,Centro
32,1060000,4,8,5,Izquierda
34,1490000,5,5,5,Izquierda
29,570000,4,7,4,Izquierda
18,1360000,10,2,6,Derecha
66,1280000,2,6,5,Izquierda
36,3330000,6,9,4,Izquierda
74,3960000,5,2,5,Derecha
39,1380000,7,7,9,Derecha
46,1980000,4,4,2,Centro
38,420000,4,8,2,Izquierda
48,940000,9,3,7,Derecha
70,350000,5,5,5,Derecha
47,810000,4,6,5,Centro
37,980000,7,5,6,Derecha
52,2170000,7,8,4,Izquierda
62,1680000,4,4,6,Centro
69,410000,6,4,4,Derecha
42,2740000,8,5,6,Derecha
48,540000,4,7,4,Izquierda
33,350000,6,4,8,Derecha
55,2280000,4,3,5,Derecha
41,1890000,6,7,2,Izquierda
26,740000,7,9,8,Izquierda
62,750000,8,6,5,Centro
53,1970000,3,8,7,Centro
18,1010000,5,4,7,Izquierda
56,3020000,6,1,6,Derecha
40,930000,3,6,3,Izquierda
33,840000,4,4,4,Derecha
61,950000,7,5,5,Centro
57,2720000,5,8,3,Izquierda
36,2620000,4,3,5,Derecha
31,2460000,5,2,4,Derecha
62,880000,3,4,4,Izquierda
49,2430000,7,5,5,Centro
35,2350000,7,6,10,Centro
53,990000,5,6,4,Izquierda
78,5500000,6,9,7,Centro
39,980000,7,4,5,Centro
45,1230000,6,7,8,Centro
35,830000,7,5,5,Centro
57,790000,8,4,7,Derecha
55,510000,3,6,4,Centro
24,990000,4,5,6,Centro
72,890000,5,4,7,Derecha
59,2220000,3,7,2,Izquierda
23,700000,2,7,3,Izquierda
66,870000,4,5,6,Centro
34,1120000,4,2,6,Derecha
60,2220000,2,5,6,Centro
41,950000,7,4,9,Derecha
43,1200000,2,5,9,Izquierda
50,580000,2,8,1,Izquierda
50,1240000,7,6,3,Izquierda
61,530000,5,2,6,Derecha
51,680000,6,3,7,Derecha
40,1480000,6,7,1,Izquierda
28,1330000,9,3,3,Derecha
60,610000,6,3,6,Derecha
61,1420000,2,10,2,Izquierda
45,2200000,8,6,9,Centro
49,1170000,9,5,6,Derecha
52,580000,9,7,7,Derecha
44,4470000,3,6,4,Izquierda
43,1010000,7,3,4,Centro
49,740000,5,6,4,Centro
36,2240000,9,4,7,Derecha
20,630000,6,4,2,Centro
48,960000,6,5,5,Derecha
33,2920000,4,10,4,Izquierda
46,970000,4,3,7,Derecha
51,600000,5,5,6,Izquierda
39,2180000,6,5,8,Centro
37,2350000,9,6,7,Centro
20,820000,5,10,4,Izquierda
24,780000,6,5,3,Izquierda
44,3220000,4,9,5,Izquierda
29,570000,6,7,5,Derecha
56,2130000,6,6,4,Centro
27,980000,4,7,4,Izquierda
18,1410000,4,5,7,Izquierda
28,1710000,5,6,3,Centro
24,770000,7,5,3,Centro
59,830000,5,1,9,Derecha
29,1630000,5,9,7,Izquierda
60,2920000,3,6,7,Centro
49,830000,7,2,6,Derecha
20,400000,5,6,9,Derecha
48,640000,7,6,4,Izquierda
48,1090000,10,4,10,Derecha
40,1460000,5,2,4,Derecha
31,1120000,4,7,6,Izquierda
28,800000,10,1,2,Derecha
44,850000,6,6,5,Centro
25,1620000,7,6,6,Derecha
42,350000,10,7,9,Derecha
43,1610000,5,4,2,Derecha
18,2530000,10,4,4,Derecha
40,1310000,7,4,5,Derecha
59,1320000,6,5,8,Izquierda
42,950000,5,7,8,Izquierda
44,1190000,3,8,4,Izquierda
60,600000,7,4,5,Centro
52,1390000,5,6,6,Centro
35,1130000,6,8,2,Izquierda
30,430000,4,7,2,Izquierda
54,930000,10,2,5,Derecha
29,1070000,8,3,10,Derecha
47,580000,4,6,6,Centro
41,520000,8,7,9,Centro
52,860000,6,5,4,Centro
59,1700000,5,4,4,Derecha
40,1060000,7,6,7,Derecha
44,1190000,6,7,5,Centro
43,1800000,2,8,1,Izquierda
52,690000,6,6,4,Izquierda
33,870000,8,6,7,Centro
59,2670000,7,2,8,Derecha
35,790000,2,6,3,Izquierda
48,1180000,6,7,7,Centro
47,1700000,2,5,6,Centro
35,1010000,6,8,5,Izquierda
56,1010000,4,6,5,Centro
56,1160000,3,6,10,Centro
52,360000,3,6,8,Centro
38,1250000,1,10,4,Izquierda
35,2210000,4,5,2,Centro
35,1290000,3,6,3,Izquierda
23,1570000,6,4,4,Centro
34,650000,7,4,6,Centro
51,2030000,6,4,6,Derecha
37,3260000,8,5,6,Derecha
54,4390000,3,6,6,Izquierda
31,590000,9,5,5,Derecha
34,620000,6,3,4,Centro
70,2720000,2,7,6,Izquierda
61,770000,5,7,6,Centro
40,990000,7,5,7,Centro
39,830000,4,6,5,Izquierda
35,1840000,9,2,10,Derecha
43,350000,6,8,5,Izquierda
72,1490000,5,9,8,Centro
38,5500000,3,6,5,Izquierda
36,1420000,5,7,5,Centro
33,670000,6,3,3,Centro
18,1920000,7,3,3,Derecha
56,3290000,6,6,5,Izquierda
64,2400000,1,10,2,Izquierda
43,2280000,3,8,4,Izquierda
62,400000,5,8,7,Izquierda
42,2630000,6,5,9,Derecha
36,890000,5,5,4,Izquierda
37,650000,8,5,8,Derecha
45,1560000,4,3,5,Centro
41,720000,5,5,5,Centro
30,1300000,4,7,4,Izquierda
27,410000,10,3,6,Derecha
53,690000,7,3,5,Derecha
19,920000,4,7,4,Izquierda
50,820000,4,4,3,Izquierda
45,680000,5,5,4,Izquierda
64,560000,3,8,7,Izquierda
27,1000000,5,4,5,Centro
38,470000,6,6,7,Derecha
73,630000,4,8,4,Izquierda
22,2960000,4,6,4,Izquierda
44,2190000,6,4,4,Centro
44,2570000,3,6,5,Centro
59,660000,6,7,5,Izquierda
30,670000,4,8,4,Izquierda
41,820000,7,6,5,Izquierda
57,780000,3,6,7,Izquierda
30,2310000,6,8,6,Centro
31,1180000,6,2,2,Derecha
43,1090000,6,7,8,Centro
43,1180000,7,6,5,Centro
43,1130000,7,3,9,Derecha
82,2070000,6,6,10,Centro
22,490000,7,7,7,Centro
60,680000,3,9,5,Izquierda
34,1040000,7,5,7,Centro
22,770000,4,8,1,Izquierda
38,600000,7,6,4,Izquierda
46,2170000,3,7,7,Centro
54,3980000,5,7,5,Izquierda
32,2070000,6,5,7,Derecha
44,390000,6,7,7,Centro
45,1390000,6,6,5,Centro
24,660000,7,6,5,Centro
39,1780000,3,6,5,Centro
47,490000,7,4,3,Derecha
62,500000,7,5,6,Derecha
34,1530000,7,5,4,Centro
38,1040000,2,2,3,Centro
58,1330000,2,6,6,Centro
38,870000,7,6,7,Centro
28,1030000,9,6,9,Derecha
48,600000,5,8,6,Izquierda
36,1390000,6,7,7,Centro
44,480000,2,8,6,Centro
46,1260000,5,7,6,Izquierda
28,1530000,6,5,4,Derecha
53,1710000,4,6,7,Centro
18,570000,5,3,4,Izquierda
69,3880000,2,10,5,Izquierda
75,620000,5,6,7,Centro
40,1080000,6,6,4,Derecha
60,890000,2,4,6,Centro
26,1690000,7,6,5,Derecha
51,3090000,8,3,5,Derecha
47,1110000,5,5,5,Izquierda
42,870000,7,6,10,Derecha
50,370000,3,5,2,Izquierda
55,4110000,9,4,8,Derecha
48,1240000,6,4,7,Derecha
18,1840000,3,7,2,Izquierda
55,2310000,8,6,8,Derecha
18,810000,2,6,5,Izquierda
33,590000,4,7,7,Izquierda
44,1200000,7,4,8,Derecha
65,1480000,8,5,6,Derecha
54,2010000,6,6,6,Izquierda
20,1650000,7,7,4,Derecha
47,1330000,6,7,6,Derecha
56,2230000,6,5,3,Centro
43,990000,8,6,2,Centro
59,760000,3,9,8,Izquierda
30,2240000,6,6,5,Centro
66,630000,4,9,7,Centro
35,350000,3,4,2,Centro
51,2130000,5,6,3,Centro
59,970000,5,4,6,Izquierda
56,430000,10,4,5,Derecha
26,550000,3,6,5,Derecha
38,1440000,9,1,8,Derecha
38,1180000,6,5,3,Izquierda
57,350000,5,5,5,Centro
57,850000,4,5,4,Centro
36,970000,9,4,5,Derecha
50,730000,8,6,8,Derecha
54,860000,6,5,8,Derecha
30,1030000,5,5,3,Centro
64,1150000,4,5,3,Centro
41,1030000,4,5,4,Centro
26,710000,10,4,7,Derecha
37,1530000,9,4,5,Derecha
47,420000,8,5,2,Izquierda
31,1450000,6,4,6,Centro
18,850000,4,5,6,Centro
35,2610000,4,6,4,Izquierda
45,360000,4,6,5,Centro
60,1970000,7,7,4,Centro
33,1210000,4,4,4,Izquierda
63,1340000,2,7,4,Izquierda
44,1420000,8,3,6,Derecha
77,2250000,7,6,3,Centro
27,1510000,5,4,6,Centro
54,690000,9,5,6,Centro
48,4210000,9,5,9,Derecha
36,770000,9,6,7,Centro
56,4750000,7,2,8,Derecha
47,1410000,8,4,8,Derecha
31,5160000,1,6,3,Izquierda
41,1330000,5,8,5,Izquierda
33,360000,3,5,6,Izquierda
82,2250000,4,4,4,Centro
53,650000,5,5,5,Centro
58,1570000,5,5,6,Derecha
44,1310000,6,2,7,Derecha
35,1360000,10,1,10,Derecha
67,1870000,5,4,6,Derecha
65,560000,4,4,6,Centro
39,930000,7,6,6,Centro
44,1850000,6,4,8,Derecha
58,520000,9,7,8,Derecha
45,350000,4,5,4,Centro
65,4090000,6,6,6,Centro
32,460000,5,7,8,Izquierda
20,1750000,5,5,5,Centro
57,1760000,5,5,5,Centro
76,350000,4,4,5,Derecha
64,2260000,5,5,9,Centro
27,730000,8,4,8,Derecha
34,1750000,3,4,4,Derecha
46,1790000,6,4,5,Derecha
53,2970000,5,6,7,Centro
18,570000,9,3,7,Derecha
42,2230000,3,9,5,Izquierda
43,1150000,3,6,7,Izquierda
48,770000,5,6,7,Derecha
44,1070000,1,4,5,Centro
53,740000,5,4,2,Centro
35,740000,8,3,7,Derecha
51,1290000,3,7,3,Izquierda
61,3260000,4,5,10,Derecha
67,990000,8,5,7,Derecha
65,1470000,5,8,8,Centro
39,540000,3,6,5,Centro
57,620000,6,2,6,Derecha
44,920000,3,3,5,Centro
31,450000,4,5,6,Izquierda
56,2440000,6,4,3,Centro
41,350000,4,7,8,Centro
40,1190000,5,5,6,Derecha
51,1070000,3,6,3,Centro
41,1830000,8,3,3,Derecha
47,1050000,7,7,1,Centro
47,2230000,5,8,10,Centro
57,2320000,3,8,5,Izquierda
47,690000,5,2,4,Derecha
43,380000,5,7,3,Izquierda
54,2530000,6,6,6,Derecha
34,2500000,6,3,4,Derecha
64,1280000,5,4,5,Centro
38,990000,5,7,5,Izquierda
58,2030000,6,6,10,Centro
22,1120000,5,5,6,Centro
69,1840000,2,10,3,Izquierda
33,2270000,6,6,4,Centro
54,1550000,6,4,6,Centro
41,440000,2,8,4,Izquierda
18,520000,1,7,3,Izquierda
55,1440000,4,6,8,Izquierda
43,990000,8,3,6,Derecha
41,970000,5,3,6,Izquierda
60,640000,3,6,3,Izquierda
53,750000,6,1,5,Derecha
48,3320000,4,7,4,Izquierda
37,710000,4,4,3,Centro
63,1080000,3,7,3,Izquierda
74,700000,9,6,6,Centro
58,830000,5,8,6,Izquierda
24,810000,5,8,8,Izquierda
42,1450000,2,4,1,Centro
52,440000,5,7,7,Izquierda
20,1340000,4,9,5,Izquierda
39,710000,7,5,5,Centro
74,2950000,2,9,6,Izquierda
73,1810000,5,9,6,Centro
18,1290000,4,5,6,Izquierda
54,2140000,8,4,2,Centro
34,970000,4,5,4,Izquierda
39,1600000,9,1,9,Derecha
31,1890000,8,1,3,Derecha
68,450000,5,2,9,Derecha
43,860000,6,4,7,Derecha
62,720000,5,6,6,Centro
69,1370000,6,6,7,Centro
28,970000,2,7,5,Izquierda
67,1500000,6,8,5,Izquierda
18,980000,4,4,4,Izquierda
54,1390000,6,5,7,Centro
28,430000,7,3,4,Centro
53,910000,5,4,6,Derecha
56,2700000,8,3,8,Derecha
24,1360000,5,5,7,Centro
30,4210000,4,7,5,Centro
23,1270000,3,7,5,Izquierda
46,1430000,8,5,1,Derecha
53,1730000,3,5,3,Centro
42,3620000,6,4,8,Izquierda
41,2350000,7,5,2,Centro
43,1080000,6,4,7,Centro
30,2020000,5,8,1,Izquierda
52,570000,9,4,6,Derecha
49,940000,6,7,5,Centro
62,630000,4,5,4,Centro
40,1960000,5,5,7,Centro
57,1100000,8,7,8,Izquierda
85,3040000,4,5,2,Izquierda
40,550000,1,4,6,Izquierda
42,550000,10,4,7,Derecha
46,1150000,5,7,6,Izquierda
24,830000,8,4,7,Derecha
42,3630000,7,4,6,Derecha
38,770000,6,5,5,Derecha
30,410000,5,7,6,Izquierda
35,1970000,4,7,6,Izquierda
25,1330000,2,6,7,Centro
44,350000,8,4,6,Derecha
48,1020000,7,5,7,Derecha
49,590000,5,5,6,Centro
36,1950000,9,4,4,Derecha
19,1330000,7,7,10,Derecha
40,1090000,8,4,7,Derecha
37,440000,3,4,3,Izquierda
34,430000,6,2,5,Derecha
18,940000,8,3,6,Derecha
25,1120000,6,9,6,Izquierda
24,520000,4,6,5,Izquierda
36,800000,6,7,7,Centro
53,980000,9,3,8,Derecha
29,750000,5,7,5,Izquierda
72,430000,3,10,4,Izquierda
41,1130000,6,7,5,Izquierda
69,3060000,7,3,6,Derecha
40,930000,6,6,3,Derecha
54,2000000,5,8,7,Centro
40,420000,8,3,4,Centro
57,2050000,6,7,7,Derecha
33,1720000,5,9,3,Izquierda
42,1960000,5,4,3,Derecha
61,380000,2,4,6,Izquierda
36,690000,4,3,3,Izquierda
70,630000,8,3,6,Derecha
18,1090000,6,5,1,Izquierda
50,2960000,6,6,6,Centro
52,1370000,3,8,6,Izquierda
26,1620000,2,8,7,Izquierda
41,2080000,6,6,7,Centro
53,5050000,8,3,7,Derecha
62,2680000,8,3,6,Derecha
57,1470000,4,6,3,Izquierda
59,1550000,6,1,5,Derecha
42,2260000,3,7,4,Izquierda
64,880000,5,6,3,Izquierda
27,1300000,8,8,8,Centro
40,660000,2,7,4,Izquierda
21,2450000,6,7,5,Centro
18,910000,5,2,6,Derecha
28,820000,5,5,7,Izquierda
45,500000,2,5,2,Izquierda
47,2380000,7,1,7,Derecha
63,4910000,3,8,7,Izquierda
20,2000000,9,4,8,Derecha
48,2730000,6,7,5,Centro
41,790000,4,5,9,Centro
61,2590000,4,8,6,Izquierda
29,350000,5,5,4,Derecha
29,1950000,4,3,7,Centro
23,1040000,5,6,5,Izquierda
18,890000,1,9,7,Izquierda
60,1270000,7,3,3,Izquierda
30,700000,6,4,6,Centro
54,510000,6,4,4,Derecha
29,870000,7,7,6,Centro
63,770000,5,8,9,Centro
29,690000,4,4,2,Centro
26,1190000,6,5,4,Centro
68,740000,2,5,5,Centro
63,1730000,7,3,7,Derecha
72,700000,3,9,7,Izquierda
66,1300000,7,5,2,Centro
37,700000,4,6,3,Izquierda
48,2620000,4,7,2,Izquierda
26,4050000,4,6,3,Izquierda
77,1020000,5,4,9,Derecha
18,2040000,8,3,4,Derecha
48,460000,8,1,8,Derecha
26,950000,1,10,8,Izquierda
50,1880000,3,7,1,Izquierda
18,690000,7,6,10,Centro
18,1320000,8,7,6,Centro
31,1120000,8,7,5,Centro
39,900000,3,6,6,Izquierda
47,1500000,4,9,3,Izquierda
50,1480000,8,4,6,Derecha
42,690000,7,7,8,Centro
18,370000,9,3,5,Derecha
37,1090000,5,2,5,Derecha
18,3830000,1,8,3,Izquierda
60,1490000,6,4,4,Derecha
50,670000,5,4,7,Derecha
26,1730000,7,6,6,Centro
46,1050000,7,4,6,Centro
54,1840000,7,4,6,Derecha
37,840000,7,3,9,Derecha
47,1360000,5,8,7,Centro
38,840000,5,6,6,Izquierda
64,2010000,5,3,4,Derecha
34,3250000,7,5,5,Derecha
58,1100000,8,6,9,Derecha
64,2010000,6,8,4,Centro
45,460000,6,6,8,Centro
38,2560000,5,8,2,Izquierda
47,2140000,7,7,6,Centro
41,720000,4,3,5,Izquierda
31,1750000,6,4,8,Derecha
32,980000,9,3,7,Derecha
62,1750000,4,9,4,Izquierda
35,1380000,6,3,4,Derecha
47,4460000,7,7,7,Izquierda
36,680000,5,4,3,Centro
23,900000,5,5,5,Izquierda
50,990000,5,4,4,Centro
38,350000,6,6,8,Centro
25,930000,6,5,6,Centro
18,1600000,5,7,9,Centro
24,1590000,7,5,8,Izquierda
26,940000,5,7,2,Centro
31,640000,6,7,4,Centro
36,1280000,1,10,1,Izquierda
29,710000,10,8,5,Derecha
52,2470000,6,4,4,Derecha
40,2270000,8,5,5,Centro
34,1540000,3,3,6,Izquierda
67,460000,6,8,9,Derecha
32,1650000,7,5,6,Derecha
47,690000,4,5,5,Derecha
35,1570000,4,5,3,Derecha
83,350000,3,4,7,Derecha
29,1000000,8,3,4,Derecha
50,3550000,5,7,4,Izquierda
23,1970000,5,6,3,Centro
41,970000,3,7,1,Izquierda
34,970000,7,7,3,Izquierda
55,4260000,8,5,7,Derecha
69,890000,4,6,3,Centro
42,2650000,5,6,5,Centro
61,1840000,8,4,9,Derecha
54,1110000,5,8,7,Centro
44,1620000,5,6,6,Centro
37,790000,6,6,7,Centro
36,1660000,6,6,4,Centro
41,700000,8,5,8,Derecha
18,1710000,6,5,3,Centro
61,890000,6,7,8,Derecha
63,1200000,7,3,7,Derecha
68,410000,5,7,5,Centro
38,4630000,8,7,5,Derecha
39,1550000,6,9,7,Izquierda
41,780000,5,4,1,Centro
57,1280000,3,5,6,Izquierda
51,530000,3,5,8,Izquierda
42,410000,3,6,8,Izquierda
61,970000,7,4,5,Derecha
59,1890000,6,7,9,Derecha
28,2050000,5,8,4,Centro
45,350000,8,1,9,Derecha
38,350000,7,8,5,Izquierda
55,1060000,3,6,2,Izquierda
41,1430000,10,5,6,Derecha
37,1850000,8,6,6,Centro
25,790000,7,7,6,Centro
49,590000,3,8,5,Izquierda
52,1140000,6,8,3,Centro
30,1180000,5,9,3,Derecha
41,1330000,9,3,4,Derecha
38,2520000,7,4,6,Derecha
24,770000,5,7,5,Centro
28,2170000,5,4,5,Derecha
70,440000,3,9,8,Centro
57,610000,4,4,4,Derecha
49,2380000,5,8,7,Centro
65,1770000,4,5,7,Derecha
56,4270000,4,7,5,Centro
49,3540000,5,6,7,Izquierda
50,1700000,5,7,10,Centro
26,1500000,8,4,7,Derecha
69,2750000,5,4,8,Derecha
65,410000,6,7,9,Centro
30,850000,6,9,6,Izquierda
52,2630000,6,6,6,Centro
30,3350000,4,6,7,Izquierda
38,350000,8,3,3,Derecha
28,670000,4,6,4,Izquierda
24,1130000,2,9,7,Izquierda
36,2230000,7,5,6,Centro
49,350000,5,6,5,Izquierda
43,2010000,7,5,7,Centro
52,3120000,7,3,6,Derecha
37,1770000,6,5,5,Centro
67,530000,7,10,6,Izquierda
50,1560000,10,9,8,Derecha
42,1220000,4,8,7,Izquierda
67,900000,4,5,7,Derecha
21,1960000,4,6,6,Izquierda
41,1500000,7,5,5,Derecha
51,800000,8,6,6,Centro
27,670000,9,4,10,Derecha
40,1860000,8,6,10,Derecha
49,620000,5,8,6,Izquierda
46,1110000,4,2,6,Centro
42,1550000,8,5,8,Derecha
64,2480000,5,5,4,Centro
70,2330000,4,8,4,Izquierda
42,500000,8,2,8,Derecha
59,990000,3,9,6,Izquierda
53,720000,2,9,4,Izquierda
50,710000,6,5,3,Centro
25,2740000,9,6,8,Centro
47,1700000,8,2,2,Centro
54,550000,7,4,6,Derecha
34,610000,7,8,5,Izquierda
32,970000,7,6,4,Centro
60,1580000,6,3,9,Derecha
78,990000,4,8,3,Izquierda
30,1160000,9,3,7,Derecha
28,1670000,5,3,4,Centro
51,680000,4,6,2,Izquierda
47,1690000,8,2,6,Derecha
48,550000,6,6,3,Izquierda
38,490000,6,5,7,Centro
39,1910000,8,4,9,Derecha
57,1030000,10,2,6,Derecha
60,920000,6,7,6,Centro
18,350000,6,5,8,Izquierda
34,1730000,4,2,6,Derecha
64,800000,5,5,1,Centro
59,3110000,8,8,5,Centro
36,1150000,6,6,4,Centro
27,730000,1,6,5,Izquierda
22,2520000,5,7,4,Centro
78,870000,5,6,7,Centro
37,1790000,5,5,6,Centro
24,890000,6,5,4,Centro
40,1580000,7,5,7,Centro
28,2000000,5,8,6,Centro
49,710000,6,2,6,Derecha
72,3100000,9,5,4,Centro
47,1040000,10,3,5,Derecha
18,730000,7,7,3,Derecha
67,1590000,3,9,5,Izquierda
67,550000,3,4,1,Izquierda
54,1280000,7,3,5,Derecha
38,3920000,5,9,5,Izquierda
56,830000,6,7,3,Izquierda
49,1440000,7,6,7,Centro
30,1130000,2,8,4,Izquierda
19,800000,4,7,6,Centro
20,4400000,5,10,5,Izquierda
18,440000,1,7,2,Izquierda
40,1000000,1,8,4,Izquierda
52,2400000,4,7,6,Izquierda
40,940000,5,5,3,Izquierda
64,780000,3,4,4,Centro
53,1100000,8,9,9,Centro
36,1650000,4,7,6,Izquierda
67,1140000,5,6,8,Derecha
64,960000,4,4,6,Izquierda
45,720000,2,9,5,Izquierda
70,1020000,5,9,6,Izquierda
73,1190000,5,7,6,Centro
69,1180000,4,6,6,Izquierda
43,350000,7,4,5,Izquierda
74,3490000,3,6,5,Centro
46,570000,6,5,3,Derecha
40,2090000,5,4,4,Izquierda
37,1890000,7,5,5,Centro
34,840000,5,5,2,Centro
58,1250000,5,4,5,Izquierda
51,1500000,2,7,6,Centro
62,520000,6,6,6,Centro
53,2810000,4,5,9,Izquierda
70,620000,8,4,6,Derecha
53,1040000,2,8,5,Izquierda
24,2430000,3,6,6,Izquierda
50,4180000,10,4,6,Derecha
60,710000,6,5,3,Derecha
24,640000,6,6,3,Centro
61,4420000,6,6,7,Derecha
56,1470000,2,6,4,Izquierda
50,2830000,4,6,6,Centro
69,410000,6,9,1,Izquierda
64,490000,7,7,8,Centro
54,2080000,5,5,5,Izquierda
54,860000,6,5,6,Centro
40,1760000,5,7,3,Izquierda
20,570000,2,8,4,Izquierda
30,520000,3,7,7,Centro
47,2120000,4,2,8,Centro
40,1140000,5,7,5,Centro
50,3000000,4,6,5,Centro
51,1240000,5,5,7,Centro
30,580000,9,4,5,Derecha
32,2600000,4,7,8,Izquierda
53,710000,4,6,1,Izquierda
35,1850000,4,6,7,Izquierda
39,5500000,6,6,4,Centro
45,840000,6,5,4,Centro
18,750000,4,5,6,Centro
49,1320000,7,2,7,Derecha
31,5500000,6,4,8,Derecha
53,590000,2,8,3,Izquierda
44,800000,4,6,5,Izquierda
52,370000,4,9,1,Izquierda
76,350000,4,4,5,Derecha
25,1210000,6,8,9,Derecha
21,2370000,3,5,4,Centro
28,770000,3,10,6,Izquierda
33,350000,2,7,5,Izquierda
41,3440000,10,6,6,Centro
64,2080000,9,1,8,Derecha
42,2400000,7,3,8,Derecha
48,2760000,6,2,7,Derecha
67,5500000,4,3,8,Derecha
35,600000,10,3,8,Derecha
50,1370000,4,3,2,Centro
25,990000,3,7,4,Izquierda
32,870000,7,4,8,Derecha
38,2040000,5,6,6,Centro
39,680000,2,5,4,Izquierda
65,990000,6,4,9,Centro
37,1330000,4,8,2,Izquierda
36,2760000,8,4,7,Derecha
57,680000,6,4,5,Derecha
43,1680000,7,5,4,Derecha
21,3110000,10,3,9,Derecha
48,980000,5,8,6,Centro
46,1400000,6,9,6,Izquierda
45,850000,6,2,9,Derecha
62,2340000,6,7,5,Centro
39,900000,4,6,4,Centro
58,2780000,6,6,4,Izquierda
30,760000,5,7,9,Izquierda
18,610000,4,7,3,Izquierda
44,3600000,4,8,6,Centro
30,1170000,4,6,5,Centro
18,890000,7,5,8,Derecha
21,1170000,8,3,4,Derecha
41,690000,4,6,5,Izquierda
85,720000,4,7,4,Izquierda
67,1660000,5,5,5,Derecha
57,350000,5,6,6,Centro
53,710000,5,5,6,Izquierda
57,1110000,1,10,3,Izquierda
40,960000,5,7,1,Izquierda
29,940000,6,4,7,Derecha
28,810000,6,6,7,Izquierda
31,830000,4,7,6,Izquierda
54,1330000,5,4,5,Centro
52,1100000,6,5,2,Centro
35,1180000,5,8,5,Izquierda
31,1980000,4,8,9,Izquierda
52,530000,5,6,3,Izquierda
37,1040000,9,4,5,Derecha
37,1780000,5,6,4,Izquierda
25,370000,5,5,4,Izquierda
53,1320000,8,2,6,Derecha
46,960000,7,5,6,Derecha
46,1180000,6,4,9,Derecha
23,2520000,9,4,8,Derecha
64,3560000,6,7,3,Centro
40,700000,3,4,8,Centro
41,2100000,8,7,6,Derecha
68,1020000,7,4,3,Centro
34,1740000,4,6,4,Derecha
52,1190000,9,5,6,Centro
31,1380000,5,6,7,Centro
25,1020000,1,9,4,Izquierda
29,2100000,2,7,5,Centro
59,970000,3,9,7,Izquierda
59,1810000,6,5,4,Centro
22,2030000,3,6,4,Izquierda
44,350000,5,5,5,Centro
51,4020000,4,6,3,Centro
18,1410000,5,4,3,Centro
39,620000,9,3,8,Derecha
34,2140000,4,8,2,Centro
56,520000,8,2,7,Derecha
64,500000,1,8,4,Izquierda
19,630000,5,6,6,Izquierda
60,950000,6,4,6,Derecha
54,2860000,7,7,6,Centro
37,990000,3,5,5,Derecha
56,3850000,6,7,8,Centro
45,840000,4,5,4,Centro
42,1970000,2,7,4,Izquierda
18,350000,7,8,10,Izquierda
30,590000,6,6,6,Centro
20,1070000,4,6,7,Centro
22,3270000,4,6,4,Centro
45,1320000,7,4,2,Derecha
32,1270000,4,8,6,Izquierda
44,540000,6,5,5,Izquierda
71,730000,3,6,5,Izquierda
32,2600000,2,9,4,Izquierda
20,920000,6,5,7,Izquierda
20,2210000,4,4,4,Centro
41,2430000,3,8,5,Izquierda
27,1070000,5,5,6,Izquierda
63,1560000,7,5,3,Centro
20,1270000,5,4,7,Derecha
38,4130000,8,4,6,Derecha
33,640000,9,6,8,Centro
28,650000,4,7,5,Izquierda
35,980000,4,6,5,Izquierda
19,1540000,6,4,7,Centro
45,440000,8,4,3,Derecha
47,970000,2,10,3,Izquierda
44,610000,5,6,4,Izquierda
44,1470000,6,6,3,Centro
30,1340000,8,3,4,Derecha
61,1050000,6,5,4,Centro
26,730000,10,1,8,Derecha
51,2420000,2,5,6,Centro
49,640000,3,10,5,Izquierda
50,510000,6,2,7,Derecha
49,760000,4,8,3,Izquierda
36,990000,5,7,7,Centro
18,1270000,4,5,6,Centro
30,670000,6,6,3,Izquierda
66,830000,3,4,3,Izquierda
41,1120000,5,5,7,Centro
58,790000,6,2,9,Derecha
39,550000,6,4,7,Derecha
64,740000,7,5,7,Derecha
43,930000,9,4,3,Centro
70,1500000,3,8,5,Izquierda
33,650000,3,5,6,Izquierda
61,630000,7,7,6,Derecha
61,960000,5,6,3,Izquierda
51,2430000,10,5,9,Derecha
27,900000,9,6,6,Derecha
35,940000,3,8,7,Izquierda
39,2450000,4,8,5,Izquierda
44,570000,3,6,4,Izquierda
46,1810000,7,3,5,Centro
40,1560000,6,8,8,Izquierda
34,1800000,7,4,8,Derecha
43,2720000,5,3,3,Centro
44,430000,6,8,6,Izquierda
43,1980000,3,3,5,Centro
18,820000,6,2,5,Derecha
58,1520000,7,5,7,Derecha
43,1480000,4,7,7,Centro
32,720000,7,4,5,Centro
57,1920000,8,7,8,Centro
60,670000,8,5,8,Centro
73,2610000,5,8,5,Derecha
74,2430000,3,8,2,Izquierda
24,1290000,9,4,5,Derecha
52,2330000,9,3,6,Derecha
30,650000,4,3,1,Centro
20,1190000,2,5,9,Izquierda
61,1060000,8,8,8,Centro
24,2020000,8,1,7,Derecha
57,2630000,6,6,7,Centro
33,1200000,2,8,5,Izquierda
32,1550000,3,9,3,Izquierda
58,390000,6,5,4,Centro
52,1630000,6,8,5,Izquierda
39,1720000,6,6,5,Izquierda
34,750000,9,3,7,Derecha
28,710000,7,5,4,Izquierda
47,1040000,6,4,5,Derecha
40,1430000,7,5,10,Derecha
33,680000,5,6,6,Centro
52,390000,6,5,8,Derecha
36,600000,5,6,1,Centro
40,820000,4,8,6,Izquierda
43,800000,6,6,2,Izquierda
51,3830000,6,4,5,Centro
72,630000,4,4,5,Centro
56,1250000,5,3,9,Derecha
63,1700000,5,6,4,Centro
49,1450000,1,6,4,Izquierda
53,1250000,5,3,7,Derecha
55,410000,5,6,1,Izquierda
45,470000,5,6,7,Centro
29,1850000,6,7,7,Centro
38,580000,2,7,6,Izquierda
41,3110000,8,6,4,Derecha
31,1200000,8,2,5,Derecha
56,1940000,3,6,3,Izquierda
61,1700000,6,4,5,Centro
46,1590000,8,4,7,Derecha
41,880000,7,2,6,Derecha
57,3040000,5,7,3,Izquierda
52,3940000,6,1,5,Derecha
21,1980000,6,6,7,Derecha
56,830000,5,4,6,Centro
47,1260000,4,7,2,Izquierda
39,4030000,5,3,3,Derecha
37,2030000,9,7,3,Derecha
40,840000,8,3,4,Derecha
28,5060000,6,4,4,Izquierda
48,1290000,7,7,6,Centro
56,740000,5,7,7,Centro
19,860000,3,7,3,Izquierda
59,4460000,5,6,4,Izquierda
18,2950000,9,5,3,Centro
36,1340000,4,7,8,Izquierda
34,980000,5,5,6,Centro
43,1710000,6,5,7,Centro
44,1350000,4,7,1,Izquierda
62,450000,1,6,3,Izquierda
50,2430000,8,5,5,Derecha
34,2300000,8,5,8,Derecha
59,640000,7,8,6,Izquierda
37,1050000,6,5,8,Centro
42,350000,8,2,10,Derecha
38,2090000,6,6,9,Derecha
40,980000,4,8,7,Izquierda
39,2570000,2,8,8,Izquierda
48,610000,1,8,5,Izquierda
59,2620000,6,4,2,Izquierda
43,3580000,4,5,7,Izquierda
69,440000,2,6,6,Izquierda
39,690000,3,5,5,Centro
57,1590000,3,4,1,Izquierda
18,550000,9,4,8,Derecha
29,960000,3,6,5,Centro
25,1050000,7,4,5,Centro
18,1090000,4,6,3,Centro
44,480000,9,5,5,Derecha
55,1740000,5,7,8,Derecha
57,1130000,6,6,7,Derecha
55,630000,3,6,7,Centro
39,1190000,7,5,6,Derecha
43,1830000,6,8,2,Izquierda
45,1160000,7,7,4,Centro
49,740000,6,5,2,Centro
24,3200000,7,5,3,Centro
57,1040000,6,5,5,Centro
38,1190000,5,9,2,Izquierda
51,1040000,6,5,5,Centro
23,490000,6,4,5,Centro
50,940000,5,3,5,Derecha
59,1050000,5,5,6,Centro
61,3800000,5,9,5,Izquierda
40,720000,8,6,5,Centro
25,900000,3,5,3,Izquierda
66,420000,3,7,6,Izquierda
48,750000,6,4,4,Centro
57,1790000,1,9,3,Izquierda
37,1590000,5,6,3,Izquierda
42,1990000,5,5,3,Centro
39,2380000,4,8,5,Izquierda
58,1710000,4,7,4,Izquierda
45,2490000,2,7,5,Izquierda
66,2330000,5,6,5,Centro
54,2770000,7,7,5,Derecha
30,630000,7,5,5,Derecha
48,2650000,7,1,4,Derecha
44,1260000,4,4,4,Centro
40,1540000,6,7,6,Izquierda
49,3200000,6,6,9,Centro
29,750000,5,4,8,Derecha
38,780000,5,4,7,Centro
49,960000,4,7,5,Centro
36,900000,5,3,4,Derecha
52,350000,3,6,3,Izquierda
18,1130000,5,3,8,Derecha
50,1980000,5,8,9,Izquierda
71,670000,5,5,4,Centro
42,510000,6,4,5,Derecha
40,1020000,5,6,4,Izquierda
68,2080000,2,8,4,Izquierda
37,3260000,6,2,3,Derecha
37,970000,5,7,6,Centro
44,490000,6,4,8,Centro
57,1830000,9,5,8,Derecha
30,1690000,7,5,9,Centro
23,350000,6,5,5,Izquierda
52,1760000,5,6,5,Centro
38,370000,5,5,6,Centro
40,560000,4,4,2,Izquierda
62,780000,5,7,3,Izquierda
33,830000,5,6,3,Izquierda
34,760000,4,3,7,Izquierda
44,1020000,4,4,4,Centro
65,880000,6,9,5,Izquierda
57,1400000,8,4,8,Derecha
35,910000,4,5,5,Centro
50,490000,5,7,1,Izquierda
27,2570000,7,4,5,Derecha
50,1220000,5,4,4,Centro
45,1490000,8,5,4,Derecha
32,1320000,4,4,4,Centro
43,1120000,7,6,4,Centro
39,1640000,8,5,5,Centro
33,1190000,2,9,5,Izquierda
56,820000,5,7,4,Izquierda
41,970000,5,6,5,Izquierda
53,920000,6,5,8,Izquierda
47,650000,2,6,4,Centro
47,4050000,5,8,6,Centro
42,3270000,6,7,8,Derecha
42,1250000,6,6,8,Derecha
31,690000,4,7,6,Izquierda
44,1930000,8,2,7,Derecha
32,2670000,3,8,5,Izquierda
71,1150000,5,8,5,Izquierda
53,1070000,4,8,6,Izquierda
47,630000,8,5,5,Izquierda
54,1120000,7,3,6,Derecha
18,1320000,6,6,3,Izquierda
18,1780000,7,4,5,Derecha
50,2440000,3,10,6,Izquierda
48,700000,8,6,3,Izquierda
52,2220000,8,6,8,Derecha
56,700000,3,6,1,Izquierda
29,840000,6,5,6,Centro
71,1020000,3,10,5,Izquierda
58,1820000,8,6,7,Derecha
43,2600000,6,7,4,Centro
41,380000,6,3,6,Derecha
38,700000,7,6,6,Centro
73,1630000,5,8,6,Centro
30,1130000,6,3,5,Derecha
45,350000,5,5,3,Centro
22,840000,7,3,10,Derecha
18,2130000,4,6,4,Derecha
31,350000,2,8,3,Izquierda
55,1410000,4,3,4,Centro
25,820000,6,7,6,Centro
43,450000,7,3,8,Centro
49,2040000,7,5,7,Derecha
42,4760000,5,8,3,Izquierda
51,540000,8,4,7,Derecha
69,1910000,6,5,8,Derecha
45,1100000,6,5,8,Centro
76,990000,5,7,10,Centro
48,3510000,5,6,6,Derecha
42,350000,6,5,7,Izquierda
51,480000,3,8,8,Izquierda
31,870000,6,4,6,Centro
68,750000,4,6,1,Izquierda
42,800000,10,1,10,Derecha
41,980000,6,5,7,Derecha
45,1000000,5,6,4,Centro
26,980000,4,9,2,Izquierda
25,930000,8,8,6,Izquierda
47,2060000,8,4,8,Derecha
28,620000,5,3,6,Centro
56,530000,7,8,5,Izquierda
30,830000,3,9,5,Izquierda
44,840000,5,4,4,Centro
47,2910000,7,6,4,Centro
24,1210000,5,6,7,Centro
29,520000,4,6,5,Izquierda
34,2420000,6,4,7,Centro
59,670000,8,5,4,Izquierda
51,410000,6,6,8,Centro
37,350000,8,3,4,Centro
67,1340000,5,8,8,Centro
65,770000,4,5,4,Centro
31,1340000,3,6,3,Izquierda
32,800000,4,4,6,Centro
49,1230000,6,7,6,Izquierda
56,1280000,7,4,6,Derecha
38,770000,6,3,9,Derecha
38,460000,6,4,5,Centro
30,1010000,7,7,5,Centro
53,1220000,7,4,4,Derecha
47,710000,3,4,6,Centro
60,1320000,5,8,5,Izquierda
18,690000,6,6,6,Izquierda
30,950000,4,4,7,Derecha
44,690000,4,9,5,Izquierda
22,1010000,9,6,9,Derecha
23,800000,3,7,4,Izquierda
40,1650000,6,8,4,Centro
56,550000,7,4,7,Centro
53,1800000,5,7,9,Centro
57,1720000,5,8,6,Izquierda
37,1290000,9,5,4,Derecha
40,1360000,7,4,8,Centro
29,1890000,5,8,6,Centro
72,2330000,4,3,4,Derecha
50,510000,7,6,8,Derecha
57,1140000,3,4,4,Centro
49,2890000,4,6,3,Izquierda
59,780000,5,10,4,Izquierda
61,2900000,5,5,5,Izquierda
46,1520000,5,7,5,Izquierda
36,780000,2,8,4,Izquierda
25,1580000,5,9,7,Izquierda
62,1380000,8,4,4,Derecha
27,1680000,7,4,9,Derecha
18,430000,7,2,5,Derecha
24,630000,4,5,6,Centro
49,1240000,5,6,7,Izquierda
40,900000,4,7,7,Izquierda
57,750000,6,7,3,Izquierda
37,700000,7,9,6,Izquierda
63,620000,6,3,3,Derecha
53,1240000,6,7,7,Centro
42,580000,6,5,5,Derecha
43,1990000,7,7,7,Centro
49,2760000,7,7,8,Derecha
49,720000,6,7,7,Centro
44,5500000,8,3,7,Derecha
49,850000,6,5,6,Derecha
61,730000,4,6,7,Izquierda
27,780000,5,4,4,Centro
45,540000,9,5,3,Centro
38,890000,7,6,7,Izquierda
39,670000,5,9,9,Izquierda
39,2650000,6,6,6,Derecha
29,1900000,4,6,5,Centro
29,1670000,8,3,4,Derecha
47,3100000,7,6,3,Izquierda
48,1750000,9,4,9,Derecha
56,690000,3,6,4,Izquierda
56,1420000,4,4,7,Centro
25,510000,4,5,8,Centro
71,730000,4,6,3,Izquierda
48,1540000,4,8,8,Centro
38,950000,6,3,5,Centro
64,930000,7,3,7,Derecha
27,4310000,3,8,6,Izquierda
59,490000,1,8,8,Izquierda
85,600000,8,4,8,Derecha
51,790000,4,9,7,Izquierda
35,1080000,5,5,5,Centro
25,1600000,7,6,7,Derecha
47,2870000,10,2,4,Derecha
24,1030000,6,5,8,Centro
21,570000,4,7,6,Izquierda
40,3190000,4,4,6,Centro
38,4690000,5,2,3,Centro
18,710000,6,4,5,Izquierda
54,580000,4,7,8,Izquierda
38,420000,9,3,7,Derecha
50,2540000,6,6,5,Derecha
53,480000,2,9,7,Izquierda
29,700000,3,4,8,Izquierda
30,2250000,4,7,9,Izquierda
66,5500000,7,5,5,Derecha
26,470000,6,3,7,Derecha
41,4140000,5,8,6,Centro
30,460000,6,8,10,Izquierda
42,1000000,5,8,6,Izquierda
28,460000,6,2,6,Derecha
35,350000,5,5,9,Izquierda
60,1750000,9,5,6,Derecha
56,600000,4,6,6,Centro
50,740000,6,4,5,Centro
29,1110000,9,4,7,Derecha
30,3450000,1,10,4,Izquierda
55,430000,7,5,5,Izquierda
46,600000,4,7,10,Centro
32,470000,6,7,5,Izquierda
39,1240000,4,5,7,Izquierda
56,1650000,7,3,2,Derecha
70,3770000,6,5,3,Derecha
30,4490000,7,5,4,Centro
62,850000,4,6,3,Izquierda
41,2310000,2,8,3,Izquierda
18,780000,3,7,5,Izquierda
59,930000,4,4,6,Izquierda
49,510000,8,6,9,Derecha
42,1580000,5,5,3,Izquierda
77,2440000,6,6,6,Centro
52,580000,4,7,8,Centro
62,990000,7,5,6,Derecha
66,1140000,3,8,2,Izquierda
59,1550000,6,4,7,Derecha
50,640000,7,4,3,Centro
51,1580000,2,10,3,Izquierda
38,1840000,9,5,4,Derecha
51,2180000,6,8,8,Izquierda
63,410000,8,4,8,Derecha
44,830000,4,5,5,Centro
53,2070000,6,4,7,Derecha
22,1010000,4,8,9,Izquierda
49,1130000,6,5,7,Derecha
45,1290000,5,7,5,Izquierda
34,2070000,7,6,3,Centro
60,1560000,4,4,6,Derecha
38,3700000,6,1,4,Derecha
51,1350000,9,2,9,Derecha
45,1670000,7,3,10,Derecha
55,680000,5,7,6,Centro
54,1160000,3,10,7,Izquierda
18,1030000,7,3,4,Derecha
18,860000,7,6,8,Centro
40,1240000,7,4,5,Centro
45,1160000,2,7,4,Izquierda
36,1260000,5,7,6,Centro
32,1880000,5,4,4,Centro
59,1350000,10,3,9,Derecha
36,920000,1,6,4,Izquierda
38,1170000,3,8,8,Izquierda
25,800000,7,7,3,Centro
62,720000,4,7,4,Izquierda
28,1430000,7,2,5,Derecha
50,860000,5,5,6,Derecha
30,1750000,7,5,6,Derecha
18,2660000,6,8,3,Izquierda
48,930000,6,8,8,Centro
32,1800000,5,5,6,Centro
40,430000,4,5,5,Centro
28,1760000,5,8,9,Centro
36,1750000,6,2,7,Derecha
49,660000,5,9,5,Izquierda
32,2870000,5,5,6,Centro
47,950000,7,6,6,Centro
43,960000,6,5,3,Centro
30,3510000,5,5,8,Centro
20,670000,2,4,4,Izquierda
49,480000,8,5,7,Derecha
52,1030000,6,6,5,Centro
43,2690000,7,4,7,Centro
67,390000,6,7,8,Centro
55,1200000,6,1,8,Derecha
53,4820000,7,6,10,Derecha
34,1730000,5,6,3,Izquierda
28,350000,5,7,4,Centro
37,2480000,3,7,2,Izquierda
46,1110000,5,5,6,Centro
40,730000,8,5,6,Derecha
32,3150000,6,6,6,Izquierda
50,1150000,5,7,4,Centro
64,2050000,9,2,7,Derecha
73,1100000,4,3,5,Derecha
42,350000,5,2,3,Derecha
43,1840000,3,6,2,Izquierda
66,1160000,4,5,3,Izquierda
22,530000,4,5,6,Izquierda
55,2460000,7,7,3,Derecha
27,900000,7,8,5,Derecha
71,1070000,5,6,1,Centro
18,1690000,4,4,3,Derecha
45,3580000,3,5,7,Centro
76,1560000,6,1,3,Derecha
38,1140000,3,8,4,Izquierda
51,630000,7,4,6,Centro
60,1930000,4,7,4,Izquierda
46,1740000,5,4,4,Izquierda
56,350000,6,5,5,Centro
51,1480000,3,8,4,Izquierda
38,1400000,6,7,5,Centro
38,360000,8,7,9,Derecha
68,1560000,8,3,8,Derecha
23,1540000,4,5,4,Centro
66,2580000,7,2,7,Centro
27,4360000,1,5,6,Izquierda
18,1860000,5,6,5,Centro
44,1600000,7,7,5,Centro
41,1410000,3,7,5,Izquierda
61,2370000,7,6,7,Derecha
18,1560000,5,9,4,Izquierda
28,1170000,7,3,5,Izquierda
46,890000,7,4,10,Derecha
34,2890000,5,5,3,Centro
39,890000,6,6,7,Derecha
39,2790000,5,6,7,Derecha
41,880000,6,7,3,Izquierda
48,1420000,5,4,6,Derecha
23,770000,6,5,7,Centro
49,670000,2,9,4,Izquierda
63,570000,6,2,8,Derecha
41,980000,7,3,9,Derecha
31,1840000,5,10,2,Izquierda
18,790000,5,7,9,Centro
47,2870000,3,3,6,Centro
56,410000,4,8,5,Izquierda
47,2300000,10,4,7,Derecha
20,2170000,7,3,6,Derecha
21,410000,4,4,4,Centro
35,2630000,7,7,5,Centro
42,1610000,8,5,5,Derecha
51,650000,5,7,7,Izquierda
50,1460000,5,8,4,Centro
32,1810000,9,3,9,Derecha
19,800000,6,8,3,Izquierda
39,820000,5,6,7,Centro
50,2030000,5,6,6,Izquierda
40,960000,6,7,8,Centro
45,870000,4,5,9,Derecha
40,1970000,6,6,6,Derecha
37,1060000,9,5,3,Centro
56,590000,8,1,5,Derecha
43,1820000,3,9,2,Izquierda
39,1520000,3,3,5,Izquierda
18,850000,9,4,5,Centro
27,390000,8,3,10,Derecha
39,1290000,7,7,8,Izquierda
53,600000,7,5,7,Centro
35,1010000,6,7,4,Centro
46,1140000,7,5,9,Derecha
43,1490000,1,9,4,Izquierda
39,1760000,6,4,7,Centro
49,1400000,4,7,1,Centro
57,830000,8,1,7,Derecha
63,2350000,7,5,7,Centro
48,350000,9,3,7,Derecha
18,1390000,6,5,8,Centro
33,1090000,4,6,7,Centro
44,1620000,7,5,6,Derecha
18,910000,5,8,3,Izquierda
23,450000,3,7,8,Izquierda
43,1100000,6,7,5,Centro
41,2270000,6,7,8,Centro
60,520000,4,6,5,Centro
44,510000,8,2,4,Derecha
23,400000,7,6,8,Izquierda
54,810000,3,5,1,Centro
45,510000,3,7,4,Centro
46,870000,6,5,10,Centro
53,790000,4,7,5,Izquierda
40,370000,5,5,7,Izquierda
36,1820000,7,4,10,Derecha
30,1790000,4,4,6,Izquierda
69,920000,5,4,5,Izquierda
51,750000,3,5,6,Izquierda
48,1810000,7,6,1,Izquierda
44,980000,5,5,6,Izquierda
18,2660000,5,7,8,Centro
44,1210000,4,7,5,Centro
46,3370000,6,6,2,Centro
46,430000,5,6,4,Izquierda
25,1330000,10,3,7,Derecha
23,920000,6,4,5,Centro
39,1590000,6,5,4,Izquierda
46,5500000,5,6,4,Derecha
27,980000,7,5,8,Derecha
69,1150000,4,10,6,Izquierda
50,1310000,3,3,4,Izquierda
51,850000,3,5,5,Centro
23,450000,7,5,9,Centro
73,3160000,5,6,5,Derecha
23,1230000,3,6,2,Izquierda
55,440000,7,4,5,Derecha
55,1680000,5,4,9,Centro
28,560000,5,4,9,Derecha
18,1450000,5,9,5,Izquierda
57,730000,5,7,4,Izquierda
43,560000,4,6,4,Izquierda
41,1350000,3,5,9,Centro
29,890000,1,8,7,Izquierda
74,1630000,4,8,6,Izquierda
47,880000,10,1,5,Derecha
46,1190000,6,3,4,Centro
73,380000,9,4,8,Derecha
52,900000,6,6,9,Derecha
48,720000,10,7,3,Centro
44,2160000,6,6,4,Centro
59,1130000,6,3,7,Derecha
37,350000,6,3,8,Derecha
65,1800000,7,5,4,Centro
37,500000,4,6,4,Izquierda
39,1860000,8,1,5,Derecha
53,1020000,5,5,3,Centro
31,3910000,7,6,5,Centro
45,3630000,5,6,7,Izquierda
42,670000,7,5,10,Derecha
48,850000,6,8,4,Izquierda
30,520000,4,4,4,Centro
38,1780000,4,6,3,Centro
50,690000,1,8,5,Izquierda
37,1830000,5,7,5,Izquierda
61,1630000,3,5,6,Centro
48,1810000,5,8,6,Centro
42,940000,5,6,5,Izquierda
62,1910000,5,3,5,Centro
26,990000,4,8,5,Izquierda
39,1200000,7,5,7,Centro
35,970000,7,5,9,Derecha
28,790000,2,7,5,Centro
72,1340000,7,5,7,Derecha
68,350000,7,3,7,Centro
52,630000,4,7,6,Izquierda
41,1150000,3,10,5,Izquierda
45,1060000,3,9,5,Izquierda
43,370000,7,4,9,Derecha
23,710000,5,7,5,Centro
31,2340000,7,4,3,Derecha
36,2030000,5,6,6,Centro
39,490000,9,1,5,Derecha
49,1940000,9,2,8,Derecha
27,1600000,4,5,8,Centro
57,1360000,2,4,1,Centro
75,1210000,8,4,6,Derecha
49,530000,9,4,7,Derecha
47,1580000,5,6,9,Derecha
40,920000,6,3,2,Centro
19,2240000,3,5,8,Derecha
48,750000,4,5,6,Derecha
59,1230000,7,5,5,Centro
46,3140000,7,6,5,Izquierda
21,1200000,5,5,6,Centro
32,4270000,4,5,6,Centro
42,780000,6,7,7,Centro
55,1240000,7,7,7,Derecha
54,930000,6,4,6,Derecha
41,860000,5,7,5,Izquierda
23,3630000,4,7,5,Centro
44,1270000,8,5,9,Derecha
43,860000,5,3,4,Centro
54,1170000,4,8,4,Izquierda
55,1340000,6,5,6,Centro
50,1540000,6,7,4,Centro
26,870000,3,10,2,Izquierda
62,1930000,4,8,4,Izquierda
24,2930000,8,3,2,Derecha
30,1210000,5,6,6,Centro
55,350000,9,3,5,Derecha
48,2030000,6,7,3,Izquierda
67,1040000,3,9,2,Izquierda
61,3010000,7,4,6,Derecha
28,1040000,6,4,5,Derecha
39,2400000,4,5,4,Izquierda
43,1540000,7,6,6,Centro
56,480000,8,1,8,Derecha
34,1790000,9,5,8,Derecha
46,1440000,4,9,9,Izquierda
33,1600000,8,3,5,Derecha
74,750000,4,5,7,Derecha
55,2780000,10,5,8,Derecha
33,760000,7,5,5,Centro
63,1140000,10,2,3,Derecha
61,1070000,4,4,7,Derecha
62,670000,7,2,5,Derecha
19,1180000,6,3,3,Derecha
37,530000,4,7,4,Izquierda
44,1270000,4,1,4,Derecha
34,1010000,8,3,5,Centro
38,480000,8,3,6,Derecha
40,1460000,5,6,3,Izquierda
36,1990000,5,6,10,Centro
25,800000,4,5,4,Izquierda
38,940000,9,4,10,Derecha
53,1920000,1,10,2,Izquierda
18,560000,3,5,5,Izquierda
37,1850000,7,8,6,Derecha
28,730000,10,3,5,Derecha
58,1030000,7,8,5,Izquierda
42,1070000,7,4,10,Derecha
52,800000,7,5,6,Centro
18,690000,9,4,7,Derecha
18,470000,3,4,8,Centro
78,1070000,3,9,7,Izquierda
53,2930000,6,6,4,Centro
46,1800000,4,3,5,Centro
39,2810000,9,4,7,Derecha
61,660000,4,5,6,Derecha
59,1970000,2,8,7,Centro
59,710000,6,5,8,Centro
53,1020000,6,6,9,Centro
59,1910000,8,5,4,Centro
48,520000,7,3,7,Derecha
34,1790000,5,7,8,Izquierda
32,1150000,10,3,8,Derecha
20,350000,8,1,8,Derecha
54,1220000,7,5,7,Centro
20,670000,5,7,6,Izquierda
39,900000,8,5,7,Centro
37,790000,6,5,5,Centro
64,2340000,5,7,6,Centro
32,580000,6,4,4,Centro
28,790000,2,9,3,Izquierda
59,1440000,8,4,7,Derecha
41,4020000,7,6,8,Derecha
50,1160000,7,7,5,Centro
33,1730000,3,8,3,Izquierda
54,1650000,6,7,9,Centro
40,1210000,4,10,5,Izquierda
52,540000,6,7,4,Centro
55,1150000,4,9,8,Izquierda
55,990000,5,5,7,Derecha
58,1400000,4,5,6,Izquierda
26,890000,4,7,4,Izquierda
49,760000,6,8,9,Centro
39,1410000,5,4,4,Centro
50,530000,5,7,5,Izquierda
59,2390000,5,5,3,Centro
48,2940000,5,6,3,Izquierda
30,450000,2,9,7,Izquierda
30,810000,2,7,3,Centro
34,490000,5,5,5,Derecha
30,1460000,3,6,7,Izquierda
49,960000,4,6,5,Derecha
30,870000,2,6,3,Izquierda
27,650000,5,6,4,Centro
50,3450000,2,9,6,Izquierda
33,3480000,7,5,3,Centro
55,1090000,4,4,3,Centro
41,1680000,6,6,2,Izquierda
22,790000,4,4,5,Izquierda
43,900000,4,6,5,Centro
61,440000,6,4,8,Derecha
33,900000,6,7,3,Izquierda
36,370000,3,5,3,Derecha
57,580000,9,5,7,Derecha
48,2160000,5,7,8,Centro
39,620000,4,6,2,Izquierda
38,680000,8,3,4,Centro
55,2320000,6,6,5,Centro
63,820000,3,6,5,Izquierda
44,1040000,4,2,6,Centro
44,910000,4,7,2,Izquierda
54,550000,5,4,5,Derecha
49,3200000,4,5,5,Centro
35,360000,6,3,7,Centro
53,690000,4,8,6,Izquierda
18,350000,3,4,3,Izquierda
50,1150000,7,4,5,Centro
32,730000,6,5,4,Centro
64,1060000,3,5,4,Centro
49,1340000,4,7,5,Izquierda
48,1690000,3,4,5,Izquierda
56,1850000,4,8,6,Izquierda
46,3200000,4,5,5,Derecha
29,720000,4,7,7,Izquierda
29,390000,7,1,6,Derecha
52,1820000,5,7,6,Centro
19,840000,7,8,3,Izquierda
36,1780000,5,3,5,Derecha
73,720000,5,6,7,Centro
50,490000,4,6,6,Centro
53,1200000,3,5,5,Izquierda
38,1570000,6,4,7,Centro
62,510000,5,7,7,Izquierda
65,1680000,6,4,4,Derecha
47,2610000,6,6,7,Centro
41,460000,8,5,6,Derecha
25,820000,6,6,10,Derecha
48,1170000,6,6,5,Centro
43,1820000,6,6,6,Derecha
45,1190000,6,7,3,Izquierda
51,1210000,3,8,2,Izquierda
58,790000,5,6,3,Centro
61,590000,3,6,1,Izquierda
46,1270000,4,7,7,Izquierda
18,350000,4,5,6,Centro
50,1270000,4,7,7,Izquierda
85,1550000,7,4,5,Derecha
36,1140000,5,6,7,Centro
49,1880000,9,4,8,Derecha
51,830000,5,5,3,Izquierda
48,2690000,8,4,6,Derecha
68,1240000,6,5,7,Derecha
47,2080000,5,2,4,Derecha
40,930000,5,4,9,Derecha
61,1080000,7,2,6,Centro
62,610000,4,8,3,Izquierda
53,1050000,4,5,6,Centro
34,690000,7,4,6,Derecha
48,950000,2,5,5,Centro
45,2050000,1,7,3,Izquierda
55,2590000,4,5,4,Centro
34,1640000,1,9,4,Izquierda
51,980000,3,6,5,Centro
50,1600000,4,9,5,Izquierda
46,570000,4,5,4,Derecha
55,960000,4,7,2,Izquierda
85,1200000,5,5,6,Centro
67,840000,4,7,6,Izquierda
52,1690000,6,3,8,Centro
31,510000,7,7,8,Centro
35,2320000,6,7,6,Izquierda
36,5060000,3,9,6,Centro
30,1000000,4,7,5,Izquierda
49,660000,4,7,4,Centro
38,2380000,9,5,3,Centro
29,1200000,5,6,5,Izquierda
21,960000,6,6,6,Centro
32,1250000,6,4,4,Centro
32,840000,5,5,10,Derecha
54,860000,7,2,8,Derecha
43,840000,5,8,4,Izquierda
55,1040000,6,3,6,Derecha
58,490000,6,7,7,Centro
63,2160000,5,3,6,Centro
63,1260000,10,5,10,Derecha
31,460000,2,4,3,Centro
18,1050000,7,5,5,Derecha
40,920000,7,4,4,Centro
18,1780000,9,4,5,Derecha
60,1470000,4,5,7,Centro
33,1490000,1,6,3,Izquierda
36,1060000,2,6,6,Izquierda
44,870000,9,4,1,Centro
40,1490000,3,6,6,Centro
25,2400000,6,4,6,Centro
42,380000,6,6,6,Derecha
24,350000,10,4,8,Derecha
50,360000,4,6,3,Centro
53,870000,3,9,4,Izquierda
55,740000,6,7,7,Centro
38,630000,4,5,7,Izquierda
51,1150000,7,5,5,Derecha
48,350000,4,7,4,Centro
50,500000,4,7,4,Centro
55,660000,4,7,5,Izquierda
42,1040000,6,8,7,Centro
37,2600000,2,4,2,Izquierda
48,700000,8,5,7,Derecha
29,5010000,5,4,7,Centro
18,830000,4,6,5,Centro
34,560000,10,5,8,Derecha
46,1040000,9,5,7,Derecha
52,1730000,6,7,5,Izquierda
63,790000,5,8,6,Centro
39,1470000,8,8,9,Centro
34,540000,7,6,4,Centro
72,1130000,7,5,7,Izquierda
33,1280000,6,6,5,Centro
43,2030000,6,6,5,Izquierda
40,750000,5,3,9,Derecha
65,560000,8,6,4,Derecha
85,1210000,9,3,6,Derecha
31,420000,6,3,4,Derecha
63,710000,6,5,7,Centro
51,370000,4,6,1,Izquierda
54,1040000,8,7,8,Centro
42,830000,6,5,2,Izquierda
25,630000,4,5,5,Izquierda
46,1950000,6,1,7,Derecha
51,1370000,4,5,1,Centro
44,1120000,9,8,7,Centro
43,1200000,4,4,7,Centro
43,600000,8,5,10,Derecha
47,1430000,7,4,9,Derecha
48,1480000,7,5,4,Derecha
27,1360000,3,8,5,Izquierda
41,690000,3,4,5,Centro
52,900000,7,6,3,Derecha
62,900000,6,4,5,Centro
28,2050000,2,8,8,Izquierda
44,1720000,4,6,2,Izquierda
37,610000,6,5,5,Centro
49,680000,6,3,6,Centro
59,370000,6,5,4,Centro
45,1390000,5,4,4,Izquierda
37,1070000,7,5,4,Centro
46,560000,4,7,4,Izquierda
38,1060000,5,5,7,Centro
31,1420000,4,8,6,Izquierda
21,4870000,7,7,7,Derecha
58,1430000,6,7,6,Izquierda
54,1330000,6,7,6,Izquierda
36,2040000,3,8,6,Centro
22,2180000,7,6,5,Centro
58,2700000,8,7,10,Derecha
49,1260000,6,4,5,Derecha
31,1940000,3,6,4,Izquierda
18,1190000,9,6,3,Centro
65,1030000,4,7,9,Centro
43,1650000,7,7,5,Derecha
26,1300000,2,9,5,Izquierda
20,1710000,5,3,7,Derecha
58,660000,6,4,9,Derecha
62,960000,5,6,5,Izquierda
50,2480000,8,2,5,Derecha
56,630000,8,7,9,Derecha
21,790000,2,4,2,Izquierda
64,610000,5,5,6,Derecha
24,1700000,3,5,6,Derecha
57,1550000,4,4,8,Centro
30,1110000,6,4,4,Centro
58,2110000,7,2,7,Derecha
32,3910000,5,5,5,Centro
40,1040000,7,2,6,Derecha
42,1050000,6,6,5,Centro
65,1790000,8,3,6,Derecha
44,2890000,6,3,3,Centro
27,1650000,3,7,6,Izquierda
52,440000,6,7,6,Centro
62,1440000,7,2,7,Derecha
23,1710000,5,8,4,Izquierda
42,1240000,3,8,6,Izquierda
46,550000,7,7,1,Izquierda
65,1490000,3,6,5,Izquierda
35,1280000,5,7,7,Centro
36,800000,2,8,1,Izquierda
64,1040000,3,8,6,Izquierda
36,1410000,4,10,4,Izquierda
51,1060000,4,7,4,Centro
34,1840000,6,5,4,Centro
43,650000,7,6,7,Derecha
41,1770000,6,5,4,Izquierda
33,1600000,6,4,4,Izquierda
55,860000,4,8,3,Izquierda
51,1470000,5,4,8,Centro
67,990000,5,5,6,Centro
57,1050000,5,7,5,Izquierda
27,2780000,4,5,4,Centro
19,480000,5,7,4,Izquierda
33,1630000,6,3,6,Derecha
24,800000,10,4,10,Derecha
39,1120000,7,7,6,Centro
42,820000,3,8,3,Izquierda
23,610000,7,6,5,Centro
52,730000,8,3,7,Derecha
19,360000,6,8,5,Centro
68,540000,5,7,8,Centro
37,1190000,4,8,7,Izquierda
44,1530000,7,6,7,Derecha
44,1680000,5,4,3,Centro
45,1230000,6,9,3,Izquierda
18,1510000,4,5,8,Izquierda
36,1260000,3,6,7,Izquierda
43,3440000,7,7,4,Centro
46,1590000,4,7,6,Centro
62,1640000,5,5,6,Centro
30,2140000,6,5,5,Centro
38,430000,8,5,7,Centro
56,380000,6,8,5,Centro
50,630000,4,6,2,Centro
44,640000,7,5,8,Derecha
57,770000,5,6,6,Centro
41,580000,6,5,7,Derecha
18,1540000,6,4,5,Derecha
38,1600000,3,8,7,Izquierda
18,2670000,5,10,8,Izquierda
49,760000,5,9,8,Centro
28,510000,6,5,7,Centro
38,620000,6,4,8,Derecha
68,680000,6,6,10,Derecha
34,1010000,3,6,9,Centro
60,1290000,3,8,5,Centro
62,600000,4,6,8,Centro
26,570000,6,5,4,Centro
39,750000,5,6,5,Centro
22,600000,7,4,8,Derecha
59,1010000,2,6,2,Izquierda
63,940000,7,4,9,Derecha
42,860000,6,6,3,Centro
85,1510000,6,6,4,Izquierda
44,1780000,5,7,4,Izquierda
54,1650000,7,7,8,Centro
51,350000,9,4,7,Derecha
59,630000,5,7,8,Centro
51,1170000,2,7,4,Izquierda
28,3070000,4,3,5,Izquierda
44,1180000,3,9,2,Izquierda
18,920000,5,7,6,Centro
18,730000,6,7,6,Derecha
34,2370000,4,4,4,Izquierda
69,1220000,7,5,9,Derecha
30,1250000,7,3,7,Derecha
48,2800000,7,6,5,Derecha
37,1240000,5,6,7,Derecha
42,920000,5,5,5,Centro
54,780000,9,4,4,Centro
37,400000,6,6,7,Derecha
40,690000,6,9,6,Izquierda
39,1710000,5,6,7,Centro
74,530000,9,1,6,Derecha
20,1140000,4,6,6,Izquierda
43,1460000,7,3,7,Derecha
35,3010000,7,4,4,Derecha
45,680000,7,7,5,Derecha
46,350000,4,4,5,Centro
56,1300000,7,4,6,Derecha
40,970000,5,4,5,Izquierda
22,840000,5,7,5,Centro
53,1190000,9,8,7,Derecha
31,5050000,4,3,5,Derecha
45,3210000,5,4,4,Derecha
60,1140000,5,4,6,Derecha
47,4530000,4,9,7,Izquierda
55,1190000,5,6,5,Derecha
41,950000,4,2,3,Centro
29,1960000,5,6,8,Izquierda
45,1580000,1,10,5,Centro
73,640000,4,4,5,Derecha
38,1310000,6,6,5,Centro
35,350000,4,6,8,Izquierda
18,540000,5,6,5,Izquierda
40,1240000,6,9,5,Izquierda
48,1130000,4,9,4,Izquierda
44,460000,7,5,8,Derecha
53,1510000,3,7,5,Izquierda
46,1000000,6,2,7,Derecha
27,740000,6,6,7,Izquierda
48,1130000,4,7,1,Izquierda
35,2260000,4,7,3,Izquierda
23,1180000,8,7,6,Derecha
46,440000,5,7,5,Centro
31,1100000,2,4,2,Centro
39,1530000,7,7,6,Centro
36,960000,5,5,9,Derecha
43,660000,2,9,6,Izquierda
33,840000,4,5,4,Izquierda
32,810000,4,2,2,Centro
47,1770000,4,7,4,Izquierda
37,2960000,6,5,6,Centro
39,520000,2,10,7,Izquierda
54,1130000,6,7,7,Centro
18,360000,9,4,7,Derecha
34,2310000,6,6,8,Centro
40,2490000,6,4,8,Derecha
26,1500000,6,4,5,Centro
34,1580000,7,3,5,Derecha
61,5500000,3,7,3,Izquierda
54,1750000,9,8,7,Centro
50,910000,4,6,7,Centro
49,1430000,6,4,7,Derecha
69,350000,3,6,4,Centro
57,1460000,8,4,4,Derecha
52,2530000,9,3,8,Derecha
25,1830000,8,4,10,Derecha
48,1400000,5,8,6,Izquierda
18,3030000,5,8,3,Izquierda
48,1760000,5,6,6,Centro
36,3340000,6,3,6,Centro
18,1100000,6,6,6,Izquierda
67,1150000,9,3,7,Derecha
45,1460000,5,6,2,Izquierda
29,800000,6,7,6,Izquierda
57,4170000,4,6,8,Centro
57,2930000,6,7,5,Centro
26,1350000,2,7,5,Izquierda
35,790000,5,6,1,Izquierda
50,1740000,5,4,5,Centro
24,580000,4,5,3,Centro
19,1270000,5,5,8,Derecha
36,930000,6,8,6,Derecha
37,1430000,6,6,7,Derecha
38,1010000,2,6,5,Izquierda
43,1180000,6,7,5,Izquierda
41,980000,3,8,6,Izquierda
45,1340000,6,6,7,Izquierda
39,3830000,5,6,5,Centro
54,1630000,4,7,5,Izquierda
35,1640000,4,7,7,Centro
39,2170000,4,6,5,Izquierda
72,1500000,5,5,5,Derecha
45,350000,7,6,8,Derecha
39,2360000,8,5,4,Centro
69,940000,5,7,7,Izquierda
36,1350000,5,6,5,Centro
44,1110000,7,8,5,Centro
35,2440000,5,4,8,Derecha
55,1410000,6,5,4,Izquierda
23,480000,4,5,5,Izquierda
49,2060000,1,7,6,Izquierda
31,1890000,5,7,6,Centro
30,1310000,4,6,4,Centro
39,550000,8,2,8,Derecha
44,970000,3,8,2,Izquierda
52,1030000,8,2,7,Derecha
49,350000,7,6,6,Derecha
41,1110000,6,5,3,Derecha
31,1830000,8,4,7,Derecha
33,3360000,5,9,5,Izquierda
69,1700000,8,7,7,Derecha
18,3810000,3,4,6,Izquierda
30,750000,8,5,6,Derecha
33,3770000,4,4,2,Centro
54,1650000,6,5,5,Derecha
31,1410000,5,5,7,Centro
52,1240000,3,6,5,Derecha
24,1520000,3,5,1,Izquierda
36,700000,5,6,6,Centro
38,2290000,3,6,3,Izquierda
51,960000,6,5,6,Derecha
33,1800000,8,5,5,Derecha
40,2050000,7,5,7,Centro
36,910000,3,6,4,Izquierda
56,350000,6,7,8,Centro
18,680000,6,6,8,Centro
27,2220000,4,7,3,Izquierda
56,850000,7,6,8,Centro
46,880000,7,7,4,Derecha
53,760000,7,4,5,Derecha
54,1500000,9,4,7,Derecha
25,1540000,4,9,5,Centro
38,1060000,5,5,6,Centro
33,890000,4,7,4,Izquierda
35,1880000,3,8,5,Izquierda
56,1210000,8,7,9,Derecha
55,1230000,8,8,5,Derecha
64,3170000,4,5,3,Izquierda
44,370000,4,5,6,Derecha
22,1190000,8,1,2,Centro
43,3160000,6,5,5,Centro
30,2150000,6,6,7,Centro
39,730000,5,6,7,Centro
37,1240000,5,6,8,Derecha
60,860000,3,6,6,Izquierda
28,530000,8,4,6,Derecha
67,560000,7,2,4,Derecha
22,460000,1,7,3,Izquierda
25,810000,8,6,6,Centro
23,2470000,3,6,7,Izquierda
56,1120000,8,6,7,Derecha
50,940000,8,6,9,Derecha
56,1380000,5,4,5,Derecha
38,2470000,8,6,7,Derecha
35,350000,8,2,4,Derecha
47,1180000,1,9,6,Izquierda
26,1410000,4,3,5,Centro
18,1940000,5,7,3,Izquierda
61,920000,9,5,5,Derecha
58,1360000,6,7,3,Izquierda
45,2220000,7,4,4,Centro
47,620000,5,4,8,Centro
52,910000,6,4,3,Centro
58,780000,1,7,1,Izquierda
50,1760000,4,7,6,Centro
45,1590000,6,4,8,Derecha
40,600000,4,7,3,Centro
53,870000,6,6,7,Derecha
43,3290000,6,6,5,Centro
18,1200000,4,6,6,Izquierda
22,1290000,5,8,3,Centro
24,2700000,6,7,6,Centro
33,1450000,8,5,7,Derecha
46,2110000,7,3,8,Derecha
18,420000,8,7,6,Derecha
42,820000,4,8,2,Izquierda
47,1470000,5,6,5,Izquierda
32,1010000,6,7,4,Izquierda
38,1380000,5,5,5,Centro
35,1530000,8,3,7,Centro
50,690000,4,8,4,Izquierda
45,800000,5,7,6,Centro
79,2850000,8,4,8,Derecha
50,380000,4,6,3,Centro
64,3090000,6,5,1,Derecha
28,1260000,6,6,8,Centro
28,830000,2,8,7,Izquierda
35,410000,4,2,5,Centro
61,1140000,5,5,6,Centro
48,850000,5,7,7,Centro
43,730000,4,3,6,Izquierda
49,1500000,4,5,9,Centro
40,1670000,6,5,8,Centro
38,1290000,3,6,2,Izquierda
35,3360000,4,6,8,Centro
48,350000,5,6,5,Derecha
44,780000,4,7,3,Izquierda
67,1210000,8,2,5,Derecha
49,2980000,3,8,4,Izquierda
26,890000,8,3,5,Derecha
56,1410000,5,6,6,Izquierda
18,840000,9,5,6,Derecha
35,1880000,8,3,6,Centro
57,1120000,6,4,7,Derecha
57,1860000,5,3,8,Derecha
57,840000,6,6,2,Derecha
52,1000000,3,9,2,Izquierda
48,470000,2,8,9,Centro
51,1040000,5,4,6,Centro
21,1480000,7,5,7,Centro
48,880000,7,6,9,Derecha
46,2690000,6,4,10,Derecha
40,460000,6,7,6,Izquierda
49,2330000,6,5,6,Centro
22,2750000,5,4,3,Centro
43,850000,8,6,4,Centro
18,1780000,7,2,6,Derecha
25,1290000,6,5,5,Centro
46,1430000,9,5,8,Derecha
32,1200000,6,5,4,Izquierda
69,740000,3,4,9,Centro
20,1240000,5,7,7,Centro
55,1370000,5,5,3,Centro
31,1350000,6,5,7,Derecha
26,1020000,4,4,4,Centro
41,680000,6,6,4,Centro
18,1300000,7,4,5,Derecha
60,730000,6,6,2,Centro
54,2910000,3,5,3,Izquierda
68,350000,4,6,7,Izquierda
18,1570000,6,2,7,Derecha
50,810000,6,7,5,Centro
34,580000,1,9,3,Izquierda
70,730000,5,5,8,Derecha
53,670000,6,6,9,Centro
37,880000,7,4,5,Centro
46,1730000,1,5,8,Izquierda
20,360000,9,5,6,Derecha
61,1830000,6,5,6,Derecha
51,1110000,5,4,9,Derecha
41,610000,3,6,4,Izquierda
50,3480000,5,8,3,Centro
56,970000,8,4,8,Centro
57,800000,8,6,5,Derecha
40,900000,9,3,6,Derecha
54,1170000,7,6,5,Derecha
54,720000,4,4,5,Centro
41,1220000,7,1,8,Derecha
41,450000,6,4,7,Centro
57,560000,8,3,7,Derecha
58,2210000,6,4,5,Derecha
45,2050000,7,3,3,Derecha
18,3230000,7,6,4,Izquierda
74,1060000,5,6,4,Izquierda
51,2010000,6,2,5,Derecha
29,2810000,8,5,3,Izquierda
34,1050000,5,4,2,Izquierda
85,620000,6,5,7,Derecha
40,1880000,8,7,5,Centro
53,2910000,4,3,3,Centro
18,3900000,8,4,3,Centro
41,1420000,6,4,7,Centro
50,2070000,4,8,5,Centro
26,1580000,4,4,9,Derecha
53,880000,7,8,8,Derecha
33,2430000,5,5,2,Centro
74,750000,4,5,6,Centro
41,1250000,7,6,7,Centro
49,1200000,8,3,6,Derecha
39,2330000,8,5,9,Derecha
18,1300000,8,4,8,Centro
56,1170000,6,3,8,Derecha
50,680000,5,3,7,Derecha
18,400000,4,5,2,Izquierda
50,1560000,7,3,6,Centro
18,1140000,1,6,8,Izquierda
85,2310000,3,7,6,Izquierda
18,380000,5,7,3,Centro
41,1080000,7,6,7,Centro
45,2580000,3,9,8,Centro
38,350000,6,6,7,Centro
32,1530000,8,7,8,Centro
47,1510000,9,5,3,Derecha
18,1940000,10,4,7,Derecha
43,1730000,5,4,4,Centro
60,950000,4,5,8,Derecha
44,680000,3,9,4,Izquierda
45,440000,6,6,5,Centro
56,1060000,4,5,4,Derecha
66,580000,6,5,3,Centro
60,870000,6,6,3,Centro
61,780000,7,6,8,Derecha
40,3320000,4,6,6,Centro
70,1500000,7,7,5,Centro
41,890000,5,8,4,Izquierda
34,690000,5,6,8,Izquierda
19,2730000,2,10,5,Izquierda
69,730000,9,3,4,Derecha
18,1600000,8,3,6,Derecha
23,690000,8,3,5,Derecha
52,770000,7,6,8,Derecha
21,1190000,1,9,5,Izquierda
49,770000,6,4,3,Centro
41,2320000,7,3,1,Derecha
53,670000,6,6,5,Izquierda
21,2140000,6,4,3,Izquierda
53,2600000,6,5,10,Derecha
53,2420000,4,6,7,Derecha
51,1980000,8,5,7,Derecha
20,850000,6,5,5,Centro
65,1470000,5,3,8,Derecha
32,4580000,7,7,3,Centro
41,1320000,3,6,4,Izquierda
27,390000,4,5,4,Centro
42,2690000,1,6,2,Izquierda
35,1630000,4,4,5,Centro
47,500000,3,8,5,Izquierda
31,660000,5,9,3,Izquierda
40,780000,6,4,7,Derecha
30,2560000,4,6,8,Centro
38,3840000,5,3,6,Centro
48,980000,6,6,9,Derecha
43,800000,6,8,1,Centro
64,1870000,3,6,8,Izquierda
30,610000,8,6,8,Derecha
44,1870000,4,7,6,Centro
51,350000,5,6,5,Izquierda
47,3950000,3,6,3,Izquierda
59,700000,7,5,7,Derecha
41,2010000,4,7,5,Izquierda
23,790000,10,5,5,Derecha
52,1460000,7,4,5,Centro
27,1200000,5,6,8,Centro
21,2620000,6,5,2,Izquierda
28,350000,8,4,8,Derecha
29,1130000,5,4,5,Derecha
52,1410000,7,5,5,Derecha
43,1590000,5,4,4,Derecha
32,1730000,9,6,7,Derecha
48,2720000,6,6,5,Izquierda
59,2600000,6,2,5,Centro
39,880000,6,6,5,Centro
46,1630000,6,6,5,Centro
42,650000,8,2,4,Derecha
73,530000,1,8,1,Izquierda
43,1030000,6,4,4,Derecha
36,2140000,7,3,6,Centro
64,350000,6,8,6,Izquierda
62,530000,8,3,4,Derecha
38,510000,8,6,6,Centro
18,2890000,5,5,6,Derecha
55,840000,6,8,6,Centro
31,1640000,7,3,8,Derecha
44,1060000,5,7,6,Izquierda
52,990000,7,2,6,Derecha
48,1180000,8,5,9,Izquierda
60,1980000,7,5,5,Centro
50,1650000,4,9,5,Izquierda
80,2710000,8,4,8,Derecha
52,1090000,6,4,5,Centro
43,630000,8,6,5,Centro
19,560000,4,8,3,Izquierda
30,1520000,6,6,6,Centro
42,910000,8,5,7,Derecha
46,1910000,4,4,7,Derecha
18,910000,3,6,3,Izquierda
57,2510000,5,6,8,Derecha
54,2960000,6,5,7,Derecha
52,1370000,9,4,5,Derecha
49,900000,6,8,3,Izquierda
37,1130000,8,4,5,Derecha
18,780000,8,7,7,Derecha
31,960000,5,7,6,Izquierda
33,360000,6,4,5,Izquierda
54,1560000,5,5,6,Centro
24,1080000,3,7,5,Centro
57,440000,5,4,6,Centro
42,350000,6,5,9,Centro
63,1610000,7,7,7,Centro
74,1710000,8,3,7,Derecha
37,2730000,3,7,5,Izquierda
18,990000,6,8,7,Centro
24,1700000,6,5,6,Centro
21,470000,1,6,6,Izquierda
43,1630000,5,2,6,Derecha
27,1580000,4,6,9,Izquierda
18,1280000,6,3,3,Derecha
38,950000,9,2,7,Derecha
46,1310000,6,4,8,Centro
33,760000,4,8,6,Izquierda
30,2240000,3,7,5,Centro
54,2700000,5,6,6,Centro
62,980000,7,5,6,Derecha
40,460000,3,5,4,Izquierda
34,710000,9,7,6,Derecha
41,580000,3,4,8,Derecha
33,1510000,4,4,1,Izquierda
31,730000,5,6,5,Centro
28,350000,3,6,3,Izquierda
51,1540000,8,4,7,Derecha
33,860000,8,4,8,Derecha
50,1680000,6,5,3,Centro
53,1240000,4,3,6,Derecha
62,1560000,9,3,7,Derecha
58,1180000,4,8,4,Izquierda
45,730000,5,2,4,Centro
42,600000,8,4,7,Derecha
25,800000,5,5,3,Centro
40,1370000,5,4,7,Derecha
28,680000,6,5,7,Izquierda
67,2090000,6,7,9,Centro
58,920000,6,4,10,Derecha
34,780000,4,6,7,Centro
60,1690000,5,4,6,Derecha
65,1920000,6,4,5,Centro
57,1620000,9,1,7,Derecha
46,1250000,6,5,3,Derecha
18,750000,6,3,8,Centro
80,1140000,5,6,4,Centro
35,2090000,5,6,6,Centro
68,2080000,10,2,7,Derecha
39,1810000,4,6,4,Izquierda
64,2450000,3,7,6,Centro
48,3720000,9,4,7,Derecha
62,2260000,3,5,3,Centro
39,910000,7,2,3,Centro
38,1620000,10,2,10,Derecha
56,640000,6,8,2,Izquierda
57,1020000,6,5,3,Izquierda
64,1740000,8,4,6,Derecha
51,350000,6,3,4,Centro
18,810000,7,5,7,Derecha
27,1620000,8,6,5,Derecha
42,350000,8,4,8,Centro
33,1210000,5,5,6,Centro
46,1270000,6,6,7,Centro
74,2750000,8,4,8,Derecha
56,720000,7,1,8,Derecha
35,2380000,4,10,7,Centro
18,1400000,3,3,6,Centro
44,1730000,8,5,7,Centro
27,1020000,4,8,4,Izquierda
51,1040000,3,8,2,Izquierda
43,1450000,7,3,8,Derecha
51,590000,6,5,4,Derecha
37,1820000,5,5,4,Centro
34,950000,4,7,6,Izquierda
34,2680000,6,8,5,Izquierda
24,1010000,4,7,8,Izquierda
54,350000,3,6,7,Derecha
29,1850000,5,5,7,Centro
45,720000,4,6,9,Centro
52,1590000,7,6,7,Centro
50,400000,6,7,7,Derecha
63,2190000,2,7,6,Izquierda
28,1260000,7,3,7,Derecha
50,2570000,3,6,3,Centro
51,2230000,1,9,9,Izquierda
44,1320000,2,9,2,Izquierda
33,1740000,7,6,3,Centro
43,710000,5,8,5,Centro
62,450000,8,5,4,Centro
48,1090000,5,6,9,Centro
54,2770000,6,5,5,Centro
55,1810000,2,6,2,Centro
44,1830000,9,6,4,Izquierda
60,1130000,6,3,3,Centro
61,960000,5,5,5,Centro
34,1270000,6,6,4,Centro
35,950000,2,7,2,Izquierda
53,1390000,3,10,6,Izquierda
42,1060000,7,2,2,Derecha
33,1350000,3,7,3,Izquierda
40,1170000,3,8,1,Izquierda
66,600000,3,7,6,Izquierda
55,2270000,5,4,6,Derecha
42,1370000,3,4,5,Centro
28,980000,7,6,7,Centro
46,1600000,9,4,9,Derecha
31,880000,2,8,5,Izquierda
35,700000,4,7,4,Izquierda
45,1150000,4,6,3,Izquierda
31,1870000,5,8,3,Izquierda
62,1210000,6,7,6,Derecha
39,830000,7,5,3,Centro
44,740000,6,3,8,Centro
54,1100000,1,10,3,Izquierda
30,730000,4,8,2,Izquierda
53,1250000,4,5,5,Centro
55,660000,4,5,6,Centro
31,990000,3,9,2,Izquierda
47,610000,6,3,5,Derecha
47,620000,7,5,7,Derecha
19,1420000,6,7,4,Centro
27,1090000,4,4,4,Centro
51,1250000,3,6,6,Centro
36,1440000,3,7,5,Izquierda
44,3180000,5,5,2,Centro
44,1820000,8,4,6,Derecha
48,3530000,3,4,1,Derecha
52,1070000,4,5,6,Derecha
37,710000,2,7,2,Izquierda
41,3120000,4,7,8,Izquierda
71,1570000,3,9,4,Izquierda
32,350000,5,7,7,Centro
33,860000,6,8,7,Izquierda
72,1550000,6,8,7,Centro
32,850000,3,7,4,Izquierda
60,790000,8,5,3,Derecha
26,1570000,8,7,8,Derecha
43,1130000,1,10,4,Izquierda
18,1220000,9,2,4,Derecha
38,2280000,2,8,5,Izquierda
73,970000,4,8,7,Izquierda
62,1240000,5,10,3,Izquierda
31,2040000,6,4,7,Centro
29,840000,3,6,3,Izquierda
47,1030000,7,5,9,Derecha
28,850000,3,6,4,Izquierda
51,2380000,4,8,4,Izquierda
40,780000,3,5,5,Izquierda
32,1730000,2,9,4,Izquierda
51,650000,1,7,4,Izquierda
49,350000,5,3,8,Derecha
63,970000,2,3,2,Centro
66,1580000,4,3,5,Centro
23,540000,8,7,6,Centro
42,810000,6,5,6,Centro
59,3210000,2,7,2,Izquierda
37,770000,5,4,10,Centro
53,1560000,3,7,3,Centro
30,470000,7,6,7,Derecha
24,1090000,1,8,2,Izquierda
57,350000,4,6,7,Izquierda
19,1590000,4,9,7,Izquierda
51,730000,8,7,6,Centro
35,750000,2,8,8,Izquierda
51,3730000,9,4,4,Derecha
18,900000,8,3,9,Derecha
58,1440000,5,3,4,Derecha
30,2020000,5,9,7,Izquierda
20,1590000,5,5,7,Centro
53,600000,7,7,7,Derecha
37,650000,5,3,5,Izquierda
38,1150000,8,8,7,Centro
36,3880000,4,7,4,Izquierda
42,980000,7,6,3,Centro
80,1500000,3,4,8,Centro
43,3370000,5,7,9,Centro
42,1890000,5,6,4,Centro
45,2720000,5,6,10,Centro
57,1260000,3,5,4,Centro
53,2730000,5,4,6,Centro
18,2890000,5,10,7,Izquierda
24,510000,6,6,3,Izquierda
40,350000,5,6,9,Izquierda
52,800000,8,5,6,Derecha
47,830000,3,3,6,Derecha
50,350000,3,8,4,Izquierda
38,1020000,8,6,9,Derecha
39,1290000,5,7,6,Centro
21,1050000,7,3,6,Derecha
41,650000,6,5,7,Centro
42,850000,6,5,6,Centro
35,1060000,2,7,5,Centro
41,1360000,5,5,4,Centro
60,1050000,6,3,8,Derecha
51,350000,6,8,3,Izquierda
49,1570000,6,3,6,Centro
55,870000,9,6,4,Centro
53,560000,6,4,6,Derecha
41,570000,4,5,6,Centro
23,1420000,9,7,4,Izquierda
53,1200000,9,4,6,Derecha
32,1230000,8,7,5,Derecha
42,3010000,10,4,10,Derecha
40,350000,4,2,7,Centro
58,900000,10,2,6,Derecha
58,3160000,7,6,3,Derecha
37,850000,5,5,6,Izquierda
41,1070000,4,4,6,Derecha
45,1810000,5,10,4,Izquierda
25,1040000,5,4,5,Centro
62,2370000,2,7,3,Izquierda
56,550000,5,6,4,Derecha
32,1130000,5,7,7,Centro
60,1070000,4,8,6,Centro
45,1210000,7,4,8,Centro
49,2700000,2,9,4,Izquierda
45,1500000,7,3,5,Derecha
72,1390000,9,4,5,Derecha
80,770000,5,5,5,Centro
41,3300000,6,6,3,Centro
44,1970000,3,4,6,Centro
29,950000,9,2,4,Derecha
66,2810000,6,4,6,Derecha
29,940000,5,8,5,Izquierda
36,1000000,4,5,8,Derecha
49,1160000,8,6,7,Derecha
60,1360000,4,5,2,Izquierda
47,2170000,4,8,7,Centro
64,1720000,3,6,4,Izquierda
22,1430000,6,4,3,Izquierda
56,920000,7,9,3,Izquierda
45,3910000,9,4,7,Derecha
43,700000,2,7,5,Izquierda
56,1260000,6,7,4,Centro
46,1250000,6,1,5,Derecha
67,1350000,4,6,4,Centro
22,1610000,7,6,7,Derecha
34,610000,5,4,3,Centro
59,1850000,6,2,5,Derecha
55,1180000,6,6,8,Derecha
41,1820000,5,4,6,Derecha
34,1150000,7,7,4,Izquierda
27,1250000,4,6,5,Izquierda
45,420000,5,5,7,Centro
52,1600000,7,4,8,Derecha
52,1170000,8,7,7,Derecha
62,940000,2,4,5,Centro
54,1420000,2,8,7,Izquierda
58,1330000,5,5,6,Centro
63,350000,7,5,5,Derecha
45,1650000,5,6,4,Izquierda
18,1790000,9,3,7,Derecha
50,1080000,6,3,4,Derecha
18,2070000,5,4,4,Izquierda
28,1270000,7,7,4,Centro
32,1140000,3,7,4,Centro
63,370000,4,7,3,Izquierda
49,920000,2,7,6,Centro
53,1160000,4,4,6,Centro
23,3200000,7,3,9,Derecha
46,350000,8,5,4,Derecha
39,350000,9,1,6,Derecha
53,920000,7,6,5,Centro
38,1140000,6,7,4,Izquierda
33,2190000,2,7,8,Centro
50,1610000,7,8,10,Centro
56,620000,4,6,9,Izquierda
52,690000,9,6,9,Derecha
66,930000,7,6,7,Centro
67,1090000,3,5,1,Centro
55,710000,3,9,7,Izquierda
18,1700000,5,6,4,Izquierda
49,1290000,8,4,4,Derecha
38,350000,8,7,4,Centro
22,1590000,1,8,3,Izquierda
47,1410000,5,2,8,Derecha
51,640000,1,9,6,Izquierda
23,350000,3,5,5,Izquierda
44,1480000,9,5,4,Izquierda
36,5020000,2,7,3,Izquierda
52,710000,4,5,5,Centro
20,820000,7,6,7,Derecha
48,970000,5,6,4,Centro
18,670000,5,5,8,Izquierda
54,690000,4,7,6,Izquierda
40,1580000,8,5,8,Derecha
71,4420000,3,5,3,Izquierda
45,350000,3,7,5,Izquierda
41,710000,7,6,4,Izquierda
66,680000,6,9,6,Centro
18,1600000,7,6,7,Derecha
31,1400000,8,5,3,Centro
65,1050000,5,3,2,Derecha
64,1520000,7,6,5,Derecha
46,1760000,6,5,7,Centro
35,770000,5,5,4,Izquierda
27,1780000,2,6,6,Izquierda
56,680000,7,2,5,Derecha
48,1700000,9,4,6,Derecha
27,350000,6,4,5,Centro
41,1230000,6,3,7,Derecha
35,530000,6,4,6,Centro
18,860000,2,8,7,Izquierda
59,610000,7,7,9,Centro
18,5500000,8,5,4,Derecha
84,640000,5,4,3,Izquierda
67,1680000,6,5,3,Derecha
51,1990000,7,4,6,Centro
49,1550000,4,7,5,Izquierda
37,950000,7,3,7,Derecha
28,2330000,9,2,9,Derecha
46,3500000,6,3,6,Derecha
39,1060000,3,7,5,Centro
69,760000,6,4,4,Centro
62,1070000,4,2,6,Centro
35,1730000,6,3,4,Centro
41,710000,2,9,6,Izquierda
25,1340000,7,4,6,Derecha
46,2540000,5,5,4,Izquierda
47,2270000,7,6,6,Centro
18,800000,4,6,4,Centro
45,2110000,3,2,4,Derecha
51,1050000,4,6,5,Izquierda
29,850000,7,6,6,Centro
32,1890000,7,5,2,Centro
64,1220000,4,4,5,Derecha
45,780000,6,2,6,Derecha
34,1690000,6,6,4,Centro
46,1900000,5,5,8,Centro
32,720000,8,6,2,Izquierda
47,1560000,6,5,8,Derecha
43,350000,5,9,4,Izquierda
36,620000,6,5,2,Centro
24,2390000,5,7,1,Izquierda
31,1010000,4,5,6,Izquierda
52,1830000,6,6,7,Derecha
60,1150000,5,3,8,Derecha
37,1320000,5,6,5,Centro
72,2120000,1,8,3,Izquierda
40,560000,5,6,6,Izquierda
51,740000,6,5,9,Derecha
57,1020000,8,4,6,Derecha
41,940000,3,6,2,Centro
21,1320000,6,6,7,Centro
49,610000,4,9,3,Izquierda
51,1010000,4,8,4,Centro
40,2420000,7,5,2,Centro
42,2430000,5,4,6,Derecha
30,350000,5,6,10,Centro
43,590000,9,3,5,Derecha
44,590000,4,7,6,Izquierda
40,1400000,1,10,4,Izquierda
42,860000,7,4,7,Centro
51,1240000,8,7,6,Derecha
35,980000,4,6,8,Centro
59,540000,3,3,1,Izquierda
38,1190000,8,4,6,Centro
40,1390000,8,6,5,Centro
70,2720000,5,7,5,Izquierda
43,950000,7,5,6,Centro
28,1180000,4,8,3,Izquierda
54,870000,6,8,2,Izquierda
45,1940000,8,9,5,Centro
25,1640000,5,7,2,Izquierda
41,2590000,5,6,10,Centro
20,1850000,7,3,9,Derecha
27,2500000,4,8,7,Izquierda
22,2340000,3,5,6,Izquierda
53,2050000,7,3,5,Derecha
40,1140000,7,4,2,Centro
62,590000,3,5,4,Izquierda
29,530000,3,5,4,Centro
55,740000,4,8,6,Izquierda
42,1840000,6,5,7,Centro
32,2630000,8,7,7,Derecha
36,350000,3,7,6,Izquierda
25,1040000,5,6,8,Centro
60,3520000,4,5,5,Centro
52,770000,6,6,4,Izquierda
68,1940000,9,3,7,Derecha
18,1280000,3,4,4,Izquierda
18,1950000,6,7,3,Izquierda
56,800000,2,8,5,Izquierda
18,3730000,4,4,5,Derecha
45,820000,7,3,3,Derecha
32,1440000,6,3,5,Derecha
68,1270000,5,3,4,Centro
43,1170000,4,8,2,Izquierda
47,3240000,6,4,6,Izquierda
53,1920000,6,4,7,Centro
85,380000,7,4,3,Derecha
58,2510000,4,9,3,Izquierda
39,2160000,7,6,5,Centro
55,1170000,3,3,2,Centro
39,2150000,6,6,10,Centro
34,1200000,7,5,6,Centro
34,2190000,8,10,3,Izquierda
39,2080000,7,6,7,Derecha
63,770000,5,7,4,Izquierda
28,1400000,5,5,4,Centro
41,1330000,4,8,4,Centro
65,1610000,7,6,5,Centro
57,640000,5,4,5,Centro
32,950000,3,7,8,Izquierda
30,860000,5,7,5,Izquierda
60,560000,3,5,4,Izquierda
52,1160000,7,5,5,Derecha
30,420000,5,6,7,Centro
45,1900000,6,5,8,Centro
64,1070000,5,8,6,Izquierda
49,1850000,9,6,6,Derecha
65,2080000,7,2,7,Derecha
43,1080000,3,5,5,Centro
26,1470000,6,6,8,Centro
63,1940000,3,10,4,Izquierda
37,1060000,4,7,8,Izquierda
32,840000,8,3,5,Derecha
75,2640000,5,5,4,Centro
55,1780000,7,5,5,Derecha
41,510000,4,9,7,Izquierda
50,2250000,7,4,5,Derecha
56,1370000,7,5,7,Derecha
73,2230000,2,5,3,Izquierda
47,2040000,6,6,6,Centro
47,1430000,4,7,4,Izquierda
37,910000,6,4,8,Derecha
38,500000,4,6,4,Izquierda
61,540000,9,7,3,Centro
39,1610000,10,4,6,Derecha
18,500000,7,3,3,Derecha
59,1670000,8,5,6,Derecha
48,2130000,7,7,6,Derecha
36,690000,5,4,7,Centro
64,4430000,5,2,4,Centro
40,770000,8,4,6,Centro
50,1290000,2,5,2,Centro
51,350000,5,5,6,Izquierda
40,910000,5,7,5,Izquierda
39,1440000,9,4,4,Derecha
53,2800000,5,4,3,Centro
34,500000,9,4,5,Derecha
66,780000,6,4,5,Centro
43,1570000,6,6,9,Centro
72,800000,8,5,9,Derecha
63,490000,6,2,8,Derecha
43,1200000,7,3,6,Derecha
58,1090000,4,4,3,Izquierda
18,660000,7,6,5,Derecha
48,700000,6,6,8,Derecha
53,840000,9,5,5,Derecha
31,790000,4,5,7,Izquierda
48,1430000,5,8,7,Izquierda
51,2040000,4,6,8,Izquierda
49,920000,6,4,6,Derecha
30,730000,7,6,5,Centro
42,1230000,6,6,7,Derecha
68,2840000,5,6,5,Centro
38,870000,6,6,6,Izquierda
53,1000000,8,1,6,Derecha
34,1210000,5,7,6,Derecha
30,930000,9,7,6,Derecha
68,3840000,6,3,7,Derecha
21,1530000,3,8,1,Izquierda
36,2100000,6,7,9,Centro
21,700000,6,5,5,Centro
21,1030000,6,8,5,Izquierda
42,1390000,5,7,7,Centro
46,4810000,7,7,5,Centro
19,540000,9,4,7,Derecha
62,570000,5,5,2,Centro
45,1440000,6,6,7,Derecha
43,460000,6,5,5,Derecha
42,5310000,6,5,9,Derecha
28,1180000,4,5,6,Centro
36,1930000,3,7,6,Centro
29,1460000,3,7,5,Izquierda
63,3300000,5,6,3,Centro
85,1060000,6,10,7,Centro
45,410000,4,5,4,Izquierda
41,730000,5,4,7,Centro
58,860000,6,5,8,Centro
23,1220000,5,4,3,Centro
39,1980000,5,9,3,Izquierda
24,940000,6,3,3,Centro
41,990000,6,5,1,Izquierda
30,4490000,3,7,5,Centro
42,520000,7,7,6,Derecha
54,940000,5,9,5,Izquierda
31,840000,7,7,7,Centro
34,370000,7,5,5,Centro
34,1610000,10,7,8,Derecha
50,450000,6,2,9,Derecha
40,690000,5,3,6,Centro
28,910000,4,6,6,Izquierda
53,770000,7,5,7,Derecha
60,510000,6,4,7,Derecha
47,1340000,7,6,4,Izquierda
36,730000,6,6,3,Derecha
55,1210000,2,6,1,Izquierda
48,1520000,7,9,7,Centro
40,2120000,7,5,5,Centro
42,1620000,5,6,6,Derecha
63,490000,3,7,5,Izquierda
48,5500000,7,5,5,Derecha
76,950000,4,7,3,Izquierda
62,1080000,8,2,6,Derecha
85,1900000,5,7,4,Centro
25,930000,6,2,7,Derecha
46,560000,10,5,8,Derecha
51,1170000,6,5,3,Centro
30,740000,8,1,8,Derecha
29,1720000,5,8,3,Izquierda
27,1180000,7,5,4,Centro
57,4330000,7,2,5,Derecha
19,1180000,3,4,6,Centro
28,870000,7,5,3,Centro
47,660000,6,2,8,Derecha
59,1060000,6,4,5,Derecha
49,1300000,6,3,5,Izquierda
50,410000,6,7,5,Centro
51,1610000,7,7,6,Derecha
29,4010000,5,4,3,Centro
52,1450000,7,5,7,Centro
44,850000,2,7,2,Izquierda
21,710000,5,4,5,Centro
65,3790000,6,6,6,Centro
37,550000,5,6,2,Izquierda
18,880000,4,6,7,Centro
30,1020000,8,6,9,Derecha
40,1400000,3,7,4,Centro
24,670000,5,4,5,Derecha
50,1200000,6,7,8,Derecha
80,350000,7,5,7,Derecha
55,350000,8,5,2,Izquierda
39,410000,5,6,8,Centro
48,570000,4,6,1,Izquierda
35,2790000,5,10,7,Izquierda
23,3070000,4,7,3,Izquierda
53,780000,5,8,8,Centro
53,550000,4,6,4,Izquierda
52,670000,7,9,7,Centro
68,990000,7,7,9,Centro
57,690000,8,6,5,Centro
18,540000,4,7,4,Izquierda
34,750000,5,4,8,Centro
55,2510000,5,5,6,Centro
57,1570000,4,4,2,Izquierda
50,1320000,8,4,7,Derecha
33,3960000,7,8,7,Centro
67,870000,6,5,5,Derecha
18,2080000,4,4,4,Derecha
50,1340000,3,3,5,Centro
57,670000,7,5,6,Derecha
62,3440000,9,3,10,Derecha
72,400000,8,1,6,Derecha
44,2230000,6,6,8,Derecha
36,480000,6,8,6,Centro
45,800000,6,4,7,Centro
18,1090000,6,3,6,Centro
27,350000,7,7,7,Derecha
85,2970000,7,5,8,Derecha
32,1860000,8,2,5,Derecha
30,770000,2,5,7,Derecha
18,610000,4,5,1,Centro
41,770000,8,5,9,Derecha
51,1080000,8,7,8,Centro
40,1230000,5,7,7,Centro
29,880000,6,4,5,Derecha
44,2090000,8,1,4,Derecha
43,720000,7,4,6,Derecha
48,3610000,4,4,7,Centro
20,1040000,9,4,6,Derecha
47,600000,2,5,7,Izquierda
34,3520000,6,5,5,Izquierda
38,1480000,4,5,6,Centro
39,2280000,5,7,2,Izquierda
45,480000,2,6,1,Izquierda
51,530000,5,4,3,Izquierda
48,3640000,5,6,7,Derecha
56,1280000,4,6,7,Derecha
43,1030000,1,8,6,Izquierda
44,1660000,3,7,4,Izquierda
35,480000,5,6,7,Centro
32,760000,7,6,4,Izquierda
41,900000,10,2,8,Derecha
48,1740000,7,4,7,Derecha
37,1110000,3,9,4,Izquierda
39,2060000,5,7,7,Izquierda
20,1320000,9,7,9,Centro
39,580000,9,5,8,Derecha
46,470000,3,3,5,Derecha
56,1310000,6,7,8,Derecha
34,1020000,9,4,7,Derecha
36,3410000,6,6,7,Derecha
52,460000,8,4,5,Derecha
48,950000,6,4,4,Centro
57,2120000,8,2,9,Derecha
42,890000,7,3,6,Centro
22,2410000,5,6,4,Centro
38,2810000,2,7,2,Izquierda
49,750000,6,6,4,Izquierda
28,2100000,5,6,4,Izquierda
37,1620000,3,6,4,Izquierda
57,870000,5,9,3,Izquierda
41,1790000,4,6,7,Centro
18,760000,7,5,2,Centro
43,1010000,4,6,5,Izquierda
39,1200000,7,6,4,Centro
31,1950000,3,6,10,Centro
38,1340000,4,5,3,Izquierda
38,430000,1,6,6,Izquierda
61,1680000,7,4,2,Centro
56,650000,4,6,3,Izquierda
21,1600000,8,4,6,Derecha
41,950000,5,7,2,Izquierda
35,1030000,4,7,4,Centro
18,1010000,5,7,4,Centro
70,1770000,2,9,5,Izquierda
62,740000,5,4,3,Derecha
51,2420000,7,3,4,Derecha
52,1950000,4,8,3,Izquierda
34,740000,9,3,5,Derecha
57,1520000,2,7,5,Izquierda
56,1110000,4,8,5,Izquierda
36,1560000,5,6,6,Izquierda
32,880000,5,9,6,Izquierda
54,1000000,7,4,4,Centro
61,670000,2,8,6,Izquierda
39,540000,4,4,4,Centro
44,530000,7,6,5,Derecha
23,4610000,2,4,4,Izquierda
50,1650000,6,5,4,Derecha
31,3390000,3,4,4,Izquierda
36,1540000,9,4,10,Derecha
18,1550000,4,9,4,Izquierda
49,1750000,6,6,6,Izquierda
24,510000,7,5,4,Centro
47,1320000,7,2,10,Derecha
36,4460000,5,7,5,Centro
45,2090000,6,5,7,Centro
36,770000,8,3,5,Derecha
18,500000,9,3,8,Derecha
46,1020000,5,7,10,Centro
70,2340000,4,3,5,Centro
18,540000,4,7,6,Izquierda
46,4130000,3,8,7,Centro
55,1190000,9,6,5,Derecha
42,770000,6,6,6,Centro
68,780000,3,7,7,Centro
51,790000,6,1,3,Centro
18,380000,4,4,6,Centro
78,350000,5,6,6,Centro
33,1010000,5,9,2,Izquierda
45,1870000,5,6,7,Izquierda
18,850000,7,7,7,Centro
27,1210000,4,6,4,Centro
43,2310000,5,5,7,Izquierda
52,1060000,4,2,6,Derecha
29,1300000,6,4,3,Derecha
43,630000,7,6,5,Derecha
40,3510000,4,8,6,Izquierda
61,1230000,6,6,4,Derecha
76,2140000,7,3,8,Derecha
48,3620000,5,5,3,Centro
57,710000,9,7,8,Derecha
41,770000,4,5,6,Centro
23,1390000,6,6,3,Centro
50,3320000,5,7,5,Derecha
69,480000,5,3,5,Derecha
65,1710000,6,5,5,Derecha
48,3550000,6,4,7,Derecha
44,640000,7,7,7,Derecha
74,1020000,6,3,8,Derecha
29,1280000,5,5,4,Izquierda
46,420000,6,3,4,Derecha
44,1220000,5,3,5,Derecha
56,830000,8,2,8,Derecha
58,2260000,6,3,4,Derecha
30,800000,6,4,5,Centro
42,350000,6,4,6,Derecha
57,500000,9,5,3,Centro
30,2100000,7,3,9,Derecha
26,460000,6,7,5,Izquierda
29,800000,3,8,1,Izquierda
53,1280000,3,10,4,Izquierda
18,2420000,4,6,2,Centro
62,1140000,9,4,7,Derecha
49,1990000,7,4,5,Derecha
41,990000,6,8,8,Centro
32,1370000,4,4,5,Derecha
51,1490000,7,4,5,Centro
23,860000,5,5,7,Centro
45,1980000,4,6,3,Izquierda
57,580000,7,5,4,Centro
31,890000,4,6,8,Izquierda
49,3780000,5,7,6,Centro
47,1130000,8,1,9,Derecha
38,990000,9,5,3,Derecha
25,1800000,7,5,7,Centro
47,460000,6,4,3,Izquierda
54,3660000,4,6,4,Centro
63,4840000,6,9,5,Centro
33,1170000,6,4,6,Derecha
36,730000,3,5,6,Centro
31,2490000,5,3,5,Derecha
33,1160000,5,1,5,Derecha
47,1120000,7,1,5,Derecha
42,1090000,7,5,4,Izquierda
43,900000,9,2,6,Derecha
40,1230000,7,9,9,Centro
34,690000,2,6,7,Izquierda
31,1280000,3,5,6,Izquierda
52,380000,7,5,8,Derecha
40,5500000,4,7,6,Izquierda
41,1380000,1,6,5,Izquierda
35,1550000,8,5,6,Derecha
50,640000,6,4,7,Centro
39,900000,3,6,6,Izquierda
35,950000,8,4,8,Centro
41,1060000,7,8,4,Izquierda
49,1650000,6,6,4,Centro
85,850000,4,6,5,Centro
40,4020000,3,6,2,Izquierda
38,780000,9,7,5,Centro
43,650000,6,7,6,Derecha
49,5500000,6,5,6,Centro
28,2410000,6,5,2,Centro
51,1160000,6,7,5,Izquierda
40,650000,6,4,6,Centro
67,710000,7,4,8,Derecha
65,690000,2,5,6,Centro
36,740000,4,7,6,Izquierda
73,3140000,7,4,7,Derecha
38,2470000,6,4,8,Derecha
45,920000,6,4,7,Centro
66,610000,7,5,5,Derecha
55,2180000,6,7,4,Centro
39,550000,2,7,8,Izquierda
58,1270000,7,3,5,Centro
57,2200000,4,10,10,Centro
28,350000,2,4,3,Izquierda
61,4810000,5,5,7,Derecha
46,350000,4,4,6,Derecha
36,590000,3,5,2,Izquierda
25,1070000,4,8,6,Izquierda
69,2180000,7,4,6,Centro
44,470000,6,1,6,Derecha
44,630000,5,6,5,Centro
35,1210000,4,5,5,Centro
47,1240000,6,4,3,Centro
22,770000,8,5,6,Derecha
30,940000,3,8,1,Izquierda
18,850000,5,9,7,Izquierda
47,1970000,7,7,7,Centro
40,1550000,5,2,7,Derecha
18,1080000,7,5,7,Centro
54,830000,9,4,7,Derecha
18,1270000,7,6,3,Centro
46,1470000,7,7,4,Izquierda
55,1280000,9,6,4,Centro
51,1240000,5,6,5,Izquierda
45,2100000,8,3,4,Derecha
41,1850000,7,3,6,Derecha
48,910000,6,5,7,Centro
54,840000,3,5,4,Izquierda
37,670000,4,8,4,Izquierda
53,600000,7,5,4,Derecha
62,3090000,7,1,4,Derecha
32,1060000,3,10,4,Izquierda
31,370000,7,4,6,Derecha
53,2760000,4,6,4,Centro
50,4250000,7,4,5,Derecha
34,410000,6,5,7,Centro
26,750000,6,8,5,Centro
18,5500000,5,4,4,Izquierda
56,1480000,7,9,3,Centro
21,450000,1,5,1,Izquierda
34,550000,5,4,2,Centro
29,620000,5,5,6,Derecha
38,630000,2,5,6,Izquierda
18,2330000,6,5,4,Centro
50,1140000,10,5,5,Derecha
47,1010000,2,6,2,Izquierda
50,2210000,3,3,7,Centro
29,1000000,1,10,3,Izquierda
24,2490000,7,6,6,Centro
57,750000,1,8,4,Izquierda
62,810000,7,6,7,Centro
22,730000,8,4,8,Derecha
46,690000,7,8,4,Centro
18,1000000,5,9,4,Izquierda
71,4330000,6,4,4,Centro
42,1870000,4,6,3,Derecha
49,1990000,4,3,8,Centro
45,380000,6,7,7,Centro
62,1220000,7,4,3,Derecha
28,1960000,7,4,5,Derecha
42,1130000,4,6,3,Izquierda
65,480000,5,2,5,Derecha
49,1330000,9,5,5,Derecha
45,2000000,5,7,3,Centro
35,470000,6,6,7,Centro
63,2310000,3,6,6,Centro
47,1260000,6,7,8,Centro
55,1240000,5,4,7,Derecha
58,1440000,7,4,10,Derecha
40,730000,2,5,3,Centro
53,2870000,5,7,7,Izquierda
48,670000,4,5,3,Centro
34,850000,7,7,10,Derecha
27,3430000,6,6,8,Izquierda
44,920000,4,3,3,Derecha
29,1050000,7,1,5,Centro
58,920000,6,2,5,Derecha
45,620000,7,3,1,Centro
64,350000,9,5,8,Derecha
44,1060000,5,10,4,Izquierda
60,1110000,4,7,8,Centro
56,1540000,7,7,6,Centro
47,1950000,4,3,2,Derecha
31,810000,5,9,6,Izquierda
40,1060000,10,3,7,Derecha
34,350000,6,5,4,Centro
41,1030000,6,7,4,Izquierda
52,5500000,4,6,5,Centro
49,1990000,4,6,7,Centro
50,1140000,7,6,10,Centro
67,1530000,4,6,5,Centro
30,1120000,5,4,7,Centro
27,1200000,5,2,6,Derecha
50,1200000,6,5,3,Derecha
36,3720000,1,10,7,Izquierda
61,990000,3,8,5,Izquierda
53,1680000,3,3,4,Izquierda
54,600000,9,4,8,Centro
52,1180000,5,7,6,Centro
59,820000,5,6,6,Centro
22,460000,7,4,2,Centro
52,960000,6,8,9,Izquierda
26,2220000,3,8,8,Izquierda
44,570000,7,7,5,Centro
40,590000,3,8,3,Centro
43,1070000,6,4,5,Centro
42,1290000,5,5,9,Centro
41,1690000,5,2,7,Centro
41,5500000,5,9,3,Izquierda
39,1930000,4,6,8,Centro
57,1690000,4,5,4,Izquierda
25,2070000,4,5,5,Centro
42,720000,5,4,6,Izquierda
67,710000,6,7,5,Derecha
34,1270000,8,3,6,Centro
59,3040000,8,5,4,Centro
29,610000,5,5,10,Derecha
57,2070000,8,4,7,Derecha
60,610000,4,9,5,Izquierda
34,470000,5,5,3,Centro
47,800000,8,6,7,Derecha
42,570000,5,5,2,Izquierda
40,2510000,9,5,8,Derecha
48,950000,6,5,4,Centro
73,2340000,5,4,3,Centro
37,1730000,3,9,7,Izquierda
40,1380000,1,7,5,Izquierda
70,410000,7,7,7,Centro
26,1800000,5,5,8,Centro
74,1230000,5,5,5,Derecha
51,730000,6,2,6,Derecha
51,1320000,8,4,5,Derecha
18,820000,3,4,4,Izquierda
53,500000,4,4,2,Izquierda
66,1500000,7,6,8,Derecha
30,1070000,1,6,1,Izquierda
43,690000,6,6,6,Centro
25,1060000,5,4,5,Centro
40,1320000,4,4,6,Izquierda
54,350000,6,3,9,Derecha
32,630000,5,6,1,Izquierda
48,1730000,8,3,7,Derecha
54,2230000,4,7,5,Centro
51,890000,3,9,5,Izquierda
56,3840000,4,8,6,Izquierda
50,2080000,7,4,4,Centro
18,890000,9,7,5,Derecha
39,350000,8,4,6,Derecha
40,2340000,4,3,4,Centro
34,580000,5,6,3,Centro
20,510000,5,8,1,Izquierda
56,670000,6,6,8,Derecha
33,1310000,4,5,6,Izquierda
56,350000,8,5,5,Derecha
18,630000,7,4,5,Centro
33,2300000,5,4,9,Derecha
47,860000,8,3,8,Derecha
57,1640000,7,1,4,Derecha
50,3710000,7,3,5,Derecha
46,1480000,5,5,7,Derecha
41,670000,7,5,7,Derecha
18,3990000,7,2,4,Derecha
55,1140000,2,9,5,Izquierda
39,1220000,8,5,9,Derecha
29,870000,5,6,3,Centro
45,1060000,3,7,5,Centro
49,1620000,7,5,4,Izquierda
29,650000,5,5,4,Centro
56,620000,6,5,7,Centro
38,1110000,7,6,6,Centro
36,1220000,8,4,3,Derecha
18,1830000,6,5,4,Centro
65,1920000,7,2,8,Derecha
30,2470000,3,5,6,Centro
25,1260000,5,5,3,Izquierda
49,3200000,5,8,3,Izquierda
57,800000,4,6,6,Derecha
28,760000,4,8,2,Izquierda
18,3070000,10,5,6,Derecha
74,380000,6,6,7,Izquierda
39,690000,5,8,4,Izquierda
29,610000,9,3,4,Derecha
28,1690000,6,4,4,Centro
35,970000,7,6,4,Derecha
39,1630000,2,4,9,Centro
45,360000,5,7,3,Izquierda
33,890000,5,4,1,Centro
31,680000,8,4,7,Centro
22,840000,8,6,7,Centro
36,780000,6,5,5,Centro
28,840000,7,6,5,Derecha
47,720000,1,4,2,Centro
26,1780000,6,3,5,Derecha
47,1690000,6,3,7,Centro
34,750000,6,3,7,Centro
74,350000,4,5,4,Izquierda
64,1470000,2,8,3,Izquierda
64,1810000,4,6,4,Izquierda
27,700000,6,5,9,Derecha
25,820000,5,2,7,Derecha
54,1030000,6,6,7,Derecha
52,1210000,5,7,6,Centro
33,1200000,7,6,6,Izquierda
18,2600000,7,6,6,Centro
19,1880000,9,4,5,Derecha
58,1440000,5,5,5,Centro
40,400000,6,5,2,Centro
63,1430000,6,5,6,Centro
29,800000,5,6,1,Izquierda
42,1570000,6,8,6,Izquierda
46,1610000,8,4,8,Derecha
56,2450000,5,6,6,Centro
42,1770000,6,4,5,Derecha
24,1090000,5,2,4,Centro
42,1160000,9,3,5,Derecha
46,1030000,7,4,5,Derecha
56,970000,3,6,5,Izquierda
50,570000,2,7,5,Izquierda
57,2330000,6,3,5,Derecha
42,1470000,7,5,4,Centro
39,780000,5,8,6,Izquierda
57,540000,4,5,6,Centro
65,5500000,6,7,7,Derecha
44,800000,6,7,7,Izquierda
46,350000,7,3,2,Derecha
29,1030000,6,4,4,Centro
35,610000,2,5,6,Izquierda
40,1450000,7,6,7,Centro
23,1280000,9,6,8,Centro
43,1700000,7,6,7,Centro
46,1420000,9,4,6,Derecha
56,830000,6,1,7,Derecha
41,1670000,7,6,3,Centro
42,2790000,3,6,4,Izquierda
29,1810000,4,7,3,Izquierda
39,1260000,7,9,5,Izquierda
43,1020000,5,6,8,Derecha
25,350000,4,8,7,Izquierda
58,1100000,5,8,5,Derecha
18,1830000,9,4,6,Derecha
48,850000,1,7,5,Izquierda
37,2010000,4,7,8,Centro
53,500000,6,7,5,Centro
55,440000,8,1,6,Derecha
45,3260000,4,4,7,Derecha
68,1020000,5,4,10,Centro
72,2060000,5,5,1,Centro
56,1190000,3,5,4,Izquierda
51,1930000,8,6,7,Derecha
50,1380000,6,4,5,Derecha
52,680000,6,4,1,Izquierda
50,3030000,7,7,5,Centro
61,1250000,2,6,5,Izquierda
30,1690000,7,4,6,Centro
42,1060000,7,3,7,Derecha
18,1060000,5,7,4,Izquierda
42,2530000,6,7,6,Izquierda
46,430000,2,6,7,Izquierda
63,1540000,7,6,4,Centro
55,2320000,1,7,6,Centro
62,1040000,5,5,6,Centro
50,2100000,5,4,8,Centro
37,2080000,5,8,3,Centro
47,920000,6,6,9,Centro
28,910000,7,4,4,Izquierda
60,1500000,6,6,4,Centro
50,1270000,9,3,6,Centro
41,800000,5,4,7,Derecha
46,1060000,6,5,5,Centro
37,350000,4,7,1,Izquierda
47,1550000,8,5,8,Derecha
53,1250000,5,8,5,Izquierda
59,1290000,7,6,5,Derecha
62,350000,3,8,3,Izquierda
61,500000,8,3,5,Centro
42,810000,10,2,6,Derecha
29,1900000,7,4,6,Centro
20,1160000,1,6,6,Izquierda
21,1050000,8,3,2,Centro
36,2160000,7,4,6,Derecha
43,680000,3,3,4,Centro
49,660000,5,8,3,Izquierda
18,570000,5,3,4,Derecha
49,2510000,5,8,4,Centro
57,2880000,6,7,8,Centro
35,1900000,5,7,5,Izquierda
60,2470000,5,7,5,Izquierda
48,1320000,4,6,8,Centro
34,1990000,5,6,2,Derecha
68,2100000,6,4,5,Derecha
42,350000,7,3,5,Derecha
44,1040000,4,8,9,Izquierda
24,1000000,6,5,10,Derecha
37,2130000,1,7,7,Izquierda
38,1100000,4,6,5,Centro
49,590000,4,5,5,Centro
39,350000,8,5,8,Derecha
28,1520000,3,7,5,Izquierda
25,2070000,9,2,4,Derecha
59,3460000,6,5,7,Centro
58,480000,6,7,6,Derecha
28,2000000,4,6,5,Izquierda
33,700000,4,7,8,Centro
46,740000,6,4,4,Centro
26,1130000,6,8,6,Centro
54,710000,8,6,9,Derecha
18,1720000,3,4,4,Centro
43,680000,6,7,7,Centro
40,1100000,7,5,5,Centro
19,870000,4,6,1,Izquierda
52,990000,9,1,10,Derecha
30,1180000,7,6,7,Centro
43,1020000,5,7,4,Derecha
57,820000,4,8,5,Izquierda
29,870000,5,5,3,Centro
26,620000,5,7,3,Izquierda
18,810000,6,6,6,Izquierda
62,790000,7,3,7,Derecha
54,1630000,7,3,6,Derecha
32,1430000,6,4,6,Centro
54,850000,6,7,5,Centro
56,1290000,8,1,4,Derecha
60,1300000,8,5,5,Derecha
52,1330000,5,6,6,Izquierda
44,1130000,7,6,8,Centro
31,780000,4,5,8,Derecha
50,860000,5,5,10,Derecha
43,1060000,9,3,3,Derecha
51,2550000,7,4,4,Centro
18,1220000,5,3,5,Derecha
40,2540000,8,5,5,Centro
23,2560000,4,5,4,Centro
27,750000,3,7,3,Izquierda
59,1500000,3,5,1,Izquierda
42,1230000,3,6,8,Derecha
22,750000,6,3,5,Derecha
38,710000,5,5,7,Centro
62,1730000,4,8,5,Centro
26,1420000,4,6,2,Centro
63,3600000,6,2,8,Derecha
67,880000,2,6,4,Centro
59,1220000,6,5,6,Centro
19,1160000,8,6,5,Centro
42,2360000,6,6,5,Centro
35,1260000,6,7,8,Izquierda
40,640000,9,1,5,Derecha
39,1370000,8,6,6,Centro
39,1410000,3,5,1,Izquierda
65,350000,7,3,7,Derecha
32,2680000,7,6,5,Centro
56,1450000,6,7,6,Centro
29,850000,7,5,7,Centro
45,2270000,3,7,2,Izquierda
40,2330000,7,5,7,Centro
37,440000,2,6,7,Centro
33,510000,5,6,6,Centro
53,1430000,2,6,1,Centro
23,2070000,2,7,1,Izquierda
62,970000,6,4,7,Derecha
22,470000,7,4,6,Derecha
38,2820000,5,3,5,Derecha
56,1160000,8,3,9,Derecha
73,1790000,7,5,4,Centro
41,2280000,6,4,7,Derecha
42,620000,5,10,5,Izquierda
53,570000,3,10,1,Izquierda
27,1920000,4,10,2,Izquierda
24,440000,5,8,6,Izquierda
61,1390000,3,5,4,Izquierda
34,1020000,6,5,4,Centro
18,930000,2,9,5,Izquierda
47,580000,9,3,6,Centro
43,2120000,4,7,6,Izquierda
78,860000,5,5,3,Centro
45,2690000,5,5,6,Derecha
62,1020000,4,5,7,Izquierda
36,810000,5,4,5,Centro
61,580000,6,4,6,Derecha
37,1810000,9,6,7,Derecha
62,720000,8,3,4,Derecha
44,3320000,8,5,6,Centro
54,480000,4,9,4,Centro
31,1110000,6,4,7,Derecha
53,1220000,8,4,7,Derecha
62,5500000,3,9,3,Centro
43,570000,2,7,2,Izquierda
46,940000,7,3,6,Derecha
77,890000,3,6,5,Izquierda
24,410000,2,6,4,Izquierda
43,600000,5,6,8,Centro
18,380000,7,4,5,Centro
43,1070000,3,5,5,Izquierda
50,860000,5,6,5,Derecha
46,1730000,5,7,6,Izquierda
56,640000,7,6,6,Derecha
44,350000,4,7,7,Izquierda
58,460000,7,4,7,Derecha
36,1880000,9,1,10,Derecha
47,2010000,7,3,4,Derecha
39,1880000,6,5,6,Derecha
32,1140000,10,8,5,Centro
41,1720000,5,9,8,Izquierda
32,1240000,7,5,10,Centro
51,1210000,6,4,4,Centro
18,1540000,4,6,5,Izquierda
45,1050000,5,3,7,Centro
25,1120000,9,3,7,Derecha
53,570000,4,6,5,Derecha
22,1300000,5,7,6,Centro
59,710000,1,8,4,Izquierda
44,2710000,7,4,6,Derecha
61,3660000,5,8,5,Izquierda
54,1010000,5,5,5,Izquierda
18,650000,3,5,2,Izquierda
53,2340000,3,6,1,Centro
32,3700000,7,7,7,Centro
39,1350000,6,7,6,Derecha
55,350000,8,2,5,Derecha
47,2200000,6,6,7,Izquierda
18,1640000,7,9,7,Centro
48,1230000,7,3,9,Derecha
25,4530000,10,2,3,Derecha
27,1070000,7,5,5,Centro
41,870000,5,5,8,Centro
19,2070000,3,6,9,Izquierda
44,1250000,5,8,5,Izquierda
18,350000,8,8,4,Centro
61,2160000,7,6,9,Derecha
65,1070000,4,5,1,Izquierda
50,610000,5,7,6,Izquierda
27,1120000,3,9,6,Izquierda
38,1870000,5,5,6,Izquierda
42,3210000,3,10,5,Izquierda
49,800000,5,9,5,Izquierda
60,1030000,7,4,4,Centro
30,750000,5,5,7,Derecha
44,1190000,4,6,8,Izquierda
30,370000,7,5,10,Derecha
18,1890000,3,7,6,Centro
62,670000,4,6,5,Derecha
50,2000000,6,3,9,Derecha
39,990000,4,6,6,Centro
43,710000,6,6,5,Izquierda
18,1710000,7,6,5,Derecha
64,1340000,5,6,2,Centro
64,510000,6,8,1,Izquierda
60,1640000,7,5,8,Derecha
71,2260000,4,8,5,Izquierda
43,350000,4,8,2,Izquierda
21,690000,5,5,7,Centro
44,690000,6,4,4,Izquierda
46,1930000,3,4,4,Izquierda
60,1290000,4,6,5,Centro
32,1850000,3,7,6,Izquierda
61,1180000,4,7,1,Izquierda
45,560000,5,5,7,Centro
20,450000,5,5,5,Derecha
27,1410000,4,3,7,Centro
52,3240000,9,2,8,Derecha
65,410000,5,6,6,Centro
45,910000,6,2,5,Derecha
55,640000,4,3,7,Derecha
39,1180000,5,3,1,Izquierda
34,380000,6,6,1,Izquierda
35,700000,6,6,2,Izquierda
19,570000,7,3,6,Derecha
43,940000,7,8,7,Centro
47,930000,6,3,4,Derecha
34,1430000,7,7,6,Centro
55,350000,4,6,6,Izquierda
34,500000,5,6,5,Izquierda
32,890000,3,7,5,Izquierda
39,450000,5,7,5,Izquierda
66,1270000,5,7,7,Centro
26,350000,4,6,4,Centro
40,1880000,5,7,7,Derecha
29,2320000,5,4,5,Izquierda
38,2300000,7,7,2,Izquierda
38,680000,4,2,7,Derecha
48,690000,10,1,5,Derecha
50,2940000,5,1,5,Derecha
77,1290000,6,4,8,Centro
46,4030000,4,6,3,Izquierda
33,720000,9,3,7,Derecha
44,1380000,7,3,5,Derecha
50,890000,5,4,5,Derecha
27,350000,3,4,3,Centro
47,1070000,1,6,2,Izquierda
42,800000,4,10,1,Izquierda
28,2070000,5,4,4,Centro
53,750000,5,5,3,Centro
55,540000,10,2,4,Derecha
55,4740000,7,3,8,Derecha
38,1660000,5,5,6,Centro
50,690000,4,5,5,Centro
33,1090000,3,8,5,Centro
55,1280000,8,3,4,Derecha
31,1060000,7,4,7,Derecha
56,1110000,3,6,4,Izquierda
53,1220000,6,5,6,Derecha
57,1690000,8,4,4,Centro
59,1510000,4,8,7,Izquierda
27,1200000,7,4,3,Izquierda
42,2730000,1,6,3,Izquierda
41,1320000,5,3,7,Derecha
62,5220000,5,3,4,Derecha
45,2170000,3,8,7,Izquierda
61,750000,7,6,6,Derecha
65,1150000,8,3,3,Derecha
31,660000,5,7,6,Izquierda
29,690000,3,4,3,Izquierda
18,1790000,5,5,7,Derecha
30,900000,9,1,5,Derecha
56,990000,6,5,7,Derecha
54,2920000,8,4,8,Derecha
25,2490000,4,5,2,Izquierda
57,2010000,2,8,3,Izquierda
28,2860000,2,9,6,Izquierda
33,750000,4,2,6,Derecha
39,1190000,3,5,6,Centro
44,390000,8,10,5,Centro
67,2550000,3,8,6,Izquierda
61,1200000,8,3,10,Derecha
36,850000,4,7,5,Izquierda
45,3640000,4,4,8,Derecha
53,1670000,9,5,8,Derecha
39,1050000,7,3,6,Derecha
37,350000,7,3,5,Derecha
24,2000000,8,4,10,Derecha
18,1350000,3,7,3,Izquierda
37,730000,5,7,4,Centro
35,1030000,3,7,3,Izquierda
44,1320000,5,5,7,Derecha
60,5130000,5,5,4,Centro
52,1990000,7,3,7,Derecha
67,2070000,5,5,3,Centro
61,370000,5,7,6,Centro
67,760000,7,6,4,Derecha
49,1330000,7,9,5,Centro
68,1180000,7,2,7,Derecha
53,1890000,4,8,7,Izquierda
35,780000,5,7,6,Izquierda
18,1830000,5,3,6,Centro
34,1020000,3,6,4,Izquierda
35,420000,4,5,3,Centro
36,2670000,3,7,2,Izquierda
76,1000000,6,5,5,Derecha
36,1850000,5,7,4,Centro
37,1980000,8,3,4,Derecha
44,3520000,5,5,5,Izquierda
85,760000,4,6,5,Centro
37,3190000,7,7,2,Centro
64,1030000,4,9,5,Izquierda
18,2460000,5,6,5,Izquierda
53,1130000,3,7,5,Izquierda
33,720000,6,6,2,Izquierda
45,530000,7,7,8,Izquierda
56,1590000,7,6,5,Derecha
28,550000,8,3,3,Derecha
34,3970000,6,5,7,Centro
85,430000,8,8,6,Centro
73,860000,6,4,6,Derecha
23,2070000,6,5,5,Centro
49,3180000,5,8,7,Centro
44,3220000,7,4,5,Derecha
36,1510000,2,9,7,Izquierda
48,350000,9,3,6,Derecha
28,420000,4,5,6,Centro
54,3650000,7,5,5,Derecha
41,1180000,4,6,3,Izquierda
53,1650000,4,8,2,Izquierda
61,1980000,5,7,7,Centro
28,3450000,6,4,5,Centro
29,1150000,5,6,5,Centro
32,5500000,5,7,4,Centro
53,880000,6,7,6,Derecha
42,370000,5,5,7,Centro
72,370000,7,6,8,Derecha
61,1430000,6,3,5,Derecha
29,5500000,7,3,8,Derecha
34,1530000,5,4,3,Centro
18,3860000,7,4,7,Derecha
43,880000,7,3,2,Derecha
46,2760000,5,3,3,Derecha
43,1990000,9,7,6,Centro
54,1180000,6,3,5,Centro
44,540000,6,7,4,Centro
37,2590000,8,3,8,Derecha
43,2090000,7,6,4,Centro
44,2040000,8,2,7,Derecha
65,540000,8,5,7,Derecha
60,460000,5,5,4,Izquierda
18,350000,6,4,8,Centro
54,1120000,10,3,10,Derecha
65,1000000,6,4,8,Derecha
39,1220000,7,8,2,Centro
18,690000,4,6,9,Izquierda
32,350000,7,5,8,Centro
59,860000,9,6,7,Centro
43,1690000,6,8,5,Izquierda
60,610000,6,6,7,Izquierda
48,350000,7,8,8,Centro
18,810000,8,5,5,Derecha
37,2700000,6,4,6,Derecha
42,350000,3,9,2,Izquierda
67,1200000,5,7,10,Derecha
47,1280000,7,7,3,Izquierda
18,1650000,5,9,5,Izquierda
37,1630000,7,5,10,Derecha
30,510000,3,6,8,Izquierda
49,700000,8,1,4,Derecha
39,1560000,7,4,7,Derecha
19,1860000,6,5,8,Derecha
52,1590000,7,4,7,Centro
35,1790000,5,7,6,Izquierda
40,730000,5,7,7,Centro
35,5500000,4,10,4,Izquierda
39,940000,7,3,7,Centro
39,480000,5,5,3,Centro
71,1690000,6,2,6,Derecha
36,1820000,9,5,8,Derecha
51,770000,5,8,8,Centro
58,1380000,6,5,8,Centro
49,990000,1,8,5,Izquierda
47,720000,4,5,3,Izquierda
31,1450000,4,7,5,Izquierda
51,950000,6,6,7,Centro
56,1330000,3,6,1,Izquierda
58,940000,7,4,8,Derecha
18,1220000,7,6,6,Centro
21,1150000,7,2,2,Derecha
48,1600000,6,3,6,Derecha
56,690000,7,5,4,Centro
54,1080000,3,6,8,Centro
30,1460000,10,3,4,Derecha
47,3000000,5,5,4,Centro
73,1480000,6,4,4,Derecha
45,3320000,6,5,7,Derecha
40,510000,6,5,7,Derecha
39,2510000,4,4,4,Centro
53,670000,2,6,6,Izquierda
49,1210000,6,6,4,Derecha
61,530000,5,5,7,Izquierda
52,520000,4,4,4,Centro
68,2300000,4,6,8,Derecha
38,2550000,4,8,4,Izquierda
65,1230000,8,3,7,Derecha
56,900000,10,3,5,Derecha
49,1080000,5,3,8,Derecha
50,1530000,7,3,9,Derecha
28,2110000,4,5,4,Centro
85,2980000,8,3,3,Derecha
27,1640000,5,4,5,Derecha
68,490000,6,6,8,Derecha
33,2170000,8,4,3,Derecha
48,1920000,8,4,4,Derecha
70,610000,5,8,5,Izquierda
40,360000,4,5,7,Izquierda
18,2160000,7,3,7,Derecha
31,790000,5,4,8,Derecha
47,4920000,6,7,5,Centro
57,740000,6,5,3,Centro
18,650000,3,5,7,Izquierda
36,850000,7,5,5,Derecha
46,3150000,7,6,9,Izquierda
22,750000,5,6,9,Derecha
50,520000,5,4,6,Derecha
36,1080000,2,7,7,Izquierda
30,350000,8,6,8,Derecha
47,2330000,7,7,7,Centro
50,680000,5,6,6,Izquierda
29,780000,9,5,8,Centro
29,1530000,5,6,3,Centro
45,940000,5,3,8,Centro
68,2000000,5,6,5,Izquierda
57,1110000,2,5,1,Izquierda
52,1150000,7,3,2,Centro
39,1760000,6,6,7,Centro
50,1780000,7,6,9,Derecha
60,1660000,2,4,6,Izquierda
43,2250000,9,3,4,Derecha
44,1240000,6,5,3,Centro
18,1550000,7,6,8,Izquierda
44,720000,4,10,4,Centro
30,1420000,7,6,5,Izquierda
51,1950000,4,7,5,Izquierda
27,960000,6,8,7,Centro
29,2340000,5,5,6,Derecha
45,940000,4,8,6,Centro
19,1890000,8,5,7,Derecha
18,1730000,8,2,8,Derecha
57,710000,4,7,3,Centro
35,1210000,5,3,4,Centro
58,460000,10,2,4,Derecha
74,350000,6,1,10,Derecha
54,1950000,7,5,5,Derecha
49,1290000,7,6,6,Centro
43,1030000,7,8,6,Centro
44,2620000,4,6,5,Derecha
66,520000,7,4,7,Derecha
57,1030000,7,5,5,Derecha
58,1030000,5,6,1,Izquierda
67,970000,4,8,6,Centro
55,810000,6,7,8,Izquierda
59,580000,5,3,6,Derecha
39,430000,6,4,9,Derecha
51,5270000,4,8,3,Centro
34,350000,9,4,7,Derecha
50,830000,4,6,8,Izquierda
60,780000,9,4,7,Derecha
32,970000,5,6,2,Izquierda
18,2080000,7,6,6,Centro
57,830000,3,4,3,Izquierda
37,860000,6,4,6,Centro
52,1400000,7,3,8,Derecha
41,1670000,5,5,3,Centro
61,2390000,7,2,10,Derecha
23,800000,4,5,7,Derecha
26,1670000,8,4,9,Derecha
52,2340000,3,9,3,Izquierda
23,620000,8,5,6,Derecha
47,440000,6,6,3,Centro
18,720000,6,5,5,Centro
49,760000,5,7,5,Izquierda
43,700000,7,6,6,Centro
48,3580000,5,6,7,Derecha
76,1570000,7,6,7,Centro
48,1430000,7,4,4,Centro
64,920000,6,5,8,Derecha
26,510000,10,4,6,Derecha
38,1420000,4,6,5,Izquierda
44,700000,6,7,4,Izquierda
18,990000,4,5,5,Centro
51,1430000,7,6,5,Centro
62,1870000,6,5,4,Centro
50,1450000,8,4,7,Derecha
54,1790000,6,5,7,Derecha
55,3330000,6,4,6,Derecha
26,840000,6,6,10,Derecha
26,860000,3,4,6,Centro
60,1600000,4,3,6,Centro
46,780000,4,7,2,Izquierda
34,2300000,7,1,4,Derecha
43,840000,5,6,10,Derecha
63,2120000,5,5,8,Derecha
37,630000,7,6,5,Derecha
49,1520000,6,9,5,Izquierda
49,890000,5,5,5,Centro
31,930000,4,3,7,Derecha
46,3150000,3,9,3,Izquierda
41,1290000,3,7,4,Izquierda
59,2210000,5,6,2,Izquierda
38,3800000,7,3,3,Centro
56,3590000,5,6,5,Centro
44,980000,7,4,9,Derecha
28,730000,7,5,5,Centro
37,780000,8,4,5,Derecha
43,520000,10,5,2,Derecha
53,1470000,1,7,5,Izquierda
48,2080000,7,4,1,Izquierda
43,700000,3,6,6,Izquierda
25,2390000,6,5,5,Derecha
40,1030000,8,4,6,Derecha
32,1020000,7,4,5,Centro
35,1570000,7,3,5,Centro
47,1140000,6,1,7,Derecha
85,1600000,4,5,6,Centro
85,970000,4,5,6,Centro
59,1350000,4,2,3,Derecha
42,560000,5,6,5,Centro
69,3810000,7,8,4,Izquierda
38,1440000,3,5,6,Centro
18,1330000,5,4,6,Centro
18,1210000,6,5,6,Centro
37,610000,4,5,8,Izquierda
50,350000,5,5,6,Derecha
46,520000,7,8,9,Centro
37,1770000,6,5,6,Derecha
24,480000,4,7,6,Izquierda
26,3100000,3,7,7,Izquierda
58,580000,6,4,6,Izquierda
43,580000,1,9,1,Izquierda
31,990000,6,7,5,Izquierda
76,3490000,6,6,3,Centro
45,960000,6,4,7,Derecha
57,4250000,5,4,5,Derecha
85,3080000,9,5,8,Derecha
53,1140000,6,8,8,Izquierda
60,490000,6,4,7,Derecha
44,1390000,4,6,3,Centro
69,760000,5,8,5,Izquierda
45,4020000,1,10,5,Izquierda
53,1650000,7,4,4,Centro
60,1070000,4,5,4,Derecha
36,820000,4,5,7,Derecha
18,880000,7,3,5,Centro
66,2240000,4,7,5,Derecha
52,1460000,4,2,3,Derecha
32,1190000,3,7,5,Centro
40,1390000,8,4,8,Derecha
51,2020000,3,5,1,Centro
71,810000,6,5,6,Derecha
31,1270000,6,4,4,Centro
22,1460000,7,4,8,Derecha
48,910000,7,2,6,Derecha
46,430000,6,8,9,Izquierda
49,4210000,3,8,1,Izquierda
50,570000,5,7,4,Centro
46,1260000,6,7,5,Derecha
39,590000,4,8,10,Izquierda
48,710000,4,6,4,Izquierda
59,1260000,4,7,3,Izquierda
33,2940000,4,6,7,Centro
32,720000,2,9,5,Izquierda
50,1250000,3,5,6,Centro
39,1360000,5,10,7,Izquierda
67,2120000,8,4,8,Derecha
31,1180000,6,5,6,Centro
37,1460000,8,4,4,Derecha
25,1590000,3,6,2,Izquierda
69,1180000,3,6,5,Izquierda
42,2970000,4,9,6,Izquierda
37,1040000,4,7,4,Izquierda
18,1720000,7,7,8,Derecha
41,1860000,6,6,3,Izquierda
31,1830000,7,1,9,Derecha
42,1580000,5,8,5,Centro
46,630000,3,5,5,Izquierda
68,2780000,5,4,7,Centro
21,520000,9,5,4,Derecha
25,1170000,10,4,5,Derecha
33,1250000,4,9,6,Izquierda
42,610000,7,6,5,Centro
31,770000,5,9,6,Izquierda
29,540000,5,7,6,Izquierda
21,1350000,3,10,5,Izquierda
37,2850000,5,5,4,Centro
41,1380000,4,8,8,Izquierda
56,5500000,4,9,9,Izquierda
60,1700000,5,5,7,Centro
43,1320000,3,8,6,Izquierda
45,1820000,6,3,6,Centro
40,1470000,7,7,5,Izquierda
50,1090000,4,5,5,Centro
41,1280000,3,7,7,Centro
53,1340000,8,5,3,Derecha
29,2700000,4,5,5,Centro
48,750000,5,6,5,Centro
32,1320000,5,5,4,Izquierda
45,780000,5,5,6,Centro
33,1440000,7,7,7,Centro
30,1550000,9,1,10,Derecha
54,530000,6,4,4,Derecha
60,1460000,9,5,9,Derecha
69,3650000,1,9,5,Izquierda
34,1130000,4,8,6,Izquierda
45,1580000,7,6,6,Derecha
50,870000,3,5,4,Centro
54,2300000,6,6,5,Centro
36,1390000,4,5,5,Izquierda
40,730000,7,4,1,Izquierda
64,3530000,5,4,3,Centro
33,710000,6,9,6,Izquierda
39,2460000,5,4,9,Derecha
57,1840000,4,5,5,Centro
30,1900000,4,7,3,Izquierda
69,1440000,6,4,6,Derecha
18,770000,4,4,5,Centro
62,350000,3,7,5,Izquierda
32,850000,5,7,3,Izquierda
47,500000,7,7,6,Izquierda
31,540000,1,6,5,Izquierda
62,1960000,6,4,6,Derecha
58,1730000,3,10,1,Izquierda
51,770000,9,1,8,Derecha
36,860000,7,6,4,Derecha
32,3680000,5,2,3,Centro
43,1700000,6,6,7,Centro
50,2970000,8,4,2,Centro
35,1520000,7,8,5,Centro
29,930000,3,6,6,Centro
24,800000,3,5,8,Centro
45,2200000,7,5,4,Izquierda
52,740000,3,8,5,Izquierda
57,1360000,6,7,8,Izquierda
59,1650000,7,4,5,Centro
53,390000,5,6,6,Izquierda
47,1230000,7,8,7,Centro
43,530000,4,9,6,Izquierda
38,1220000,5,7,7,Izquierda
40,720000,6,6,6,Izquierda
52,1580000,9,3,10,Derecha
33,1520000,6,5,6,Centro
35,430000,6,6,5,Derecha
34,2300000,5,6,5,Centro
60,810000,6,5,7,Izquierda
65,2950000,4,6,9,Centro
36,1320000,4,3,4,Derecha
37,800000,2,5,5,Centro
53,760000,5,5,4,Izquierda
50,1680000,3,5,5,Centro
53,1720000,6,2,5,Derecha
18,790000,6,3,8,Centro
62,1250000,6,4,7,Derecha
46,730000,4,6,2,Izquierda
61,990000,5,7,4,Centro
60,940000,5,6,7,Centro
42,1320000,6,9,3,Izquierda
71,350000,3,8,5,Izquierda
50,1830000,7,4,6,Derecha
28,2130000,4,5,6,Centro
48,680000,7,6,4,Centro
34,920000,5,3,3,Centro
46,1130000,5,7,1,Centro
49,1220000,5,4,6,Centro
51,1030000,6,4,9,Centro
18,350000,7,3,8,Derecha
27,1720000,6,7,4,Centro
40,350000,7,3,5,Derecha
51,860000,2,4,3,Izquierda
18,610000,6,3,4,Centro
37,1600000,3,5,8,Centro
55,2090000,6,2,5,Derecha
52,1080000,4,10,8,Izquierda
45,810000,3,3,7,Centro
18,5190000,7,5,5,Derecha
46,1110000,4,10,4,Izquierda
37,2600000,7,5,2,Derecha
48,1560000,7,8,5,Derecha
54,1630000,4,5,4,Izquierda
39,780000,5,8,10,Centro
54,1130000,2,5,2,Izquierda
41,5320000,7,4,6,Derecha
30,1360000,7,6,7,Derecha
51,1440000,6,4,4,Derecha
67,620000,7,4,5,Derecha
58,2270000,4,5,2,Centro
49,830000,5,6,7,Izquierda
64,820000,10,1,6,Derecha
18,1370000,6,4,7,Centro
38,630000,7,5,6,Derecha
50,850000,7,6,3,Izquierda
32,650000,3,9,5,Izquierda
62,3530000,8,4,5,Derecha
18,1900000,9,6,8,Centro
47,1330000,5,7,5,Centro
36,1850000,7,7,9,Izquierda
67,1530000,6,5,6,Derecha
19,940000,6,5,4,Derecha
42,1170000,5,7,3,Izquierda
37,1660000,7,4,6,Derecha
65,1610000,3,6,2,Centro
35,3470000,5,7,3,Izquierda
45,3800000,7,2,5,Derecha
48,460000,2,8,4,Izquierda
30,1800000,5,5,6,Derecha
38,1360000,5,2,3,Centro
58,990000,7,1,7,Derecha
20,1070000,5,4,5,Derecha
45,1320000,5,8,8,Derecha
63,1000000,7,6,6,Derecha
39,570000,5,8,4,Izquierda
47,1090000,3,6,7,Centro
36,850000,7,4,5,Derecha
54,1270000,4,9,3,Izquierda
40,620000,1,5,3,Izquierda
46,1640000,6,2,10,Derecha
27,3350000,5,6,7,Izquierda
80,1540000,4,5,5,Derecha
43,5500000,6,7,3,Centro
34,1410000,3,5,9,Derecha
40,4420000,4,6,7,Izquierda
41,1940000,6,1,3,Derecha
31,2060000,6,8,7,Centro
31,2350000,6,3,3,Izquierda
45,740000,6,5,1,Izquierda
28,2290000,3,6,6,Centro
50,1360000,5,7,5,Centro
26,2000000,10,4,6,Derecha
26,880000,7,6,4,Centro
18,2570000,5,6,4,Izquierda
53,1720000,1,8,7,Izquierda
61,2250000,7,4,7,Derecha
23,890000,6,5,7,Centro
26,1110000,4,9,1,Izquierda
48,1520000,5,9,7,Centro
26,1260000,7,3,4,Derecha
35,350000,7,6,5,Derecha
51,4400000,5,4,4,Derecha
24,1530000,8,5,5,Derecha
22,2590000,5,7,8,Derecha
45,810000,10,6,4,Centro
35,990000,7,1,7,Derecha
48,870000,8,1,9,Derecha
79,950000,5,6,7,Centro
43,1280000,4,7,5,Izquierda
43,650000,7,3,5,Centro
51,1170000,4,5,6,Centro
18,730000,8,7,8,Derecha
24,780000,7,7,7,Izquierda
53,350000,5,5,6,Centro
25,760000,3,8,7,Izquierda
41,2060000,4,7,2,Centro
19,2580000,6,7,5,Izquierda
39,630000,8,9,3,Izquierda
35,1630000,5,9,5,Izquierda
27,1930000,4,8,6,Izquierda
41,3010000,2,9,5,Izquierda
44,730000,5,7,5,Izquierda
28,2020000,7,4,3,Centro
61,900000,4,5,5,Centro
58,680000,4,4,5,Centro
45,2030000,4,5,4,Centro
71,1960000,7,9,5,Izquierda
49,880000,5,7,7,Centro
18,350000,8,7,7,Centro
57,1530000,10,3,6,Derecha
42,880000,8,4,4,Derecha
85,420000,5,5,9,Derecha
52,970000,4,6,4,Derecha
56,3610000,8,3,3,Derecha
34,2650000,6,5,5,Centro
19,1190000,4,5,5,Izquierda
38,860000,7,1,3,Derecha
50,2210000,5,8,9,Izquierda
43,1350000,7,6,5,Centro
42,1710000,4,7,7,Centro
33,1920000,8,6,4,Izquierda
55,1720000,3,9,6,Izquierda
50,540000,5,4,3,Centro
53,3050000,3,6,3,Centro
29,1490000,4,8,7,Izquierda
37,690000,3,8,5,Centro
62,500000,8,3,4,Derecha
38,2430000,10,6,10,Derecha
42,1060000,3,9,7,Izquierda
18,1900000,3,7,4,Izquierda
36,780000,6,5,6,Centro
41,960000,5,7,3,Centro
36,2070000,5,7,5,Centro
37,1510000,4,8,4,Izquierda
44,2440000,6,5,9,Centro
43,1720000,5,5,4,Derecha
37,1100000,4,7,5,Izquierda
30,350000,9,4,8,Derecha
50,1100000,8,3,9,Derecha
39,350000,5,7,3,Centro
18,2440000,3,7,3,Izquierda
41,1570000,2,6,4,Izquierda
41,1950000,3,8,3,Izquierda
39,760000,1,7,5,Izquierda
39,1390000,4,4,7,Centro
51,2770000,2,6,6,Izquierda
22,2190000,4,10,5,Izquierda
47,570000,1,10,3,Izquierda
51,1690000,6,8,6,Centro
63,600000,6,5,6,Izquierda
38,2540000,9,5,6,Derecha
33,4170000,6,4,2,Derecha
42,960000,2,5,5,Izquierda
25,2890000,7,4,8,Derecha
36,2880000,7,6,5,Centro
36,1630000,6,3,5,Derecha
25,560000,4,7,4,Izquierda
43,2970000,5,4,1,Centro
30,1460000,6,4,6,Derecha
42,850000,3,5,2,Izquierda
45,1200000,3,8,6,Izquierda
19,970000,10,5,9,Derecha
39,1110000,5,6,6,Izquierda
61,2330000,7,7,7,Centro
51,1820000,8,3,6,Derecha
25,640000,4,4,3,Izquierda
39,1880000,6,6,6,Centro
51,1500000,8,5,7,Centro
40,730000,7,3,5,Centro
50,1910000,9,4,7,Derecha
41,950000,5,6,5,Izquierda
53,1330000,2,7,9,Izquierda
49,2700000,6,7,5,Centro
43,640000,5,9,7,Izquierda
25,370000,8,7,7,Centro
45,350000,8,5,8,Derecha
43,1310000,8,1,6,Derecha
35,1180000,7,7,5,Centro
77,1210000,5,4,4,Derecha
35,950000,9,3,5,Derecha
68,1100000,5,4,6,Izquierda
32,1080000,5,8,3,Izquierda
37,940000,3,8,4,Izquierda
44,1160000,7,4,6,Derecha
42,1340000,4,9,7,Izquierda
40,2580000,3,5,3,Izquierda
71,350000,5,6,3,Izquierda
50,1280000,6,5,4,Centro
26,1780000,5,5,6,Centro
44,1340000,3,5,6,Izquierda
34,1580000,7,3,6,Derecha
65,2020000,4,6,5,Centro
38,890000,5,5,5,Izquierda
65,1090000,7,7,3,Centro
58,2070000,4,8,7,Centro
40,1220000,4,5,4,Centro
41,860000,3,8,8,Izquierda
51,1210000,5,4,6,Centro
42,1280000,1,5,5,Izquierda
71,880000,4,7,4,Izquierda
44,1990000,3,6,4,Izquierda
53,530000,5,6,5,Centro
41,3000000,1,8,6,Izquierda
18,2150000,10,3,7,Derecha
66,1150000,9,4,8,Derecha
54,1780000,6,6,6,Centro
49,700000,5,8,6,Centro
18,1710000,6,2,10,Derecha
40,3170000,4,6,5,Izquierda
58,750000,8,5,8,Derecha
42,570000,4,6,5,Izquierda
35,480000,5,4,7,Centro
57,1820000,6,6,1,Izquierda
27,2320000,2,6,6,Izquierda
26,2250000,7,5,5,Derecha
31,1140000,5,7,4,Izquierda
56,590000,8,3,6,Derecha
59,1370000,7,5,10,Derecha
56,510000,6,5,8,Derecha
65,680000,4,7,8,Centro
36,1200000,8,4,5,Derecha
40,1010000,4,7,5,Izquierda
67,1010000,4,6,9,Centro
18,1530000,5,5,8,Centro
64,750000,3,7,7,Izquierda
75,370000,6,7,8,Derecha
40,500000,7,7,3,Izquierda
73,2180000,2,7,4,Centro
27,430000,3,6,8,Centro
33,2030000,5,8,6,Izquierda
27,2200000,5,8,5,Izquierda
63,930000,6,6,5,Izquierda
68,920000,7,7,5,Centro
18,1410000,4,8,6,Izquierda
52,2550000,7,4,3,Centro
53,4550000,4,10,5,Izquierda
59,1290000,6,9,5,Izquierda
35,1350000,5,6,8,Izquierda
45,2370000,5,6,5,Centro
36,640000,5,8,7,Centro
25,1140000,3,7,7,Centro
66,930000,8,3,7,Derecha
18,740000,1,6,5,Izquierda
38,1530000,3,5,5,Izquierda
38,1230000,4,7,3,Centro
55,870000,4,5,5,Centro
18,2320000,8,7,6,Centro
38,1240000,7,4,6,Derecha
51,630000,5,5,6,Derecha
50,920000,5,4,2,Centro
56,740000,5,5,9,Izquierda
24,1730000,6,5,6,Izquierda
64,1050000,1,5,7,Izquierda
44,650000,9,2,8,Derecha
31,1100000,9,4,3,Derecha
33,3280000,4,6,4,Izquierda
53,1100000,6,4,5,Centro
69,750000,1,10,6,Izquierda
18,540000,5,5,4,Derecha
33,1260000,6,3,9,Derecha
39,770000,6,4,6,Centro
66,860000,4,7,2,Izquierda
34,790000,8,5,8,Derecha
41,1640000,7,8,4,Derecha
44,710000,8,6,7,Derecha
51,810000,9,5,8,Derecha
48,1320000,5,8,5,Izquierda
41,710000,7,7,6,Centro
27,580000,5,7,1,Izquierda
37,5500000,5,9,5,Izquierda
36,3660000,5,4,4,Centro
39,790000,7,6,7,Derecha
42,790000,7,5,6,Derecha
41,1490000,6,4,6,Derecha
27,2670000,8,3,7,Centro
39,750000,6,8,4,Izquierda
45,920000,10,5,7,Derecha
33,1120000,7,1,5,Derecha
51,1360000,7,7,4,Centro
39,1090000,1,7,2,Centro
58,2700000,2,6,7,Izquierda
46,930000,5,5,5,Centro
37,1200000,9,2,5,Derecha
36,770000,6,7,6,Centro
67,1530000,6,4,7,Centro
46,650000,8,2,6,Derecha
59,870000,1,8,3,Izquierda
36,1960000,4,6,4,Centro
29,1360000,9,4,6,Derecha
70,910000,5,4,6,Centro
66,1220000,3,9,6,Izquierda
57,4130000,5,5,4,Derecha
57,1360000,6,7,7,Centro
30,1420000,6,3,7,Centro
18,1170000,6,3,6,Centro
52,850000,3,8,7,Izquierda
35,1990000,5,7,4,Centro
40,1930000,7,4,6,Derecha
44,880000,6,2,6,Derecha
33,1120000,5,9,5,Izquierda
52,1280000,7,5,5,Centro
34,1060000,5,6,7,Izquierda
42,480000,6,4,3,Izquierda
46,970000,2,10,4,Izquierda
56,1970000,9,3,6,Derecha
39,350000,5,6,6,Centro
50,930000,10,4,6,Derecha
46,1550000,9,7,4,Centro
55,610000,9,3,6,Derecha
52,350000,9,3,7,Centro
80,590000,7,8,7,Centro
38,740000,5,8,1,Izquierda
41,1020000,7,7,5,Centro
29,930000,8,6,1,Centro
50,3130000,5,5,7,Derecha
74,350000,6,6,5,Derecha
52,2440000,6,5,1,Derecha
57,1420000,6,6,6,Centro
36,510000,7,7,5,Centro
48,5230000,7,4,6,Derecha
19,3480000,8,4,6,Derecha
44,1210000,3,8,2,Izquierda
23,2070000,3,6,7,Centro
37,660000,5,5,10,Derecha
47,1840000,5,5,6,Centro
25,2080000,8,6,6,Centro
42,1310000,5,8,6,Izquierda
27,2200000,6,5,9,Derecha
20,1210000,3,6,1,Izquierda
54,360000,6,3,7,Centro
33,1320000,6,5,7,Centro
43,1010000,3,6,7,Centro
61,630000,7,6,8,Derecha
47,1230000,5,4,7,Izquierda
55,1500000,2,7,3,Izquierda
32,460000,5,6,5,Centro
42,450000,4,6,6,Izquierda
26,1320000,5,7,5,Izquierda
70,920000,6,4,6,Derecha
49,370000,9,3,9,Derecha
18,1050000,7,7,4,Izquierda
62,2030000,2,6,2,Centro
21,2230000,5,6,9,Centro
56,3210000,3,5,4,Izquierda
46,450000,8,5,8,Derecha
52,1700000,5,7,5,Centro
30,920000,4,7,8,Izquierda
33,1490000,6,4,4,Derecha
66,1750000,5,6,5,Centro
25,2180000,5,8,3,Izquierda
37,470000,7,5,6,Centro
20,1080000,10,4,6,Derecha
43,620000,4,5,3,Centro
30,2850000,5,10,5,Izquierda
18,1140000,5,7,6,Derecha
81,580000,10,4,8,Derecha
38,760000,8,5,5,Centro
43,410000,5,4,8,Izquierda
55,430000,1,7,5,Izquierda
42,710000,7,3,4,Derecha
30,790000,6,5,6,Centro
31,3420000,9,4,5,Derecha
42,870000,5,6,4,Centro
21,1220000,8,4,9,Derecha
50,350000,5,6,7,Derecha
38,350000,3,10,10,Izquierda
52,1050000,8,6,5,Centro
34,730000,1,9,5,Izquierda
23,3800000,7,8,5,Centro
28,3210000,2,6,6,Centro
30,670000,3,9,4,Izquierda
53,3170000,3,8,3,Izquierda
38,1100000,3,5,4,Izquierda
60,1260000,3,5,8,Centro
49,2070000,3,5,3,Izquierda
38,1610000,4,10,6,Izquierda
39,3280000,8,7,6,Centro
18,580000,6,6,6,Centro
48,460000,4,9,7,Izquierda
33,1360000,5,6,1,Centro
18,830000,4,7,5,Izquierda
45,850000,9,4,5,Derecha
42,440000,7,5,5,Centro
67,530000,5,5,5,Izquierda
18,1390000,7,5,6,Derecha
66,870000,8,5,6,Derecha
39,590000,6,7,8,Centro
18,930000,3,5,7,Izquierda
56,720000,4,4,7,Centro
62,580000,8,4,6,Derecha
57,350000,4,6,5,Izquierda
52,1350000,5,5,5,Centro
44,2570000,5,6,5,Centro
18,2020000,5,5,1,Izquierda
58,1490000,4,3,8,Derecha
47,1520000,7,6,2,Izquierda
38,2400000,6,6,2,Derecha
29,1020000,4,5,3,Izquierda
48,1000000,7,7,3,Izquierda
53,1950000,3,5,5,Izquierda
45,970000,8,5,5,Derecha
37,400000,7,7,5,Izquierda
48,2010000,7,4,7,Derecha
29,990000,9,3,8,Derecha
18,3320000,8,6,8,Centro
54,690000,5,5,4,Izquierda
32,2330000,7,5,7,Izquierda
18,1210000,5,6,5,Izquierda
60,900000,5,5,8,Derecha
61,1760000,5,5,5,Derecha
56,4240000,6,9,5,Izquierda
27,350000,4,8,4,Izquierda
59,1110000,2,6,2,Izquierda
46,1410000,8,6,6,Derecha
39,1830000,3,7,4,Izquierda
47,2780000,8,1,9,Derecha
18,480000,5,8,9,Centro
53,1240000,6,8,3,Izquierda
37,770000,4,6,2,Centro
44,2170000,6,5,5,Centro
67,5240000,7,3,9,Derecha
75,1310000,6,7,6,Derecha
29,1680000,4,6,2,Centro
49,1550000,5,5,4,Izquierda
37,5030000,5,4,5,Derecha
66,860000,8,5,4,Centro
42,530000,3,9,7,Izquierda
51,1040000,8,4,10,Derecha
49,590000,5,7,8,Centro
38,1560000,4,4,5,Centro
48,2870000,2,5,6,Izquierda
36,1150000,6,5,6,Centro
34,1760000,7,7,7,Centro
36,920000,1,6,8,Izquierda
20,420000,4,6,5,Centro
29,2920000,7,2,7,Derecha
18,1430000,5,7,5,Izquierda
48,720000,9,3,8,Derecha
27,1810000,6,5,6,Derecha
64,2320000,6,8,5,Izquierda
48,1980000,8,5,5,Derecha
48,890000,5,2,6,Centro
32,1950000,4,8,1,Izquierda
63,930000,5,7,5,Centro
58,500000,4,7,5,Izquierda
36,790000,6,5,5,Izquierda
49,1280000,7,7,3,Centro
46,830000,7,5,4,Derecha
28,1680000,6,6,7,Centro
25,3770000,2,8,6,Izquierda
60,1320000,4,6,5,Izquierda
54,1430000,5,3,5,Derecha
18,1790000,3,6,5,Centro
42,670000,3,5,7,Izquierda
19,550000,2,9,2,Izquierda
65,1380000,4,8,6,Izquierda
45,840000,3,8,4,Izquierda
