id_encuestado,edad,region,zona,medio_informacion,interes_politica,confianza_instituciones,ingreso_hogar,participacion_anterior
102276,53,Coquimbo,Rural,Redes sociales,5,56,580000,Sí
100335,39,Coquimbo,Urbana,Televisión,7,42,1080000,Sí
102609,48,Maule,Urbana,Redes sociales,5,34,1790000,No
101257,35,Metropolitana,Urbana,Redes sociales,9,25,360000,No
100378,65,Valparaíso,Rural,Televisión,8,61,510000,Sí
101809,55,O'Higgins,Rural,Televisión,10,63,1890000,Sí
101329,21,Valparaíso,Urbana,Redes sociales,2,12,1230000,Sí
102709,52,Biobío,Rural,Radio,3,51,1170000,Sí
100762,56,Valparaíso,Urbana,Televisión,8,49,980000,No
101405,40,Metropolitana,Urbana,Televisión,2,52,1100000,Sí
101929,38,Coquimbo,Rural,Televisión,6,31,590000,Sí
101191,64,Valparaíso,Urbana,Redes sociales,9,25,1760000,Sí
101273,54,Metropolitana,Urbana,Televisión,6,33,450000,Sí
101451,57,Coquimbo,Urbana,Televisión,9,23,700000,Sí
104388,26,Metropolitana,Urbana,Prensa digital,3,26,870000,Sí
103082,36,Metropolitana,Rural,Televisión,7,66,790000,No
100112,,Coquimbo,Urbana,Redes sociales,9,20,280000,Sí
100150,47,Metropolitana,Urbana,Redes sociales,7,37,300000,Sí
101139,64,Coquimbo,Urbana,Redes sociales,4,62,1040000,Sí
100145,76,Metropolitana,Urbana,Televisión,6,44,520000,Sí
100324,35,O'Higgins,Urbana,Televisión,6,42,1190000,No
102775,58,Valparaíso,Rural,Radio,3,55,480000,Sí
100729,50,Valparaíso,Rural,Redes sociales,10,45,840000,Sí
101934,38,Valparaíso,Urbana,Televisión,5,52,620000,Sí
101938,37,Valparaíso,Urbana,Prensa digital,10,58,300000,No
104344,81,Maule,Urbana,Prensa digital,5,12,770000,No
101459,80,Coquimbo,Urbana,Redes sociales,5,34,680000,Sí
103608,51,Valparaíso,Urbana,Prensa digital,1,19,2090000,No
103845,30,Valparaíso,Urbana,Redes sociales,4,29,610000,No
104322,53,Coquimbo,Urbana,Prensa digital,8,46,510000,Sí
102295,42,Metropolitana,Urbana,Redes sociales,2,56,620000,No
104550,42,Metropolitana,Urbana,Redes sociales,10,79,730000,Sí
100009,51,Biobío,Rural,Redes sociales,4,44,580000,No
101452,23,Biobío,Urbana,Prensa digital,4,54,1080000,Sí
103962,55,Metropolitana,Urbana,Prensa digital,3,78,440000,Sí
100440,,Valparaíso,Urbana,Televisión,4,52,280000,Sí
103367,51,Maule,Urbana,Redes sociales,3,12,590000,No
101454,67,Metropolitana,Urbana,Televisión,10,17,1530000,No
101549,34,Metropolitana,Urbana,Televisión,4,38,420000,Sí
101209,30,Valparaíso,Rural,Televisión,3,4,610000,Sí
101895,35,Metropolitana,Rural,Televisión,2,60,1580000,No
102962,22,Metropolitana,Urbana,Prensa digital,6,34,1290000,Sí
101854,38,Metropolitana,Urbana,Prensa digital,1,64,380000,Sí
103140,38,Metropolitana,Urbana,Prensa digital,10,76,550000,No
100791,49,O'Higgins,Urbana,Prensa digital,7,46,750000,Sí
102781,42,Metropolitana,Urbana,Prensa digital,10,36,590000,No
102362,61,Metropolitana,Urbana,Televisión,1,45,2110000,Sí
103091,54,Coquimbo,Rural,Redes sociales,7,69,550000,Sí
102329,,Coquimbo,Rural,Prensa digital,10,55,310000,No
102515,48,Valparaíso,Urbana,Redes sociales,9,41,330000,Sí
102687,24,Maule,Urbana,Redes sociales,2,24,800000,Sí
100578,40,Metropolitana,Urbana,Redes sociales,6,55,620000,Sí
102168,55,Metropolitana,Urbana,Radio,9,48,1270000,Sí
102058,61,O'Higgins,Urbana,Redes sociales,5,25,570000,Sí
102105,42,Metropolitana,Urbana,Televisión,5,67,380000,Sí
101593,39,Metropolitana,Rural,Redes sociales,6,77,300000,No
101009,62,valparaiso,Urbana,Televisión,9,60,340000,Sí
101035,30,Metropolitana,Urbana,Televisión,2,37,350000,No
103524,40,Biobío,Urbana,Radio,9,19,1420000,No
101912,60,Metropolitana,Urbana,Televisión,4,53,2120000,Sí
100432,,Coquimbo,Rural,Redes sociales,1,34,480000,Sí
104901,25,Coquimbo,Urbana,Radio,7,73,340000,No
101371,21,Metropolitana,Urbana,Prensa digital,3,93,720000,No
101234,48,Metropolitana,Urbana,Prensa digital,8,20,680000,No
103704,59,Valparaíso,Rural,Prensa digital,1,68,530000,Sí
102660,42,Coquimbo,Urbana,Prensa digital,8,45,660000,Sí
104681,88,Maule,Rural,Prensa digital,6,62,1660000,Sí
103200,,Valparaíso,Rural,Televisión,10,54,530000,Sí
102273,68,Metropolitana,Urbana,Redes sociales,5,50,620000,Sí
100417,40,Biobío,Urbana,Redes sociales,4,43,900000,Sí
102607,28,Maule,Rural,Redes sociales,7,38,710000,Sí
103620,43,Biobío,Rural,Prensa digital,4,54,840000,No
103256,77,Metropolitana,Urbana,Radio,3,42,2150000,Sí
102341,,Metropolitana,Urbana,Televisión,6,39,640000,Sí
103380,52,Biobío,Urbana,Redes sociales,1,39,1000000,No
103880,49,Metropolitana,Urbana,Televisión,7,28,1220000,Sí
102009,48,Metropolitana,Rural,Prensa digital,7,10,690000,No
104242,27,Metropolitana,Urbana,Prensa digital,3,45,1110000,No
103820,48,Metropolitana,Urbana,Prensa digital,9,45,900000,No
104860,30,Metropolitana,Urbana,Prensa digital,10,61,1840000,No
100914,41, Metropolitana ,Urbana,Televisión,9,79,530000,Sí
101442,37,Coquimbo,Urbana,Redes sociales,7,64,350000,Sí
101696,32,valparaiso,Urbana,Prensa digital,6,55,1160000,No
100397,58,Biobío,Urbana,Radio,5,52,810000,Sí
101597,71,Maule,Urbana,Radio,6,25,1190000,Sí
103116,54,Biobío,Urbana,Televisión,1,52,1140000,Sí
101761,43,Coquimbo,Urbana,Televisión,9,40,1950000,Sí
104875,65,Maule,Urbana,Redes sociales,2,57,830000,Sí
102005,56,Metropolitana,Rural,Redes sociales,7,90,1400000,Sí
100404,35,Metropolitana,Urbana,Prensa digital,7,65,1260000,Sí
101290,,Metropolitana,Urbana,Redes sociales,5,21,830000,No
104579,39,Metropolitana,Urbana,Televisión,8,67,1030000,Sí
102764,69,Metropolitana,Urbana,Televisión,3,18,670000,No
104688,49,Metropolitana,Urbana,Redes sociales,3,79,1670000,Sí
102342,51,Biobío,Urbana,Redes sociales,1,47,380000,Sí
102059,55,Biobío,Urbana,Redes sociales,5,55,420000,No
100296,43,Biobío,Urbana,Redes sociales,5,14,410000,No
101572,55,Metropolitana,Urbana,Redes sociales,4,29,690000,Sí
104057,30,Biobío,Rural,Prensa digital,2,36,1230000,Sí
100257,59,Valparaíso,Rural,Televisión,5,55,1030000,Sí
102643,33,Metropolitana,Rural,Prensa digital,2,0,850000,Sí
104594,59,Maule,Rural,Prensa digital,2,60,760000,Sí
102571,40,Biobío,Rural,Prensa digital,7,39,630000,Sí
102456,43,Biobío,Urbana,Televisión,7,25,2090000,No
100132,25,Metropolitana,Urbana,Radio,9,68,2890000,Sí
101555,57,Metropolitana,Rural,Redes sociales,9,55,1260000,No
104445,31,O'Higgins,Urbana,Televisión,2,55,470000,Sí
102378,27,Metropolitana,Rural,Televisión,3,56,490000,No
102418,55,Metropolitana,Urbana,Televisión,8,40,2570000,Sí
104289,57,Valparaíso,Rural,Radio,3,64,640000,Sí
100438,32,Metropolitana,Rural,Prensa digital,5,40,700000,Sí
102327,18,O'Higgins,Urbana,Televisión,1,10,1400000,Sí
101428,24,O'Higgins,Rural,Redes sociales,1,41,940000,Sí
102277,19,Metropolitana,Urbana,Redes sociales,8,47,620000,Sí
103557,47,Metropolitana,Urbana,Redes sociales,2,63,500000,No
102473,56,Metropolitana,Urbana,Redes sociales,8,36,1280000,No
102140,46,Metropolitana,Urbana,Radio,5,55,930000,No
103073,33,Biobío,Rural,Televisión,5,54,1120000,No
104894,39,Valparaíso,Urbana,Televisión,8,21,280000,Sí
103449,47,Metropolitana,Urbana,Prensa digital,3,61,370000,No
100005,66,Metropolitana,Urbana,Radio,1,53,710000,Sí
104570,38,Metropolitana,Urbana,Prensa digital,6,64,640000,Sí
100604,51,Metropolitana,Urbana,Redes sociales,6,59,1590000,Sí
103390,26,Maule,Urbana,Prensa digital,1,77,300000,Sí
104838,69,Valparaíso,Urbana,Prensa digital,2,50,1240000,Sí
102479,35,Coquimbo,Urbana,Redes sociales,10,31,700000,Sí
100388,53,Biobío,Rural,Redes sociales,8,29,1650000,Sí
101490,54,Valparaíso,Rural,Redes sociales,8,20,380000,Sí
101390,,Metropolitana,Urbana,Televisión,2,45,740000,No
100785,67,Valparaíso,Urbana,Prensa digital,3,27,1070000,Sí
103318,34,Biobío,Rural,Redes sociales,9,62,440000,Sí
103933,78,Metropolitana,Urbana,Televisión,5,25,910000,Sí
101338,40,O'Higgins,Rural,Redes sociales,1,54,440000,No
101457,75,Metropolitana,Rural,Prensa digital,8,67,640000,Sí
100461,,Valparaíso,Urbana,Redes sociales,7,37,570000,No
102022,54,Valparaíso,Urbana,Redes sociales,10,53,650000,Sí
103682,29,Metropolitana,Urbana,Radio,2,17,280000,Sí
104179,23,Biobío,Urbana,Radio,1,30,370000,No
102925,,Valparaíso,Urbana,Prensa digital,4,52,1400000,Sí
100280,18,Biobío,Urbana,Prensa digital,1,42,760000,Sí
101714,46,Metropolitana,Urbana,Redes sociales,2,55,890000,No
100608,34,Coquimbo,Urbana,Redes sociales,3,71,950000,No
103478,49,Metropolitana,Urbana,Prensa digital,3,54,640000,Sí
104498,68,Metropolitana,Urbana,Redes sociales,3,30,1050000,No
104701,54,Maule,Urbana,Televisión,8,22,480000,Sí
101192,32,Metropolitana,Urbana,Televisión,10,69,310000,Sí
101990,47,O'Higgins,Rural,Prensa digital,7,70,1110000,Sí
101700,33,Valparaíso,Urbana,Prensa digital,1,68,1100000,No
104769,38,Metropolitana,Urbana,Prensa digital,7,53,820000,Sí
102433,73,Metropolitana,Rural,Radio,10,46,1300000,Sí
104401,50,Valparaíso,Urbana,Prensa digital,5,42,970000,Sí
100571,51,Maule,Urbana,Redes sociales,2,43,790000,Sí
101265,35,Metropolitana,Urbana,Redes sociales,10,45,670000,Sí
104128,30,Metropolitana,Urbana,Prensa digital,8,50,810000,No
100299,62,Coquimbo,Urbana,Televisión,9,44,350000,Sí
103539,69,METROPOLITANA,Urbana,Redes sociales,3,60,670000,Sí
102120,32,Valparaíso,Urbana,Redes sociales,9,39,500000,Sí
102612,51,Metropolitana,Urbana,Televisión,5,41,770000,Sí
100273,41,O'Higgins,Urbana,Redes sociales,8,28,790000,Sí
102125,26,Maule,Rural,Televisión,10,14,820000,Sí
103371,76,Biobío,Urbana,Prensa digital,3,42,1010000,Sí
103258,58,Biobío,Urbana,Televisión,9,53,780000,Sí
103246,74,Valparaíso,Urbana,Redes sociales,2,31,1010000,Sí
104190,65,Maule,Rural,Prensa digital,2,52,420000,No
102337,53,Metropolitana,Urbana,Redes sociales,3,81,790000,Sí
104615,19,Valparaíso,Urbana,Radio,7,39,1040000,Sí
102349,30,Metropolitana,Urbana,Televisión,1,34,910000,No
104587,64,Metropolitana,Urbana,Radio,3,29,790000,No
101538,67,Metropolitana,Urbana,Redes sociales,6,33,1160000,Sí
101367,41,O'Higgins,Urbana,Redes sociales,9,35,1200000,Sí
102004,38,Metropolitana,Urbana,Prensa digital,5,51,1910000,No
103062,36,Valparaíso,Rural,Televisión,9,39,1870000,Sí
104280,42,Metropolitana,Urbana,Redes sociales,3,58,790000,Sí
100868,,Metropolitana,Urbana,Televisión,9,31,280000,Sí
104885,55,Coquimbo,Urbana,Redes sociales,4,85,890000,Sí
102864,63,Metropolitana,Urbana,Prensa digital,3,21,280000,Sí
103868,38,Metropolitana,Urbana,Prensa digital,8,72,730000,Sí
100706,41,Maule,Urbana,Televisión,2,56,1260000,Sí
103864,43,Valparaíso,Urbana,Televisión,9,55,280000,No
104452,45,Metropolitana,Rural,Radio,3,38,750000,Sí
104858,26,Biobío,Urbana,Radio,8,54,1640000,Sí
103706,73,Valparaíso,Rural,Radio,4,48,450000,Sí
103321,31,Valparaíso,Rural,Televisión,1,47,830000,Sí
104832,37,Maule,Urbana,Televisión,10,54,390000,No
103833,49,Coquimbo,Rural,Prensa digital,2,79,890000,Sí
103856,73,O'Higgins,Urbana,Televisión,4,48,940000,Sí
101927,59,Valparaíso,Urbana,Prensa digital,2,50,1210000,Sí
103723,37,Metropolitana,Urbana,Radio,6,48,1420000,Sí
101441,20,O'Higgins,Urbana,Prensa digital,2,60,580000,No
101881,,Biobío,Urbana,Prensa digital,3,33,520000,Sí
100046,35,Maule,Urbana,Redes sociales,10,39,1100000,No
102379,55,Metropolitana,Urbana,Redes sociales,5,45,750000,Sí
104163,,Biobío,Urbana,Redes sociales,4,26,1110000,Sí
102466,35,Metropolitana,Urbana,Prensa digital,9,43,780000,Sí
103611,40,Valparaíso,Urbana,Redes sociales,8,45,980000,No
103538,39,Maule,Urbana,Televisión,5,31,1450000,Sí
101447,53,O'Higgins,Urbana,Redes sociales,3,35,720000,No
100634,47,Metropolitana,Urbana,Redes sociales,4,39,1170000,Sí
104198,37,Valparaíso,Rural,Televisión,6,80,280000,Sí
103707,47,Biobío,Rural,Prensa digital,6,45,460000,Sí
100290,40,Metropolitana,Urbana,Televisión,9,83,690000,Sí
102263,34,Biobío,Urbana,Redes sociales,3,82,2420000,No
100596,34,METROPOLITANA,Urbana,Redes sociales,1,47,400000,Sí
104904,30,Coquimbo,Urbana,Redes sociales,1,49,550000,No
100435,59,Valparaíso,Urbana,Radio,6,60,530000,Sí
103120,22,Metropolitana,Rural,Redes sociales,4,37,540000,No
104581,51,Valparaíso,Rural,Prensa digital,3,39,770000,Sí
104478,41,Valparaíso,Urbana,Redes sociales,4,0,1130000,No
103934,35,Maule,Urbana,Redes sociales,8,52,1090000,No
103715,75,Biobío,Urbana,Redes sociales,9,53,2590000,No
101142,51,Metropolitana,Urbana,Redes sociales,2,60,430000,Sí
101128,,Metropolitana,Urbana,Radio,4,48,900000,No
101956,47,Valparaíso,Urbana,Redes sociales,2,85,480000,No
103672,22,Metropolitana,Urbana,Prensa digital,2,50,560000,Sí
103010,62,Metropolitana,Urbana,Redes sociales,9,62,370000,No
104629,62,O'Higgins,Urbana,Redes sociales,4,23,450000,Sí
103176,70,Biobío,Urbana,Prensa digital,9,33,280000,Sí
103180,28,Metropolitana,Rural,Redes sociales,1,55,280000,Sí
101532,61,Metropolitana,Urbana,Televisión,10,53,1800000,Sí
104323,20,Valparaíso,Urbana,Televisión,10,55,380000,Sí
102661,54,Metropolitana,Urbana,Prensa digital,2,29,890000,Sí
104567,36,Biobío,Urbana,Televisión,8,45,1380000,Sí
101170,38, Valparaíso ,Urbana,Radio,4,24,390000,Sí
102478,35,Metropolitana,Rural,Prensa digital,7,63,1720000,Sí
102517,48,Valparaíso,Urbana,Televisión,7,25,430000,No
104471,53,Metropolitana,Urbana,Redes sociales,5,32,1320000,No
102899,35,Biobío,Urbana,Redes sociales,2,38,1000000,Sí
101777,58,Metropolitana,Rural,Televisión,2,53,880000,Sí
103943,56,Valparaíso,Rural,Radio,6,40,560000,Sí
101031,81,Metropolitana,Urbana,Redes sociales,4,49,1160000,Sí
103039,71,Biobío,Urbana,Redes sociales,8,42,2670000,No
101789,26, O'Higgins ,Urbana,Redes sociales,3,29,280000,Sí
104779,28,Valparaíso,Urbana,Televisión,6,57,2060000,Sí
103067,18,Biobío,Urbana,Prensa digital,9,54,530000,No
101152,28,Metropolitana,Urbana,Televisión,3,52,1380000,No
102245,28,Metropolitana,Urbana,Prensa digital,6,77,780000,Sí
100860,59,Metropolitana,Urbana,Prensa digital,8,50,480000,Sí
102689,41,Coquimbo,Urbana,Televisión,7,32,320000,Sí
103686,27,Metropolitana,Urbana,Prensa digital,6,51,520000,Sí
103086,34,Valparaíso,Urbana,Redes sociales,10,20,280000,No
103849,33,Metropolitana,Urbana,Prensa digital,2,19,860000,No
101332,55,Coquimbo,Rural,Radio,3,39,440000,Sí
104148,,Valparaíso,Rural,Televisión,6,29,700000,Sí
103460,30,Valparaíso,Urbana,Televisión,3,69,670000,Sí
100858,57,Metropolitana,Urbana,Televisión,10,53,400000,Sí
100236,45,Valparaíso,Urbana,Televisión,6,70,1290000,Sí
103946,43,Coquimbo,Rural,Redes sociales,7,55,1130000,Sí
101448,50,Valparaíso,Urbana,Televisión,4,64,1120000,Sí
103177,63,Metropolitana,Rural,Prensa digital,1,59,890000,Sí
102535,43,Metropolitana,Urbana,Redes sociales,8,65,500000,No
102185,44,Valparaíso,Urbana,Redes sociales,2,44,670000,Sí
103309,39,METROPOLITANA,Rural,Redes sociales,6,18,610000,Sí
104410,25,Metropolitana,Urbana,Redes sociales,10,32,1460000,Sí
100307,36,Biobío,Urbana,Redes sociales,10,67,1830000,No
100723,,Metropolitana,Urbana,Prensa digital,4,64,760000,Sí
104009,65,Metropolitana,Urbana,Radio,8,48,810000,Sí
102990,53,Biobío,Urbana,Prensa digital,7,61,1570000,Sí
102738,51,Coquimbo,Urbana,Prensa digital,2,38,640000,No
104481,36,Maule,Rural,Redes sociales,3,63,730000,Sí
100313,34,Coquimbo,Urbana,Prensa digital,1,48,2650000,No
101994,49,Valparaíso,Urbana,Prensa digital,1,50,1030000,Sí
103425,45,O'Higgins,Urbana,Radio,9,40,760000,Sí
102884,66,Metropolitana,Urbana,Televisión,6,44,310000,No
103763,36,Metropolitana,Urbana,Redes sociales,6,60,630000,No
100485,33,Biobío,Rural,Televisión,3,74,1610000,Sí
102721,52,Coquimbo,Rural,Redes sociales,1,50,3050000,Sí
101804,38,Valparaíso,Urbana,Radio,3,36,790000,Sí
101262,54,Maule,Rural,Televisión,1,24,2120000,No
101774,32,Metropolitana,Urbana,Radio,1,54,960000,Sí
100737,61,O'Higgins,Urbana,Prensa digital,3,54,330000,Sí
103358,50,Metropolitana,Rural,Redes sociales,5,50,280000,Sí
103578,60,O'Higgins,Urbana,Televisión,9,48,1180000,Sí
101402,40,Maule,Urbana,Redes sociales,3,33,460000,Sí
103726,82,Metropolitana,Rural,Redes sociales,7,18,2280000,Sí
102875,47,Coquimbo,Urbana,Televisión,9,62,750000,Sí
103978,54,Metropolitana,Urbana,Televisión,5,20,1040000,Sí
104846,19,Metropolitana,Urbana,Redes sociales,3,72,710000,Sí
101716,70,Metropolitana,Urbana,Prensa digital,6,71,1810000,Sí
103964,47,METROPOLITANA,Urbana,Prensa digital,7,30,2000000,Sí
101706,,Metropolitana,Rural,Redes sociales,9,62,760000,Sí
101019,52,Metropolitana,Urbana,Radio,7,25,600000,Sí
101343,,Metropolitana,Urbana,Televisión,3,77,800000,No
102423,62,Metropolitana,Urbana,Prensa digital,8,18,1100000,Sí
104195,53,Valparaíso,Rural,Redes sociales,8,44,940000,Sí
100180,47,Metropolitana,Urbana,Prensa digital,9,38,360000,Sí
103773,50,Valparaíso,Rural,Redes sociales,10,42,470000,Sí
100106,28,Biobío,Urbana,Redes sociales,3,28,1380000,Sí
101820,49,biobío,Urbana,Redes sociales,10,29,1030000,No
100552,38,Metropolitana,Rural,Prensa digital,3,52,1850000,Sí
101919,57,Valparaíso,Rural,Prensa digital,4,38,570000,No
102753,48,Metropolitana,Urbana,Redes sociales,10,26,780000,Sí
103688,26,Metropolitana,Rural,Prensa digital,1,31,510000,Sí
103132,77,Metropolitana,Urbana,Prensa digital,5,84,560000,Sí
102186,55,Metropolitana,Urbana,Televisión,8,45,1010000,Sí
102976,72,Metropolitana,Rural,Prensa digital,8,29,570000,Sí
101339,50,O'HIGGINS,Urbana,Televisión,9,54,430000,Sí
102111,76,Metropolitana,Rural,Redes sociales,3,64,930000,Sí
101896,62,Biobío,Urbana,Redes sociales,4,82,2030000,Sí
103239,,Biobío,Urbana,Redes sociales,2,61,1010000,Sí
103625,70,Metropolitana,Urbana,Redes sociales,3,33,580000,Sí
103649,44,Maule,Urbana,Radio,9,62,430000,No
100462,52,Maule,Urbana,Radio,7,30,580000,Sí
103060,66,Coquimbo,Urbana,Televisión,1,46,280000,No
104333,52,Metropolitana,Rural,Prensa digital,7,44,1370000,No
101916,18,Metropolitana,Urbana,Televisión,2,41,2220000,Sí
103352,48,Metropolitana,Urbana,Redes sociales,10,43,400000,Sí
103491,44,Coquimbo,Rural,Redes sociales,6,29,770000,Sí
100927,36,Metropolitana,Urbana,Redes sociales,6,30,610000,Sí
103238,71,Maule,Rural,Redes sociales,4,54,910000,Sí
103590,46,O'Higgins,Rural,Redes sociales,6,45,1380000,Sí
101282,71, Metropolitana ,Urbana,Prensa digital,9,30,1100000,No
101078,26,Coquimbo,Urbana,Redes sociales,5,78,740000,Sí
102289,63,Metropolitana,Urbana,Radio,8,47,1660000,Sí
104187,48,Valparaíso,Rural,Redes sociales,8,61,810000,Sí
100513,42,Coquimbo,Rural,Televisión,5,51,760000,Sí
104259,41,Coquimbo,Urbana,Prensa digital,9,67,800000,No
100205,26,Biobío,Urbana,Redes sociales,2,52,660000,Sí
101906,70,valparaiso,Urbana,Televisión,5,59,660000,No
104686,76,Metropolitana,Urbana,Redes sociales,4,52,300000,Sí
103561,45,Coquimbo,Urbana,Redes sociales,3,28,1270000,Sí
101243,44,Biobío,Urbana,Redes sociales,9,40,470000,No
104668,62,Valparaíso,Urbana,Prensa digital,3,54,310000,Sí
103769,71,Coquimbo,Urbana,Redes sociales,6,62,670000,Sí
102439,27,Maule,Urbana,Redes sociales,7,25,2910000,Sí
101512,45,Valparaíso,Urbana,Redes sociales,8,38,630000,No
104144,49,metropolitana,Urbana,Prensa digital,5,62,1120000,Sí
101238,27,Metropolitana,Urbana,Radio,4,53,3990000,Sí
102907,63,Coquimbo,Urbana,Prensa digital,1,42,1000000,Sí
101069,39,Metropolitana,Urbana,Radio,8,46,960000,No
101783,38,Metropolitana,Urbana,Redes sociales,7,54,1630000,Sí
100671,48,Maule,Rural,Redes sociales,2,61,3030000,Sí
103012,38,Coquimbo,Urbana,Televisión,3,58,680000,Sí
101513,39,O'Higgins,Urbana,Prensa digital,3,29,1430000,Sí
101366,42,Metropolitana,Urbana,Televisión,3,61,560000,No
101113,39,Maule,Urbana,Prensa digital,7,61,1790000,No
104509,51,Biobío,Urbana,Radio,9,41,2150000,Sí
100546,35,O'Higgins,Urbana,Televisión,1,62,940000,Sí
102725,52,Biobío,Rural,Redes sociales,9,97,280000,Sí
104490,47,Valparaíso,Urbana,Prensa digital,7,39,590000,No
104607,35,Metropolitana,Rural,Televisión,8,68,610000,No
100460,56,Metropolitana,Urbana,Radio,3,36,760000,Sí
101831,53,Coquimbo,Rural,Redes sociales,4,27,1070000,Sí
101759,34,Maule,Urbana,Televisión,6,45,1610000,Sí
100414,55,Metropolitana,Urbana,Prensa digital,9,40,700000,No
104081,46,Metropolitana,Rural,Televisión,2,54,930000,Sí
101281,65,Metropolitana,Urbana,Redes sociales,6,0,1250000,Sí
101130,68,Valparaíso,Urbana,Redes sociales,5,50,970000,Sí
100253,21,Valparaíso,Urbana,Radio,9,60,650000,Sí
100192,42,Metropolitana,Urbana,Redes sociales,5,60,1150000,No
102847,56,Biobío,Urbana,Prensa digital,6,29,1280000,Sí
100541,40,Valparaíso,Rural,Redes sociales,2,51,790000,No
103589,82,Biobío,Urbana,Redes sociales,5,79,760000,Sí
103945,60,Valparaíso,Urbana,Redes sociales,2,35,390000,Sí
100174,32,Maule,Urbana,Redes sociales,9,32,450000,Sí
103606,72,Metropolitana,Rural,Redes sociales,3,45,380000,No
103231,47,Metropolitana,Urbana,Televisión,4,52,580000,Sí
102544,58,Coquimbo,Rural,Radio,3,82,1670000,Sí
103495,48,Metropolitana,Urbana,Radio,10,29,930000,Sí
102146,56,Metropolitana,Urbana,Prensa digital,4,71,530000,No
102774,51,Metropolitana,Urbana,Televisión,3,56,910000,Sí
102887,52,Valparaíso,Urbana,Redes sociales,3,1,1170000,Sí
101694,,Valparaíso,Urbana,Prensa digital,4,61,560000,No
101737,46,Metropolitana,Urbana,Televisión,10,21,1980000,Sí
104278,48,O'Higgins,Urbana,Prensa digital,2,93,280000,Sí
102999,48,Metropolitana,Urbana,Redes sociales,6,43,630000,Sí
102815,37,Valparaíso,Urbana,Televisión,10,61,1090000,Sí
101634,60,Metropolitana,Rural,Prensa digital,9,69,320000,Sí
102624,58,Metropolitana,Urbana,Televisión,10,53,1270000,Sí
103597,27,Metropolitana,Urbana,Redes sociales,1,32,640000,Sí
101119,33,O'Higgins,Urbana,Redes sociales,9,35,670000,Sí
104265,60,Metropolitana,Urbana,Redes sociales,6,68,1810000,Sí
102928,38,Biobío,Urbana,Redes sociales,1,78,1020000,No
104618,20,O'Higgins,Urbana,Prensa digital,5,65,630000,No
102891,32, Biobío ,Urbana,Radio,9,30,1050000,Sí
101824,41,Metropolitana,Urbana,Radio,9,39,2360000,Sí
101218,39,Coquimbo,Urbana,Televisión,2,72,1430000,No
100986,35,O'Higgins,Rural,Redes sociales,1,53,540000,Sí
102056,47,Maule,Urbana,Prensa digital,5,50,370000,Sí
104308,26,Metropolitana,Rural,Redes sociales,4,32,1360000,No
101495,58,Metropolitana,Urbana,Redes sociales,9,63,530000,Sí
100321,62,Valparaíso,Urbana,Redes sociales,1,46,1370000,No
102921,71, Maule ,Urbana,Redes sociales,6,48,670000,No
102807,64,Valparaíso,Urbana,Televisión,3,72,590000,Sí
100709,52,Maule,Rural,Redes sociales,7,72,1090000,Sí
103336,58,Maule,Urbana,Prensa digital,9,53,1130000,Sí
101005,22,Metropolitana,Urbana,Radio,9,26,660000,No
103164,22,Metropolitana,Rural,Prensa digital,2,30,340000,No
101625,63,O'Higgins,Rural,Redes sociales,7,33,770000,Sí
101953,33,Valparaíso,Urbana,Radio,10,38,970000,Sí
100891,36,Valparaíso,Rural,Redes sociales,8,27,570000,Sí
100561,33,Metropolitana,Rural,Redes sociales,2,9,1030000,No
100716,69,Metropolitana,Urbana,Redes sociales,3,40,700000,Sí
100139,42,Valparaíso,Urbana,Radio,4,44,470000,No
100531,58,Metropolitana,Urbana,Televisión,5,35,690000,Sí
100913,40,Metropolitana,Urbana,Prensa digital,9,36,390000,Sí
102127,,Metropolitana,Urbana,Televisión,6,41,630000,Sí
102174,26,Coquimbo,Urbana,Televisión,1,26,660000,No
102913,75,Valparaíso,Urbana,Redes sociales,7,74,900000,Sí
104369,31,Metropolitana,Rural,Redes sociales,7,71,640000,No
103829,58,Valparaíso,Urbana,Redes sociales,10,32,2520000,Sí
103768,73,Metropolitana,Urbana,Redes sociales,6,48,1830000,Sí
101236,41,Metropolitana,Urbana,Televisión,2,55,2280000,Sí
101891,61,Metropolitana,Urbana,Redes sociales,1,62,440000,No
100713,73,Metropolitana,Urbana,Televisión,6,50,490000,Sí
103532,63,Metropolitana,Urbana,Televisión,7,53,1140000,Sí
102836,30,Metropolitana,Rural,Radio,3,53,580000,No
104732,39,Maule,Urbana,Televisión,10,58,1010000,No
101466,49,Metropolitana,Urbana,Televisión,5,75,830000,Sí
100732,42,Maule,Urbana,Redes sociales,10,28,360000,Sí
100976,70,Metropolitana,Urbana,Televisión,6,60,1090000,Sí
102368,60,Metropolitana,Rural,Radio,5,32,970000,Sí
100458,63,Biobío,Rural,Redes sociales,9,51,1780000,Sí
102086,52,Metropolitana,Urbana,Radio,8,63,3290000,Sí
100688,63,Maule,Urbana,Televisión,7,40,870000,Sí
102832,50,Coquimbo,Urbana,Redes sociales,8,31,320000,Sí
102898,40,Valparaíso,Urbana,Televisión,3,46,720000,No
104756,67,Valparaíso,Urbana,Radio,8,45,740000,Sí
103774,33,Metropolitana,Urbana,Prensa digital,9,43,910000,Sí
101294,32,Maule,Urbana,Prensa digital,9,24,750000,Sí
100024,48,Metropolitana,Rural,Televisión,5,66,1050000,No
103497,52,Biobío,Urbana,Televisión,7,51,1120000,No
101092,63,Metropolitana,Urbana,Redes sociales,8,53,820000,No
101882,25,Metropolitana,Rural,Televisión,1,32,770000,Sí
102987,50,Metropolitana,Urbana,Redes sociales,2,50,480000,Sí
101460,59,Maule,Urbana,Redes sociales,6,78,1920000,Sí
101544,65,Valparaíso,Rural,Televisión,8,31,740000,Sí
102724,61,Metropolitana,Urbana,Prensa digital,9,48,320000,Sí
102904,74,Biobío,Urbana,Redes sociales,9,75,1330000,No
104120,66,Valparaíso,Urbana,Redes sociales,5,27,280000,Sí
100565,,Metropolitana,Rural,Redes sociales,5,44,410000,Sí
104309,67,Metropolitana,Urbana,Redes sociales,6,63,410000,Sí
103297,28,Metropolitana,Urbana,Televisión,8,46,470000,Sí
101978,37, Biobío ,Urbana,Prensa digital,1,27,1450000,No
100882,37,Metropolitana,Urbana,Prensa digital,10,54,920000,Sí
100879,48,Metropolitana,Rural,Redes sociales,1,52,1390000,Sí
100612,55,Biobío,Rural,Televisión,6,39,750000,Sí
104796,18,Metropolitana,Rural,Prensa digital,3,28,510000,No
100960,62,Metropolitana,Urbana,Redes sociales,2,42,800000,Sí
104520,43,Metropolitana,Rural,Prensa digital,3,33,280000,Sí
101322,54,Metropolitana,Urbana,Redes sociales,2,45,310000,No
100197,35,O'Higgins,Urbana,Redes sociales,1,54,330000,Sí
102429,59,Maule,Rural,Redes sociales,9,36,990000,No
100143,33,Metropolitana,Urbana,Redes sociales,8,7,1130000,No
103421,35,Metropolitana,Urbana,Redes sociales,1,63,1120000,Sí
103914,24,Valparaíso,Urbana,Radio,8,99,700000,No
103795,27,metropolitana,Urbana,Prensa digital,8,42,740000,No
103369,56,Valparaíso,Urbana,Prensa digital,5,51,1020000,No
102893,50,Metropolitana,Urbana,Radio,4,27,650000,Sí
104299,38,Valparaíso,Urbana,Radio,8,45,880000,Sí
103356,36,Biobío,Urbana,Redes sociales,3,21,1020000,No
103876,49,Biobío,Urbana,Redes sociales,1,39,530000,Sí
100724,61,Metropolitana,Urbana,Redes sociales,9,61,1820000,Sí
104592,60,Coquimbo,Urbana,Radio,1,28,670000,Sí
101477,,Biobío,Urbana,Redes sociales,10,39,1180000,Sí
103925,43,Metropolitana,Urbana,Radio,10,51,480000,No
100512,29,Metropolitana,Urbana,Redes sociales,2,71,990000,No
101318,32,Valparaíso,Urbana,Redes sociales,3,48,350000,No
104879,,Valparaíso,Urbana,Redes sociales,3,37,1770000,Sí
103399,38,Metropolitana,Urbana,Radio,8,61,580000,Sí
100838,,Metropolitana,Urbana,Televisión,7,28,780000,No
102697,70,Valparaíso,Urbana,Redes sociales,4,37,280000,Sí
100187,32,Valparaíso,Urbana,Redes sociales,6,44,1410000,No
101258,51,Metropolitana,Urbana,Redes sociales,1,30,890000,Sí
104876,30,Valparaíso,Urbana,Televisión,5,60,410000,No
104365,64,Biobío,Urbana,Redes sociales,6,28,280000,Sí
104398,18,Valparaíso,Urbana,Redes sociales,2,52,770000,Sí
103886,30,COQUIMBO,Rural,Redes sociales,10,86,990000,No
100656,70,Metropolitana,Urbana,Prensa digital,4,33,580000,Sí
103431,18,Biobío,Urbana,Prensa digital,10,42,300000,No
100085,41,Metropolitana,Rural,Televisión,5,61,350000,No
104577,39,Coquimbo,Rural,Televisión,6,31,1840000,Sí
104789,42,Metropolitana,Rural,Redes sociales,1,38,320000,Sí
101473,60,Coquimbo,Urbana,Televisión,9,25,280000,Sí
100456,55,metropolitana,Urbana,Televisión,3,51,510000,Sí
100717,68,O'Higgins,Urbana,Radio,7,51,520000,Sí
104378,45,Metropolitana,Urbana,Televisión,9,46,630000,Sí
104748,66,Valparaíso,Urbana,Televisión,1,50,1180000,No
100073,36,Coquimbo,Urbana,Radio,6,67,1770000,No
101269,27,Valparaíso,Urbana,Radio,5,30,570000,No
104639,49,Metropolitana,Urbana,Redes sociales,8,43,980000,Sí
103133,49,Biobío,Urbana,Prensa digital,1,32,760000,Sí
101725,36,Valparaíso,Urbana,Redes sociales,3,43,550000,Sí
103098,74,Metropolitana,Urbana,Redes sociales,1,64,1290000,Sí
104657,32,O'Higgins,Urbana,Televisión,7,23,1030000,Sí
103113,47,Maule,Urbana,Redes sociales,8,53,360000,Sí
100605,26,Coquimbo,Urbana,Prensa digital,8,21,760000,No
103695,42,O'Higgins,Urbana,Prensa digital,9,75,760000,No
102556,36,Maule,Urbana,Prensa digital,4,67,990000,No
101067,35,Metropolitana,Rural,Televisión,5,62,410000,Sí
102495,42,Metropolitana,Urbana,Prensa digital,7,54,470000,Sí
103406,33,Metropolitana,Urbana,Redes sociales,6,40,720000,Sí
102394,57,Metropolitana,Urbana,Televisión,6,69,340000,Sí
103654,59,Valparaíso,Rural,Prensa digital,9,34,1920000,Sí
101517,,Coquimbo,Urbana,Prensa digital,9,47,1860000,Sí
104588,50,Biobío,Rural,Redes sociales,3,43,1140000,Sí
104221,37,Metropolitana,Urbana,Redes sociales,3,68,340000,Sí
102365,29,Biobío,Urbana,Prensa digital,2,57,960000,Sí
103990,31,Coquimbo,Urbana,Redes sociales,10,37,1870000,No
103987,36,Valparaíso,Urbana,Redes sociales,3,22,750000,Sí
104916,32,Valparaíso,Urbana,Televisión,8,83,510000,Sí
104726,52,Valparaíso,Urbana,Televisión,4,35,410000,Sí
102051,41,Coquimbo,Urbana,Redes sociales,3,31,570000,No
102205,38,O'Higgins,Urbana,Prensa digital,4,52,1150000,Sí
103339,58,Metropolitana,Urbana,Redes sociales,3,74,280000,Sí
103970,33,Metropolitana,Urbana,Prensa digital,8,55,1150000,No
103451,,Maule,Rural,Redes sociales,1,60,630000,No
104255,56,O'Higgins,Urbana,Redes sociales,3,59,670000,Sí
100342,43,Valparaíso,Urbana,Redes sociales,1,53,940000,Sí
101065,40,Coquimbo,Rural,Redes sociales,5,28,1910000,Sí
100384,51,Biobío,Urbana,Prensa digital,9,50,350000,Sí
100312,34,Metropolitana,Urbana,Prensa digital,9,25,470000,No
101958,30,Metropolitana,Urbana,Redes sociales,5,70,710000,Sí
100064,34,O'Higgins,Urbana,Prensa digital,2,12,650000,Sí
102244,38,Metropolitana,Urbana,Radio,5,53,550000,Sí
101455,58,O'Higgins,Urbana,Redes sociales,9,47,320000,Sí
100298,29,Coquimbo,Urbana,Prensa digital,2,55,1170000,No
104237,67,Metropolitana,Urbana,Redes sociales,7,47,620000,Sí
101575,23,Metropolitana,Urbana,Prensa digital,9,70,840000,Sí
102076,39,Maule,Urbana,Redes sociales,8,42,1340000,Sí
101122,44,O'Higgins,Urbana,Redes sociales,3,45,760000,Sí
101033,29,Valparaíso,Urbana,Prensa digital,4,0,1290000,No
100687,27,Metropolitana,Rural,Redes sociales,9,77,580000,Sí
103742,41,Valparaíso,Urbana,Redes sociales,10,6,1520000,No
100938,68,Maule,Urbana,Televisión,1,26,850000,Sí
103949,,Metropolitana,Urbana,Redes sociales,4,69,750000,Sí
102600,18,Metropolitana,Urbana,Prensa digital,9,15,1480000,Sí
104519,69,Metropolitana,Urbana,Redes sociales,8,32,1590000,Sí
103996,27,Biobío,Urbana,Televisión,10,57,470000,Sí
101991,36,O'Higgins,Rural,Prensa digital,8,58,880000,Sí
103598,36,Metropolitana,Urbana,Redes sociales,2,24,380000,Sí
104368,31,Metropolitana,Urbana,Prensa digital,1,79,1210000,Sí
103926,34,Metropolitana,Urbana,Televisión,3,23,490000,No
100357,38,Metropolitana,Rural,Prensa digital,3,39,1200000,Sí
103915,,O'Higgins,Rural,Redes sociales,9,41,500000,Sí
102045,46,Valparaíso,Urbana,Televisión,7,25,620000,Sí
103274,31,maule,Urbana,Redes sociales,10,73,400000,Sí
100471,61,Metropolitana,Urbana,Televisión,1,61,1230000,No
100964,32,Metropolitana,Urbana,Televisión,8,38,1340000,Sí
103237,43,Metropolitana,Rural,Televisión,6,54,490000,No
102584,49,Valparaíso,Urbana,Redes sociales,7,17,1750000,Sí
101399,18,Metropolitana,Rural,Radio,5,27,330000,Sí
103287,,O'Higgins,Urbana,Televisión,5,63,1180000,No
104841,,O'Higgins,Urbana,Televisión,6,60,350000,Sí
102010,40,Valparaíso,Urbana,Prensa digital,2,56,690000,No
102487,64,Metropolitana,Urbana,Redes sociales,9,77,710000,Sí
101087,55,Metropolitana,Urbana,Redes sociales,7,36,1050000,Sí
104180,42,O'Higgins,Urbana,Prensa digital,7,84,940000,Sí
102593,70,Biobío,Urbana,Redes sociales,3,43,810000,No
100660,61,Metropolitana,Urbana,Redes sociales,4,53,1100000,Sí
103398,,Metropolitana,Rural,Prensa digital,8,24,910000,Sí
104043,69,Maule,Urbana,Redes sociales,3,57,800000,No
101424,62,Valparaíso,Urbana,Televisión,5,33,400000,Sí
102176,37,Coquimbo,Urbana,Televisión,2,34,280000,No
100424,43,O'Higgins,Rural,Redes sociales,7,51,940000,Sí
102389,64,Coquimbo,Urbana,Redes sociales,5,62,720000,Sí
101601,41,Metropolitana,Rural,Redes sociales,1,52,320000,Sí
102472,82,Metropolitana,Rural,Redes sociales,9,43,1100000,Sí
101550,61,Metropolitana,Rural,Redes sociales,7,60,1790000,No
100794,66,O'Higgins,Rural,Radio,6,54,630000,No
102548,51,Metropolitana,Rural,Radio,8,53,280000,Sí
102839,50,Metropolitana,Urbana,Radio,2,18,1130000,Sí
103360,35,O'Higgins,Urbana,Prensa digital,3,6,280000,Sí
101153,39,Metropolitana,Urbana,Televisión,6,0,280000,Sí
100023,,Coquimbo,Urbana,Televisión,9,79,800000,Sí
101681,60,Biobío,Urbana,Televisión,5,45,460000,Sí
104703,46,Metropolitana,Urbana,Prensa digital,8,36,990000,No
103141,57,Metropolitana,Urbana,Televisión,8,35,820000,Sí
103936,70,O'Higgins,Urbana,Televisión,8,28,820000,Sí
100637,,Biobío,Urbana,Redes sociales,8,59,1770000,Sí
100582,51,Metropolitana,Urbana,Redes sociales,6,68,460000,Sí
101123,47,O'Higgins,Urbana,Radio,6,3,1150000,Sí
101564,58,Metropolitana,Urbana,Televisión,6,38,860000,Sí
100196,32,Metropolitana,Urbana,Redes sociales,3,38,470000,Sí
102635,72,Metropolitana,Urbana,Televisión,8,16,990000,No
101936,23,Biobío,Rural,Redes sociales,6,57,1410000,Sí
101933,48,Metropolitana,Urbana,Televisión,10,53,1490000,Sí
102180,29,Metropolitana,Rural,Redes sociales,6,60,580000,No
100441,62,Metropolitana,Rural,Redes sociales,9,38,2170000,Sí
103501,36,O'Higgins,Urbana,Televisión,7,40,1560000,Sí
103395,29,Metropolitana,Urbana,Redes sociales,9,49,720000,Sí
100672,53,O'Higgins,Urbana,Televisión,4,45,1010000,Sí
100755,39,Metropolitana,Urbana,Prensa digital,1,56,600000,Sí
100076,62,Coquimbo,Urbana,Prensa digital,9,42,690000,Sí
104683,,Valparaíso,Urbana,Redes sociales,3,57,910000,Sí
104586,31,Valparaíso,Urbana,Radio,10,62,2430000,Sí
103440,48,Metropolitana,Rural,Redes sociales,1,41,1670000,Sí
102917,51,Valparaíso,Urbana,Prensa digital,2,58,300000,Sí
100395,70,Valparaíso,Urbana,Redes sociales,7,67,420000,Sí
101947,65,Coquimbo,Rural,Redes sociales,10,52,390000,Sí
103583,43,Valparaíso,Rural,Televisión,8,82,500000,Sí
103988,59,Metropolitana,Urbana,Televisión,2,71,760000,Sí
104412,34,Biobío,Urbana,Prensa digital,7,35,930000,No
100223,49,Metropolitana,Urbana,Radio,10,54,480000,Sí
100690,52,Metropolitana,Urbana,Radio,2,70,340000,Sí
104362,53,O'Higgins,Urbana,Televisión,6,27,360000,No
101360,65,Coquimbo,Urbana,Radio,7,47,770000,Sí
104037,79,Metropolitana,Rural,Radio,7,29,1290000,No
102554,18,Valparaíso,Urbana,Redes sociales,5,48,520000,Sí
100825,29,Metropolitana,Rural,Redes sociales,6,30,780000,Sí
100580,63,Valparaíso,Urbana,Redes sociales,7,29,460000,No
100034,,Valparaíso,Urbana,Prensa digital,4,52,720000,Sí
103043,63,Metropolitana,Urbana,Redes sociales,3,40,1430000,Sí
102370,45,Metropolitana,Urbana,Redes sociales,10,33,360000,Sí
104589,71,Metropolitana,Urbana,Televisión,5,17,1010000,No
100213,27,Metropolitana,Urbana,Prensa digital,9,44,1420000,Sí
103796,59,Metropolitana,Urbana,Redes sociales,9,79,510000,Sí
102488,49,Metropolitana,Rural,Prensa digital,4,38,1930000,Sí
104082,84,Biobío,Urbana,Televisión,9,87,1060000,Sí
102667,50,Metropolitana,Urbana,Prensa digital,4,54,330000,Sí
102690,58,Metropolitana,Rural,Televisión,5,11,890000,Sí
100880,35,Maule,Rural,Redes sociales,10,29,530000,Sí
103210,,O'Higgins,Urbana,Prensa digital,5,68,430000,Sí
101240,50,Coquimbo,Urbana,Televisión,1,30,370000,Sí
100803,25,Coquimbo,Urbana,Redes sociales,6,35,570000,No
102454,50,Coquimbo,Urbana,Televisión,2,46,590000,No
100188,28,Valparaíso,Urbana,Redes sociales,1,53,360000,No
104150,72,O'Higgins,Urbana,Prensa digital,3,46,1170000,Sí
101739,38,Coquimbo,Urbana,Prensa digital,6,53,640000,Sí
100338,69,Metropolitana,Rural,Televisión,10,35,350000,Sí
100752,65,O'Higgins,Urbana,Televisión,4,62,1050000,Sí
103178,36,O'Higgins,Rural,Redes sociales,3,66,610000,Sí
103858,66,Metropolitana,Urbana,Prensa digital,10,41,400000,Sí
100918,53,Metropolitana,Urbana,Redes sociales,8,39,1170000,Sí
104173,53,Coquimbo,Urbana,Redes sociales,6,27,630000,Sí
104036,57,Valparaíso,Urbana,Prensa digital,1,64,1770000,Sí
104658,,Metropolitana,Urbana,Redes sociales,4,42,330000,Sí
101925,51,metropolitana,Urbana,Televisión,8,30,1220000,Sí
102553,42,Metropolitana,Urbana,Radio,8,42,750000,Sí
102184,25,Valparaíso,Urbana,Redes sociales,4,52,870000,No
102424,,O'Higgins,Urbana,Televisión,8,48,1880000,Sí
103299,22,Valparaíso,Rural,Radio,1,45,1270000,Sí
103904,46,O'Higgins,Urbana,Radio,10,27,450000,No
103592,65,Valparaíso,Rural,Redes sociales,8,71,1610000,Sí
101784,,Biobío,Rural,Redes sociales,5,21,500000,Sí
101172,69,Metropolitana,Urbana,Prensa digital,6,47,550000,Sí
104070,71,O'Higgins,Rural,Radio,5,70,920000,No
102299,64,Coquimbo,Urbana,Prensa digital,4,43,720000,Sí
101526,,O'Higgins,Rural,Televisión,5,26,2300000,Sí
101839,60,Coquimbo,Rural,Televisión,10,13,1220000,Sí
104462,53,Metropolitana,Urbana,Televisión,3,28,2120000,Sí
101055,70,Metropolitana,Rural,Radio,2,56,2820000,Sí
100799,30,Maule,Urbana,Prensa digital,5,45,1370000,Sí
103766,83,Metropolitana,Urbana,Redes sociales,4,57,1740000,Sí
103100,,Metropolitana,Urbana,Redes sociales,10,40,780000,No
101010,55,Metropolitana,Urbana,Redes sociales,6,41,1230000,No
103976,33,O'Higgins,Urbana,Radio,6,53,490000,No
100560,26,Metropolitana,Rural,Redes sociales,7,56,2030000,No
101722,50,Valparaíso,Urbana,Prensa digital,6,15,510000,Sí
102646,34,Biobío,Urbana,Redes sociales,1,45,330000,No
100691,45,Biobío,Rural,Radio,8,54,840000,Sí
101133,22,Coquimbo,Urbana,Redes sociales,4,71,780000,Sí
102758,72,Metropolitana,Rural,Redes sociales,5,48,1630000,Sí
102126,22,Metropolitana,Urbana,Redes sociales,10,50,540000,Sí
102364,42,Metropolitana,Urbana,Redes sociales,1,75,330000,Sí
102497,27,Metropolitana,Urbana,Redes sociales,2,35,580000,Sí
104562,32,Valparaíso,Urbana,Televisión,5,60,580000,No
104537,33,Valparaíso,Urbana,Televisión,8,67,870000,Sí
101796,50,Maule,Urbana,Televisión,4,45,420000,Sí
104212,59,Metropolitana,Urbana,Redes sociales,8,50,2160000,Sí
103552,61,Metropolitana,Rural,Prensa digital,2,46,590000,Sí
100746,35,Valparaíso,Urbana,Prensa digital,5,53,790000,Sí
101003,54,O'Higgins,Rural,Redes sociales,2,72,760000,Sí
100369,68,Metropolitana,Urbana,Prensa digital,5,43,1500000,Sí
103233,47,Metropolitana,Rural,Radio,2,27,730000,Sí
100436,47,Valparaíso,Urbana,Radio,2,23,1040000,Sí
102251,69,O'Higgins,Rural,Televisión,7,71,540000,Sí
101878,41,Metropolitana,Rural,Radio,3,34,590000,Sí
102351,48,Coquimbo,Urbana,Redes sociales,9,7,2030000,Sí
102710,58,Metropolitana,Urbana,Radio,3,83,1320000,Sí
103733,55,O'Higgins,Rural,Prensa digital,5,38,640000,Sí
100287,65,Metropolitana,Urbana,Prensa digital,3,75,360000,Sí
100075,53,Metropolitana,Urbana,Prensa digital,8,61,660000,Sí
103747,61,Metropolitana,Urbana,Televisión,6,60,310000,Sí
100318,72,Metropolitana,Urbana,Redes sociales,6,22,280000,Sí
102830,63,Valparaíso,Urbana,Prensa digital,3,84,1530000,Sí
103108,38,Metropolitana,Urbana,Redes sociales,10,41,480000,No
103413,,Biobío,Rural,Televisión,4,60,1560000,Sí
103435,62,Metropolitana,Urbana,Televisión,8,64,730000,No
102117,,Metropolitana,Urbana,Televisión,8,32,680000,Sí
103123,,O'Higgins,Urbana,Televisión,7,11,1370000,Sí
100579,60,O'Higgins,Urbana,Televisión,7,31,1030000,Sí
103551,48,Biobío,Urbana,Televisión,9,56,820000,Sí
103134,25,Metropolitana,Urbana,Redes sociales,7,29,3270000,No
103054,56,O'Higgins,Urbana,Prensa digital,9,83,910000,Sí
102447,32,Metropolitana,Urbana,Radio,5,36,520000,No
104835,,Metropolitana,Urbana,Radio,3,62,990000,No
102833,28,Metropolitana,Urbana,Televisión,1,67,730000,Sí
100875,57,Biobío,Urbana,Televisión,8,27,570000,Sí
104091,29,Maule,Urbana,Redes sociales,6,40,1280000,Sí
100003,31,Maule,Urbana,Radio,7,39,590000,No
104809,29,Valparaíso,Urbana,Redes sociales,7,30,1680000,Sí
102856,62,Maule,Urbana,Prensa digital,10,39,1550000,Sí
100367,52,Valparaíso,Urbana,Radio,4,46,1140000,No
103753,29,Biobío,Urbana,Televisión,6,70,1230000,Sí
104798,42,Metropolitana,Urbana,Redes sociales,7,44,480000,No
100682,20,Metropolitana,Rural,Televisión,2,17,2220000,No
102171,,O'Higgins,Urbana,Redes sociales,1,58,470000,No
103149,63,Biobío,Urbana,Prensa digital,7,75,490000,Sí
101675,52,Coquimbo,Urbana,Redes sociales,3,46,610000,Sí
102098,53,Valparaíso,Urbana,Prensa digital,7,44,950000,No
103693,77,Metropolitana,Urbana,Televisión,10,46,590000,Sí
101963,21,Valparaíso,Urbana,Prensa digital,1,34,1230000,Sí
103923,55,Maule,Urbana,Televisión,7,29,1190000,Sí
103843,27,Metropolitana,Rural,Radio,10,28,820000,No
102092,58,Valparaíso,Rural,Redes sociales,5,35,2980000,No
102854,69,Maule,Urbana,Televisión,7,21,280000,Sí
101061,34,Valparaíso,Urbana,Prensa digital,10,55,970000,Sí
102417,30,Metropolitana,Rural,Prensa digital,3,89,740000,Sí
102270,35,Coquimbo,Rural,Prensa digital,10,83,2740000,Sí
101365,51,Metropolitana,Urbana,Televisión,9,49,530000,Sí
101277,69,Valparaíso,Urbana,Redes sociales,6,40,530000,Sí
103160,37,Metropolitana,Urbana,Televisión,5,84,1510000,Sí
100649,43,Metropolitana,Urbana,Televisión,9,40,600000,Sí
102066,49,Biobío,Urbana,Redes sociales,2,41,1760000,Sí
101199,35,Biobío,Urbana,Prensa digital,9,16,1180000,Sí
102797,53,Valparaíso,Rural,Radio,6,91,480000,Sí
101210,59,Metropolitana,Rural,Televisión,4,35,2100000,Sí
104623,50,Biobío,Urbana,Televisión,6,45,1320000,Sí
100874,37,Metropolitana,Urbana,Redes sociales,4,40,500000,Sí
101444,52,Metropolitana,Urbana,Televisión,6,43,360000,Sí
102763,28,Biobío,Urbana,Televisión,4,48,660000,No
104416,66,Maule,Urbana,Televisión,9,25,630000,No
102437,38,Biobío,Urbana,Redes sociales,9,58,390000,Sí
101744,54,Maule,Rural,Redes sociales,3,39,1020000,No
103714,44,Metropolitana,Rural,Redes sociales,3,78,1140000,Sí
102507,70,Metropolitana,Urbana,Televisión,6,56,490000,Sí
104781,32,Maule,Rural,Prensa digital,4,50,530000,No
104191,,Valparaíso,Rural,Redes sociales,5,25,1640000,Sí
103569,47,O'Higgins,Urbana,Televisión,10,33,760000,Sí
104741,28,Metropolitana,Urbana,Televisión,4,73,400000,Sí
100031,43,Biobío,Rural,Prensa digital,3,70,700000,Sí
104230,46,Valparaíso,Urbana,Redes sociales,10,37,560000,Sí
102803,34,Metropolitana,Urbana,Prensa digital,10,79,590000,No
103852,47,O'Higgins,Urbana,Prensa digital,4,39,590000,Sí
101230,42,Metropolitana,Rural,Radio,10,31,860000,No
104814,,Metropolitana,Urbana,Prensa digital,10,3,780000,Sí
102137,50,Metropolitana,Urbana,Redes sociales,2,31,1100000,Sí
104283,73,Maule,Urbana,Redes sociales,10,53,870000,Sí
102665,68,Maule,Urbana,Prensa digital,8,31,780000,Sí
103234,29,O'Higgins,Urbana,Redes sociales,2,46,1590000,No
102831,46,Metropolitana,Urbana,Redes sociales,9,25,1420000,Sí
100492,58,Metropolitana,Urbana,Redes sociales,5,41,620000,Sí
102328,23,Metropolitana,Urbana,Redes sociales,10,59,610000,Sí
101964,47,Metropolitana,Urbana,Prensa digital,3,14,750000,Sí
101718,27,Metropolitana,Rural,Redes sociales,5,68,360000,Sí
103783,35,Valparaíso,Rural,Televisión,6,45,1030000,Sí
100886,61,Biobío,Urbana,Prensa digital,3,62,360000,Sí
104032,34,Coquimbo,Urbana,Redes sociales,9,57,430000,Sí
102940,56,Biobío,Urbana,Radio,5,14,600000,Sí
103553,52,Biobío,Rural,Radio,1,57,340000,No
101960,73,Valparaíso,Urbana,Prensa digital,7,67,460000,Sí
104263,27,Metropolitana,Urbana,Prensa digital,3,69,330000,No
102057,51,Metropolitana,Urbana,Prensa digital,9,55,580000,Sí
101213,38,O'Higgins,Urbana,Redes sociales,9,35,320000,Sí
102201,26,Coquimbo,Rural,Redes sociales,10,32,620000,Sí
101254,40,Biobío,Rural,Redes sociales,9,96,750000,Sí
100618,56,Metropolitana,Urbana,Redes sociales,6,48,280000,Sí
104051,57,Metropolitana,Urbana,Redes sociales,4,47,540000,Sí
103658,57,Coquimbo,Rural,Televisión,5,25,460000,Sí
100200,,Valparaíso,Urbana,Televisión,10,48,600000,Sí
102706,43,Biobío,Urbana,Redes sociales,9,28,1360000,Sí
100148,30,Metropolitana,Urbana,Redes sociales,2,27,1000000,Sí
103396,42,Coquimbo,Urbana,Redes sociales,2,46,510000,No
102805,47,Valparaíso,Urbana,Prensa digital,6,41,440000,Sí
104553,59,Valparaíso,Urbana,Redes sociales,6,47,1210000,No
104674,43,Maule,Rural,Redes sociales,7,3,950000,Sí
102654,69,Metropolitana,Urbana,Televisión,10,18,530000,Sí
103972,58,Metropolitana,Urbana,Televisión,4,9,1050000,No
103571,54,Valparaíso,Urbana,Redes sociales,8,20,2380000,Sí
103607,29,Metropolitana,Urbana,Radio,10,35,340000,Sí
100620,51, Metropolitana ,Urbana,Redes sociales,3,56,1230000,Sí
101372,46,Metropolitana,Urbana,Redes sociales,5,54,1180000,No
101642,56,Metropolitana,Urbana,Prensa digital,8,36,1610000,Sí
102938,65,biobío,Rural,Prensa digital,4,50,1100000,Sí
100633,48,Metropolitana,Urbana,Redes sociales,10,69,1120000,No
101099,65,Metropolitana,Urbana,Redes sociales,6,40,1810000,Sí
102304,70,Maule,Urbana,Redes sociales,2,51,640000,Sí
104881,22,Valparaíso,Urbana,Televisión,6,48,920000,No
102280,26,Coquimbo,Urbana,Redes sociales,5,38,1150000,Sí
102336,36,Maule,Urbana,Redes sociales,5,65,1690000,Sí
100057,70,Maule,Urbana,Radio,2,27,1580000,Sí
104038,29,Biobío,Urbana,Televisión,7,58,1360000,No
104622,63,Biobío,Urbana,Redes sociales,6,37,320000,Sí
103148,38,O'Higgins,Urbana,Prensa digital,9,71,1100000,Sí
100018,67,Metropolitana,Urbana,Prensa digital,8,70,860000,Sí
103084,66,Metropolitana,Urbana,Televisión,3,44,280000,Sí
102841,43,Maule,Rural,Prensa digital,3,65,560000,Sí
101205,58,Metropolitana,Rural,Televisión,6,62,830000,Sí
102102,55,Coquimbo,Urbana,Redes sociales,2,36,670000,No
104460,48,O'Higgins,Urbana,Redes sociales,6,65,850000,Sí
102505,,Metropolitana,Urbana,Redes sociales,4,61,290000,No
104673,65,Metropolitana,Urbana,Redes sociales,2,17,710000,Sí
102047,,Metropolitana,Urbana,Redes sociales,3,46,750000,Sí
101648,66,Valparaíso,Urbana,Radio,4,36,560000,Sí
101992,46,O'Higgins,Urbana,Televisión,6,65,950000,Sí
104161,31,Metropolitana,Urbana,Prensa digital,5,21,630000,No
104576,65,Metropolitana,Rural,Televisión,2,27,2160000,Sí
100040,24,Metropolitana,Rural,Prensa digital,6,53,560000,No
102303,44,Metropolitana,Urbana,Prensa digital,9,57,920000,Sí
103762,61,Biobío,Urbana,Redes sociales,1,53,1120000,No
103238,71,Maule,Rural,Redes sociales,4,54,910000,Sí
104159,37,Metropolitana,Urbana,Redes sociales,4,22,1090000,Sí
104729,51,Biobío,Urbana,Redes sociales,7,9,350000,Sí
103739,54,O'Higgins,Rural,Redes sociales,5,56,920000,Sí
100383,34, Metropolitana ,Urbana,Televisión,8,44,390000,Sí
102567,33,Biobío,Urbana,Televisión,5,27,280000,Sí
100662,58,Valparaíso,Urbana,Prensa digital,3,86,1750000,No
102154,66,Valparaíso,Urbana,Televisión,7,38,1060000,Sí
102986,40,Metropolitana,Rural,Redes sociales,6,23,2110000,No
100256,41,Metropolitana,Urbana,Televisión,1,57,380000,No
100857,31,Metropolitana,Urbana,Prensa digital,4,27,1860000,No
104370,,Metropolitana,Urbana,Televisión,6,68,280000,No
104463,67,Metropolitana,Urbana,Redes sociales,9,55,610000,No
104085,29,METROPOLITANA,Urbana,Televisión,4,30,850000,Sí
102892,64,Metropolitana,Rural,Televisión,6,65,780000,Sí
101558,58,Biobío,Urbana,Redes sociales,7,46,550000,Sí
103668,,Metropolitana,Urbana,Prensa digital,1,41,740000,Sí
103099,50,Maule,Rural,Televisión,9,47,280000,Sí
100386,26, Metropolitana ,Urbana,Redes sociales,9,26,820000,No
103473,29,O'Higgins,Urbana,Televisión,3,70,1190000,Sí
102471,,Maule,Urbana,Prensa digital,6,34,510000,Sí
102261,39,Valparaíso,Urbana,Redes sociales,5,47,840000,No
101771,58,Valparaíso,Urbana,Radio,7,34,1600000,No
102589,31,O'Higgins,Urbana,Redes sociales,9,52,1980000,Sí
103635,,Coquimbo,Urbana,Prensa digital,8,1,1440000,No
101377,,Metropolitana,Urbana,Redes sociales,8,37,810000,Sí
102588,73,Biobío,Rural,Televisión,2,28,780000,Sí
104843,69,Coquimbo,Urbana,Radio,3,76,830000,Sí
104891,53,Valparaíso,Urbana,Prensa digital,7,71,1640000,Sí
102405,30,Metropolitana,Rural,Redes sociales,1,18,310000,Sí
103235,74,Valparaíso,Urbana,Televisión,4,10,760000,Sí
101763,47,Metropolitana,Urbana,Redes sociales,3,39,430000,No
103002,45,Coquimbo,Urbana,Radio,4,59,570000,Sí
104525,35,Biobío,Urbana,Televisión,10,71,1250000,No
100392,45,Metropolitana,Urbana,Redes sociales,2,64,570000,Sí
102482,43,Metropolitana,Urbana,Redes sociales,9,49,730000,Sí
104303,28,Metropolitana,Rural,Televisión,8,74,850000,Sí
102617,31,Metropolitana,Rural,Prensa digital,7,60,790000,No
103877,35,Coquimbo,Urbana,Prensa digital,2,31,460000,Sí
100203,33,Coquimbo,Rural,Televisión,4,51,620000,Sí
103305,37,Biobío,Urbana,Radio,9,12,570000,Sí
101592,18,O'Higgins,Urbana,Televisión,6,62,750000,No
102292,74,Valparaíso,Rural,Redes sociales,5,32,1340000,Sí
104801,28,Metropolitana,Urbana,Redes sociales,2,62,1290000,Sí
101617,34,Valparaíso,Urbana,Redes sociales,1,68,830000,Sí
100097,39,Metropolitana,Urbana,Prensa digital,6,72,1440000,Sí
100332,76,Metropolitana,Urbana,Redes sociales,7,64,470000,No
104295,53,Metropolitana,Urbana,Redes sociales,6,19,1160000,No
101022,37,Metropolitana,Urbana,Redes sociales,9,43,440000,Sí
102393,37,Maule,Urbana,Radio,2,43,2210000,Sí
100122,21,Metropolitana,Rural,Televisión,2,36,1840000,Sí
100640,57,Metropolitana,Rural,Redes sociales,4,35,650000,Sí
102414,37,Metropolitana,Rural,Redes sociales,1,38,750000,No
102964,35,Biobío,Rural,Redes sociales,9,0,1330000,Sí
101044,,Metropolitana,Urbana,Televisión,6,30,280000,No
101650,37,Biobío,Urbana,Redes sociales,9,20,1160000,No
103888,46,Coquimbo,Urbana,Redes sociales,2,25,650000,Sí
100210,68,Metropolitana,Urbana,Redes sociales,2,64,810000,Sí
103016,38,Metropolitana,Urbana,Radio,5,52,650000,No
101849,47,Maule,Rural,Redes sociales,4,70,2790000,Sí
101008,59,Maule,Urbana,Redes sociales,2,51,1370000,Sí
102557,61,Maule,Rural,Televisión,7,43,920000,Sí
103579,37,Metropolitana,Urbana,Radio,8,33,730000,Sí
100931,46,Biobío,Urbana,Redes sociales,8,55,370000,Sí
100591,75,Coquimbo,Urbana,Redes sociales,8,27,910000,Sí
104052,40,Maule,Urbana,Redes sociales,8,33,610000,Sí
101579,66,Maule,Urbana,Redes sociales,9,69,650000,Sí
103187,,Biobío,Urbana,Redes sociales,8,46,1460000,No
101645,39,O'Higgins,Urbana,Televisión,8,41,280000,Sí
103901,28,Valparaíso,Urbana,Prensa digital,7,32,380000,Sí
100055,29,Maule,Urbana,Redes sociales,5,72,530000,No
104454,48,Maule,Urbana,Redes sociales,4,35,380000,Sí
100730,53,Metropolitana,Urbana,Radio,2,45,1670000,Sí
104705,25,Metropolitana,Urbana,Prensa digital,9,39,970000,No
103284,56,Valparaíso,Rural,Televisión,7,46,1130000,Sí
104329,31,Metropolitana,Rural,Televisión,6,42,680000,Sí
102095,25,Metropolitana,Urbana,Redes sociales,6,58,3980000,Sí
103922,18,Metropolitana,Rural,Televisión,10,71,650000,Sí
102347,34,Metropolitana,Rural,Radio,3,54,1750000,No
101216,47,Metropolitana,Urbana,Televisión,2,59,760000,No
103343,71,Biobío,Urbana,Prensa digital,2,61,2080000,Sí
100701,57,Metropolitana,Urbana,Televisión,8,53,300000,Sí
104759,,Biobío,Urbana,Redes sociales,1,76,440000,Sí
103793,18,O'Higgins,Urbana,Redes sociales,1,37,430000,Sí
103608,51,Valparaíso,Urbana,Prensa digital,1,19,2090000,No
102795,62,Metropolitana,Urbana,Prensa digital,8,14,760000,No
100756,48,Biobío,Urbana,Televisión,3,45,640000,Sí
102580,,Metropolitana,Urbana,Radio,10,35,540000,Sí
101860,,Coquimbo,Urbana,Radio,7,66,1050000,Sí
100708,66,Biobío,Urbana,Televisión,5,50,740000,No
101046,64,Maule,Urbana,Prensa digital,1,43,730000,Sí
102428,56,Metropolitana,Urbana,Radio,1,84,1680000,Sí
102922,61,Valparaíso,Urbana,Televisión,3,48,530000,Sí
102033,,Biobío,Urbana,Redes sociales,10,44,990000,Sí
102040,48,Metropolitana,Urbana,Televisión,7,51,490000,No
101705,53,Coquimbo,Rural,Prensa digital,1,79,540000,Sí
101842,58,O'Higgins,Urbana,Televisión,7,29,360000,No
101214,,Metropolitana,Urbana,Redes sociales,3,69,470000,Sí
100309,50,Metropolitana,Urbana,Redes sociales,10,77,810000,Sí
102118,67,Valparaíso,Urbana,Televisión,2,35,1440000,Sí
101965,67,Metropolitana,Urbana,Televisión,6,37,1600000,Sí
102411,34,Valparaíso,Urbana,Redes sociales,3,19,1440000,Sí
103137,48,Metropolitana,Urbana,Radio,8,75,760000,Sí
100479,27,Metropolitana,Urbana,Prensa digital,8,29,490000,Sí
101853,34, Metropolitana ,Urbana,Redes sociales,8,66,520000,No
103353,51,Metropolitana,Urbana,Redes sociales,1,67,280000,Sí
103754,44,O'Higgins,Urbana,Prensa digital,8,84,410000,Sí
102042,41,Metropolitana,Rural,Redes sociales,10,26,280000,Sí
100036,30,Metropolitana,Urbana,Redes sociales,1,43,590000,Sí
103405,48,Metropolitana,Urbana,Redes sociales,1,55,410000,No
104780,43,Biobío,Urbana,Televisión,5,43,790000,No
104466,53,Metropolitana,Urbana,Televisión,6,16,1020000,Sí
100283,32,Metropolitana,Rural,Televisión,1,34,820000,No
104013,77,Metropolitana,Urbana,Redes sociales,9,32,680000,Sí
104753,37,Metropolitana,Urbana,Radio,8,45,1080000,Sí
103645,39,Valparaíso,Urbana,Prensa digital,3,42,1200000,No
104395,61,Metropolitana,Rural,Televisión,1,88,790000,No
101144,56,Biobío,Urbana,Televisión,7,12,1720000,No
102153,72,Metropolitana,Urbana,Redes sociales,6,65,770000,Sí
103828,72,O'Higgins,Urbana,Televisión,1,37,3670000,Sí
102809,59,Metropolitana,Rural,Televisión,10,69,890000,Sí
103663,54,Maule,Urbana,Televisión,6,56,680000,Sí
101048,42,Biobío,Urbana,Redes sociales,10,40,300000,No
102438,41,Valparaíso,Urbana,Televisión,2,16,280000,No
104001,41,Metropolitana,Urbana,Televisión,9,58,1320000,Sí
103374,65,Valparaíso,Rural,Redes sociales,3,59,1330000,Sí
101883,52,Biobío,Urbana,Prensa digital,4,55,1920000,No
103273,67,Valparaíso,Rural,Prensa digital,8,17,340000,Sí
103312,46,Biobío,Urbana,Televisión,1,3,990000,No
100564,42,Biobío,Rural,Radio,5,40,640000,No
100185,39,Metropolitana,Urbana,Televisión,3,35,1480000,Sí
102880,67,Maule,Urbana,Prensa digital,2,63,880000,Sí
104680,42,Maule,Urbana,Televisión,3,24,550000,Sí
103236,69,Metropolitana,Urbana,Redes sociales,10,44,710000,Sí
104526,48,Metropolitana,Rural,Radio,3,48,640000,No
102953,56,Valparaíso,Urbana,Prensa digital,5,31,430000,Sí
103272,19,Metropolitana,Rural,Radio,10,46,1180000,No
101383,69,Metropolitana,Urbana,Prensa digital,1,46,1080000,Sí
101498,46,Maule,Urbana,Radio,1,37,490000,Sí
103938,49,Metropolitana,Urbana,Televisión,6,56,1260000,Sí
102399,,Metropolitana,Urbana,Redes sociales,5,34,1000000,Sí
102432,51,Valparaíso,Urbana,Redes sociales,9,44,510000,Sí
103192,20,Maule,Rural,Radio,8,50,870000,Sí
103340,33,Metropolitana,Rural,Redes sociales,1,52,620000,No
104829,69,Metropolitana,Urbana,Redes sociales,10,31,590000,Sí
102814,52,Coquimbo,Urbana,Radio,6,29,950000,Sí
102445,76,Metropolitana,Urbana,Televisión,3,60,1170000,Sí
103306,46,Valparaíso,Urbana,Redes sociales,1,14,280000,Sí
100577,39,Maule,Urbana,Redes sociales,6,35,970000,Sí
103227,37,Metropolitana,Urbana,Televisión,1,19,1760000,No
102052,55,Metropolitana,Urbana,Televisión,9,52,1350000,Sí
103007,20,Biobío,Urbana,Redes sociales,7,43,1390000,Sí
101679,,Metropolitana,Rural,Radio,5,60,710000,Sí
103614,55,O'Higgins,Urbana,Redes sociales,8,41,730000,Sí
104014,54,Maule,Urbana,Televisión,4,50,1300000,Sí
103567,48,Valparaíso,Rural,Redes sociales,4,54,900000,Sí
100263,18,Valparaíso,Urbana,Radio,5,43,950000,Sí
103338,41,Valparaíso,Urbana,Redes sociales,8,67,4950000,Sí
103411,50,Valparaíso,Urbana,Redes sociales,1,54,710000,Sí
103441,53,Maule,Urbana,Radio,5,72,820000,No
101533,38,Metropolitana,Urbana,Redes sociales,4,22,860000,Sí
100288,67,Metropolitana,Rural,Prensa digital,7,42,660000,Sí
101072,61,Coquimbo,Urbana,Radio,7,51,1480000,No
101762,,Metropolitana,Urbana,Televisión,6,29,770000,No
103496,62,Metropolitana,Urbana,Prensa digital,10,52,750000,Sí
104241,56,Metropolitana,Urbana,Redes sociales,5,23,880000,Sí
102232,46,Coquimbo,Urbana,Televisión,1,52,590000,No
102214,36,Metropolitana,Urbana,Televisión,6,35,1390000,Sí
100284,50,Metropolitana,Urbana,Redes sociales,2,1,850000,No
104156,34,Valparaíso,Urbana,Redes sociales,1,47,470000,Sí
104348,30,Coquimbo,Urbana,Prensa digital,6,51,370000,No
100668,61,Metropolitana,Urbana,Radio,4,39,700000,Sí
101212,79,Metropolitana,Urbana,Redes sociales,8,2,480000,Sí
103515,35,Biobío,Urbana,Redes sociales,6,46,550000,Sí
103960,63,Metropolitana,Urbana,Prensa digital,10,29,770000,Sí
101315,,Maule,Urbana,Radio,8,20,610000,Sí
103691,44,Coquimbo,Rural,Redes sociales,2,90,280000,Sí
100041,46,Metropolitana,Urbana,Redes sociales,9,33,2670000,No
102150,44,Valparaíso,Urbana,Radio,4,39,1400000,Sí
104130,44,Biobío,Urbana,Redes sociales,1,66,580000,No
101792,23,Biobío,Urbana,Redes sociales,2,43,780000,No
101911,65,Metropolitana,Urbana,Redes sociales,7,60,730000,Sí
103977,74,Biobío,Urbana,Redes sociales,6,53,1300000,Sí
102187,78,Valparaíso,Urbana,Televisión,6,78,750000,No
104766,31,Biobío,Rural,Redes sociales,10,51,1230000,Sí
101614,50,Maule,Urbana,Televisión,8,38,280000,Sí
101359,43,Metropolitana,Urbana,Prensa digital,1,33,830000,No
104381,71,Valparaíso,Urbana,Televisión,2,62,970000,No
100220,56,Metropolitana,Urbana,Radio,3,67,400000,Sí
100360,40,Metropolitana,Urbana,Redes sociales,2,48,320000,Sí
100783,53,Metropolitana,Urbana,Redes sociales,5,13,1210000,Sí
102976,72,Metropolitana,Rural,Prensa digital,8,29,570000,Sí
100118,45,Valparaíso,Rural,Televisión,5,35,410000,Sí
101112,58,Metropolitana,Urbana,Redes sociales,4,96,280000,Sí
102227,67,Maule,Urbana,Televisión,9,52,550000,No
100740,45,Valparaíso,Urbana,Televisión,10,36,460000,Sí
103003,50,Metropolitana,Urbana,Prensa digital,4,84,390000,Sí
100992,66,Valparaíso,Urbana,Televisión,2,13,1710000,Sí
100778,22,Metropolitana,Urbana,Redes sociales,5,37,770000,Sí
101787,34,O'Higgins,Urbana,Prensa digital,10,32,490000,Sí
103741,30,biobío,Urbana,Prensa digital,6,18,660000,No
100769,72,Metropolitana,Urbana,Prensa digital,3,47,520000,No
101036,44,Biobío,Rural,Prensa digital,10,49,320000,Sí
104578,71,Biobío,Urbana,Televisión,5,52,690000,Sí
104638,70,O'Higgins,Urbana,Radio,2,73,1790000,Sí
104207,31,Maule,Urbana,Televisión,9,4,420000,No
103669,42,O'Higgins,Rural,Radio,7,55,920000,Sí
101765,43,Metropolitana,Urbana,Radio,3,31,1190000,No
100766,59,Valparaíso,Rural,Televisión,7,60,480000,Sí
100910,47,Metropolitana,Rural,Prensa digital,4,23,1010000,No
103684,30,Valparaíso,Urbana,Televisión,1,36,890000,Sí
102994,38,Biobío,Urbana,Redes sociales,7,38,380000,No
103226,25,Maule,Urbana,Prensa digital,2,33,1200000,Sí
101750,36,Metropolitana,Rural,Prensa digital,5,40,560000,No
100970,54,Metropolitana,Rural,Televisión,7,4,3210000,Sí
101394,47,Metropolitana,Urbana,Prensa digital,6,27,880000,Sí
104176,44,Metropolitana,Urbana,Redes sociales,3,61,700000,Sí
102085,,Metropolitana,Rural,Prensa digital,7,54,450000,Sí
101169,47,Valparaíso,Urbana,Televisión,3,55,580000,No
103702,57,Metropolitana,Urbana,Redes sociales,9,38,400000,Sí
103953,61,Metropolitana,Urbana,Prensa digital,4,33,1100000,Sí
104330,59,O'Higgins,Rural,Prensa digital,2,59,780000,Sí
104768,41,METROPOLITANA,Rural,Televisión,3,43,470000,No
103170,39,Valparaíso,Urbana,Prensa digital,10,44,970000,Sí
101275,26,Biobío,Urbana,Redes sociales,6,56,960000,Sí
101536,48,Valparaíso,Urbana,Radio,8,40,380000,Sí
101628,,Metropolitana,Urbana,Radio,9,35,810000,No
104700,72,Metropolitana,Urbana,Redes sociales,5,66,1360000,No
102319,53,Metropolitana,Urbana,Redes sociales,8,65,1290000,No
101606,45,Metropolitana,Rural,Televisión,5,63,590000,No
104028,69,Metropolitana,Urbana,Redes sociales,9,19,430000,No
101509,52,Coquimbo,Urbana,Televisión,7,65,1530000,No
102701,60,Biobío,Urbana,Redes sociales,10,54,460000,No
100281,46,Coquimbo,Urbana,Radio,7,70,1000000,No
103931,68,Coquimbo,Urbana,Televisión,7,58,280000,Sí
101356,,Valparaíso,Urbana,Prensa digital,7,56,1340000,Sí
104851,31,Maule,Rural,Redes sociales,3,50,1230000,Sí
104574,37,Metropolitana,Urbana,Redes sociales,2,37,770000,No
100382,52,O'Higgins,Rural,Redes sociales,3,52,1540000,Sí
102862,36,Coquimbo,Urbana,Redes sociales,3,41,530000,Sí
103959,64,Metropolitana,Urbana,Radio,6,57,440000,Sí
100948,75,Valparaíso,Urbana,Redes sociales,10,36,650000,Sí
100543,30,Metropolitana,Urbana,Redes sociales,6,32,910000,Sí
104339,54,Maule,Urbana,Prensa digital,8,43,2330000,No
101088,,Metropolitana,Rural,Televisión,5,64,410000,Sí
101808,57,Maule,Urbana,Televisión,6,22,990000,No
100457,,Metropolitana,Urbana,Prensa digital,6,56,890000,No
101838,23,Valparaíso,Rural,Televisión,7,52,1420000,Sí
103169,49,O'Higgins,Urbana,Televisión,8,30,280000,No
100902,44,O'Higgins,Urbana,Redes sociales,5,59,820000,No
101973,41,Coquimbo,Urbana,Radio,9,46,820000,Sí
100158,29,Metropolitana,Rural,Televisión,5,61,1650000,No
102486,65,Metropolitana,Urbana,Televisión,10,51,1040000,No
104844,34,Metropolitana,Rural,Radio,9,71,740000,Sí
100343,29,Biobío,Rural,Prensa digital,7,17,880000,Sí
101870,47,Metropolitana,Rural,Radio,5,43,1360000,No
102075,66,Biobío,Urbana,Redes sociales,8,28,900000,Sí
104175,33,O'Higgins,Rural,Televisión,6,75,610000,Sí
102742,56,Metropolitana,Urbana,Televisión,7,37,280000,Sí
103124,65,Biobío,Rural,Redes sociales,5,32,1010000,Sí
102818,34,Valparaíso,Urbana,Prensa digital,5,90,960000,Sí
102530,60,Metropolitana,Urbana,Prensa digital,8,33,310000,Sí
101363,,Metropolitana,Urbana,Redes sociales,3,50,1780000,Sí
100827,58,Valparaíso,Urbana,Redes sociales,5,58,610000,Sí
103958,32,Metropolitana,Urbana,Redes sociales,1,61,340000,Sí
103068,51,Valparaíso,Urbana,Televisión,3,36,370000,No
100908,44,Metropolitana,Urbana,Televisión,1,60,280000,Sí
101940,37,Metropolitana,Urbana,Radio,4,26,770000,Sí
104270,61,Coquimbo,Urbana,Redes sociales,10,56,680000,Sí
104784,59, Maule ,Urbana,Prensa digital,9,45,490000,Sí
103838,31,Valparaíso,Urbana,Televisión,7,22,900000,Sí
104549,51,Biobío,Urbana,Redes sociales,1,14,550000,Sí
103341,,Biobío,Urbana,Televisión,7,41,700000,Sí
102366,65,Valparaíso,Urbana,Redes sociales,5,37,1070000,Sí
101337,,Metropolitana,Urbana,Redes sociales,5,26,2140000,Sí
104097,60,Maule,Rural,Televisión,8,75,580000,Sí
101827,69,Biobío,Urbana,Televisión,1,27,710000,Sí
101429,52,Metropolitana,Urbana,Televisión,9,0,910000,Sí
100788,67,Metropolitana,Urbana,Televisión,5,44,1270000,No
103017,47,O'Higgins,Urbana,Televisión,8,47,2770000,Sí
103475,72,Metropolitana,Urbana,Redes sociales,4,32,870000,Sí
100916,,Coquimbo,Rural,Redes sociales,9,60,1490000,No
104862,51,Maule,Rural,Prensa digital,5,38,610000,No
103670,54,Metropolitana,Urbana,Redes sociales,6,58,2070000,Sí
101647,39,Metropolitana,Rural,Radio,1,21,1070000,Sí
100306,44,Valparaíso,Urbana,Televisión,4,55,550000,Sí
101615,27,O'Higgins,Urbana,Redes sociales,3,40,1310000,Sí
103857,28,Biobío,Urbana,Radio,3,82,800000,Sí
102265,23,Coquimbo,Urbana,Radio,3,44,1180000,No
104444,55,Biobío,Urbana,Televisión,7,50,970000,Sí
103302,77,Metropolitana,Urbana,Televisión,8,39,730000,Sí
102622,67,Metropolitana,Rural,Redes sociales,6,49,740000,Sí
102998,58,Valparaíso,Urbana,Redes sociales,3,45,530000,Sí
104604,40,Metropolitana,Urbana,Redes sociales,1,53,1440000,Sí
100941,29,Coquimbo,Rural,Prensa digital,5,67,860000,Sí
101305,,Metropolitana,Rural,Televisión,10,32,280000,Sí
100221,,Maule,Rural,Prensa digital,7,90,1700000,Sí
100813,38,Metropolitana,Urbana,Prensa digital,4,52,450000,No
104624,69,Biobío,Urbana,Redes sociales,7,65,710000,Sí
101106,60, Coquimbo ,Urbana,Redes sociales,3,25,340000,Sí
100979,54, Biobío ,Urbana,Prensa digital,9,54,920000,Sí
102731,63,Coquimbo,Urbana,Redes sociales,6,49,1760000,Sí
103514,27,Valparaíso,Rural,Redes sociales,4,48,460000,Sí
101335,35,Metropolitana,Rural,Prensa digital,6,53,560000,No
103107,51,Metropolitana,Rural,Redes sociales,6,25,700000,Sí
104145,39,Metropolitana,Urbana,Redes sociales,4,12,2250000,No
101971,75,Metropolitana,Urbana,Prensa digital,3,38,620000,Sí
104555,43,Metropolitana,Urbana,Televisión,4,60,430000,Sí
103703,40,Valparaíso,Urbana,Redes sociales,3,29,880000,No
100635,38,O'Higgins,Urbana,Prensa digital,8,39,1580000,Sí
100821,69,Valparaíso,Rural,Redes sociales,5,31,750000,No
100678,24,Maule,Urbana,Redes sociales,3,46,1970000,Sí
102581,20,Biobío,Rural,Prensa digital,10,56,600000,Sí
101295,62,Biobío,Urbana,Televisión,3,39,770000,No
104625,20,Biobío,Urbana,Redes sociales,6,41,1660000,Sí
102569,43,Metropolitana,Urbana,Televisión,9,71,510000,No
104427,61,Metropolitana,Urbana,Radio,7,55,960000,No
102018,41,Metropolitana,Urbana,Redes sociales,8,38,1330000,Sí
103662,58,Coquimbo,Urbana,Redes sociales,6,51,660000,Sí
102920,71,Metropolitana,Urbana,Radio,7,52,1520000,No
104815,32,Metropolitana,Urbana,Prensa digital,5,51,990000,Sí
100614,22,Coquimbo,Urbana,Redes sociales,8,54,370000,Sí
102894,46,Metropolitana,Rural,Prensa digital,6,29,820000,Sí
102813,64,Metropolitana,Urbana,Televisión,1,53,2020000,No
103298,43,Metropolitana,Urbana,Redes sociales,7,71,420000,No
102989,62,Valparaíso,Urbana,Radio,10,46,2680000,No
100836,57,Biobío,Urbana,Redes sociales,5,27,280000,Sí
104131,34,Metropolitana,Urbana,Prensa digital,5,47,660000,Sí
102713,35,O'Higgins,Urbana,Radio,5,33,1530000,Sí
103400,48,Maule,Urbana,Redes sociales,10,59,2380000,Sí
100398,18,Metropolitana,Rural,Televisión,4,59,2780000,Sí
104354,56,Metropolitana,Rural,Redes sociales,2,50,750000,Sí
100965,22,Metropolitana,Urbana,Televisión,4,79,690000,No
100319,35,Metropolitana,Urbana,Televisión,2,42,1020000,Sí
100340,32,O'Higgins,Urbana,Redes sociales,4,46,610000,No
104049,38,Coquimbo,Rural,Televisión,4,38,420000,Sí
103804,46,Valparaíso,Urbana,Televisión,3,49,1520000,Sí
100376,27,Metropolitana,Urbana,Prensa digital,7,59,1080000,No
100851,36,Valparaíso,Urbana,Televisión,8,68,280000,No
101514,35,Coquimbo,Urbana,Televisión,6,42,990000,No
101630,34,Maule,Urbana,Televisión,7,24,390000,No
100944,61,Metropolitana,Rural,Prensa digital,3,57,590000,Sí
102063,60,Valparaíso,Urbana,Prensa digital,4,62,1340000,Sí
101905,54,Metropolitana,Urbana,Prensa digital,3,52,500000,No
100628,45,Maule,Rural,Prensa digital,10,85,330000,Sí
103366,53,Metropolitana,Rural,Prensa digital,2,31,2580000,Sí
101007,36,Metropolitana,Rural,Prensa digital,10,30,770000,No
100570,58,Metropolitana,Urbana,Prensa digital,2,57,640000,Sí
101486,66,Biobío,Urbana,Radio,9,12,1060000,Sí
101542,47,Biobío,Urbana,Redes sociales,5,31,630000,Sí
100873,29,Metropolitana,Urbana,Prensa digital,1,21,600000,Sí
104050,70,Metropolitana,Rural,Redes sociales,3,63,740000,Sí
102981,56,O'Higgins,Rural,Prensa digital,4,53,300000,No
104666,50, Coquimbo ,Urbana,Televisión,7,51,740000,No
103983,49,Biobío,Urbana,Redes sociales,10,61,300000,No
104079,26,O'Higgins,Urbana,Televisión,3,43,1050000,Sí
101840,53,Metropolitana,Urbana,Radio,7,43,2280000,Sí
101077,60,Metropolitana,Urbana,Redes sociales,8,82,900000,Sí
104451,53,Biobío,Urbana,Redes sociales,9,48,910000,Sí
102685,34,Metropolitana,Urbana,Prensa digital,9,64,480000,No
104355,47,Coquimbo,Urbana,Redes sociales,4,36,560000,No
103585,48,Metropolitana,Urbana,Televisión,2,56,750000,Sí
102128,30,Biobío,Urbana,Televisión,1,56,490000,Sí
102551,50,Metropolitana,Urbana,Televisión,2,72,1420000,Sí
102296,56,Valparaíso,Urbana,Televisión,10,41,600000,Sí
104828,24,Metropolitana,Rural,Radio,4,60,830000,No
103188,48,Metropolitana,Urbana,Televisión,4,48,460000,Sí
102596,61,Coquimbo,Rural,Radio,3,67,930000,Sí
104483,51,O'Higgins,Rural,Redes sociales,10,46,1080000,Sí
104607,35,Metropolitana,Rural,Televisión,8,68,610000,No
100328,51,Metropolitana,Rural,Redes sociales,6,70,470000,Sí
104590,68,Biobío,Rural,Televisión,2,36,1580000,No
103765,46,Metropolitana,Rural,Televisión,2,65,540000,Sí
103764,,Biobío,Rural,Televisión,6,63,530000,Sí
101120,39,Biobío,Urbana,Televisión,1,66,410000,No
102608,57,Maule,Urbana,Televisión,6,38,980000,Sí
102705,39,Valparaíso,Urbana,Redes sociales,2,13,1190000,No
100870,46, Biobío ,Urbana,Prensa digital,6,28,540000,No
104202,48,Maule,Urbana,Televisión,5,22,1070000,Sí
100093,71,Valparaíso,Rural,Redes sociales,2,70,2090000,Sí
100528,47,Metropolitana,Rural,Televisión,6,26,390000,No
104816,53,Biobío,Rural,Prensa digital,1,42,470000,Sí
102043,44,Metropolitana,Urbana,Televisión,6,51,920000,Sí
103974,18,Metropolitana,Urbana,Redes sociales,9,59,1470000,No
101434,43,Valparaíso,Rural,Televisión,2,57,610000,Sí
101620,32,O'Higgins,Urbana,Radio,5,15,400000,No
104251,39,Valparaíso,Urbana,Redes sociales,10,51,1470000,No
102819,48,Metropolitana,Rural,Redes sociales,3,65,800000,Sí
103591,39,Metropolitana,Urbana,Televisión,6,39,1080000,No
103455,50,Valparaíso,Urbana,Redes sociales,7,43,1000000,Sí
101756,,Valparaíso,Urbana,Redes sociales,8,52,750000,Sí
104747,52,Coquimbo,Urbana,Televisión,6,21,850000,Sí
101389,40,Metropolitana,Urbana,Televisión,1,33,690000,Sí
102776,66,Metropolitana,Urbana,Prensa digital,1,40,1400000,No
102008,34,O'Higgins,Rural,Redes sociales,1,41,800000,No
101697,38,Metropolitana,Urbana,Televisión,8,51,540000,Sí
104171,64,Metropolitana,Urbana,Prensa digital,5,34,750000,No
104015,45,Metropolitana,Urbana,Prensa digital,3,51,730000,Sí
102256,29,Maule,Rural,Redes sociales,8,26,540000,Sí
100555,42,Metropolitana,Urbana,Prensa digital,8,24,720000,No
104911,62,Biobío,Urbana,Redes sociales,3,58,1280000,Sí
101798,79,Metropolitana,Urbana,Televisión,8,30,370000,Sí
100493,35,O'Higgins,Urbana,Prensa digital,8,14,530000,Sí
102700,64,Valparaíso,Urbana,Redes sociales,3,74,770000,No
103859,62,Coquimbo,Urbana,Televisión,10,58,470000,Sí
101547,52,Metropolitana,Urbana,Prensa digital,1,43,980000,No
103743,,Metropolitana,Urbana,Radio,10,67,530000,Sí
104702,63,Metropolitana,Urbana,Radio,7,20,560000,Sí
103505,63,Valparaíso,Urbana,Prensa digital,6,81,300000,Sí
101505,37,Metropolitana,Urbana,Prensa digital,6,58,790000,Sí
100472,33,Metropolitana,Urbana,Radio,5,58,590000,No
103850,,Metropolitana,Rural,Televisión,9,61,580000,Sí
102754,48,Coquimbo,Urbana,Prensa digital,4,29,500000,No
102741,54,Maule,Urbana,Redes sociales,10,71,720000,No
104382,40,Maule,Urbana,Redes sociales,4,0,280000,Sí
102286,34,Maule,Urbana,Televisión,9,61,2450000,No
101280,29,Coquimbo,Urbana,Prensa digital,1,55,1760000,Sí
104143,36,Valparaíso,Rural,Televisión,3,18,1000000,Sí
100389,,Valparaíso,Urbana,Televisión,8,27,1080000,Sí
100865,34,Biobío,Urbana,Televisión,6,53,3540000,Sí
101515,18,Metropolitana,Urbana,Televisión,6,43,1000000,No
103577,35,Coquimbo,Urbana,Redes sociales,7,55,4900000,Sí
104840,50,Metropolitana,Urbana,Redes sociales,6,72,600000,Sí
101671,35,Metropolitana,Rural,Televisión,3,41,1330000,Sí
104569,80,Metropolitana,Urbana,Televisión,9,52,820000,Sí
103740,47,Valparaíso,Rural,Redes sociales,5,30,1750000,Sí
104799,35,Metropolitana,Rural,Televisión,6,59,300000,No
104605,58,O'Higgins,Urbana,Redes sociales,8,54,890000,Sí
101398,49,Coquimbo,Urbana,Prensa digital,2,51,900000,Sí
102696,69,Metropolitana,Urbana,Redes sociales,7,54,280000,Sí
100646,55,Biobío,Urbana,Redes sociales,6,62,350000,Sí
100208,57,Metropolitana,Urbana,Televisión,4,28,390000,No
101850,,Valparaíso,Urbana,Televisión,5,44,1200000,Sí
101354,57,Biobío,Urbana,Prensa digital,4,34,450000,Sí
100498,44,Valparaíso,Urbana,Redes sociales,3,28,300000,Sí
103179,59,Metropolitana,Urbana,Televisión,10,35,1210000,Sí
100127,57,Coquimbo,Urbana,Televisión,5,35,590000,Sí
100128,65,Biobío,Urbana,Redes sociales,2,29,2020000,Sí
104824,35,Maule,Urbana,Prensa digital,2,46,1150000,No
100615,41,Valparaíso,Urbana,Radio,2,62,930000,Sí
102518,35,Metropolitana,Urbana,Prensa digital,8,54,740000,No
102716,56,Coquimbo,Urbana,Prensa digital,6,44,2010000,No
103128,33,O'Higgins,Urbana,Prensa digital,7,28,520000,Sí
102555,31,Coquimbo,Urbana,Prensa digital,3,36,410000,Sí
101596,20,Metropolitana,Urbana,Radio,10,48,520000,Sí
103911,37,Metropolitana,Rural,Televisión,7,51,590000,No
104831,51,Metropolitana,Urbana,Radio,2,42,650000,Sí
104229,38,Maule,Rural,Radio,5,43,550000,Sí
104380,,Maule,Urbana,Radio,8,52,690000,No
100903,34,Metropolitana,Rural,Televisión,5,47,2030000,Sí
103830,50,Coquimbo,Urbana,Televisión,3,67,2600000,Sí
101323,27,Biobío,Urbana,Televisión,5,16,1160000,No
102582,25,Metropolitana,Urbana,Prensa digital,1,37,400000,Sí
101560,59,Metropolitana,Urbana,Televisión,7,56,970000,Sí
102756,25,Valparaíso,Urbana,Redes sociales,9,59,620000,No
103801,50,Maule,Rural,Televisión,7,57,710000,Sí
104822,56,Valparaíso,Urbana,Redes sociales,10,17,3300000,Sí
103079,32,Valparaíso,Rural,Redes sociales,4,32,600000,Sí
101682,59,Biobío,Urbana,Radio,1,46,840000,Sí
100172,45,Valparaíso,Urbana,Redes sociales,7,51,850000,No
101856,54,O'Higgins,Urbana,Redes sociales,3,37,1550000,No
102441,19,O'Higgins,Urbana,Prensa digital,9,52,640000,Sí
102344,47,Metropolitana,Urbana,Prensa digital,1,27,1340000,No
100059,30,Coquimbo,Urbana,Redes sociales,9,36,600000,Sí
101835,58,Maule,Urbana,Televisión,8,31,1120000,No
100810,,Metropolitana,Urbana,Redes sociales,6,43,1600000,No
102087,47,Valparaíso,Urbana,Televisión,7,45,520000,Sí
103194,36,Metropolitana,Rural,Radio,1,17,1010000,Sí
102960,47,Metropolitana,Urbana,Prensa digital,3,18,530000,Sí
101492,73,Valparaíso,Rural,Radio,2,54,950000,Sí
104282,67,Maule,Urbana,Prensa digital,1,60,2340000,Sí
103199,64,Valparaíso,Rural,Redes sociales,2,100,520000,Sí
104803,23,Maule,Rural,Redes sociales,1,37,1550000,No
104232,58,Biobío,Urbana,Televisión,9,72,2440000,Sí
100801,18,Valparaíso,Urbana,Redes sociales,10,34,330000,No
102343,63,O'Higgins,Urbana,Redes sociales,4,41,400000,Sí
103323,59,Metropolitana,Rural,Televisión,2,38,1760000,No
104177,50,Metropolitana,Rural,Redes sociales,10,39,1140000,No
100722,50,Maule,Urbana,Redes sociales,2,51,990000,Sí
100334,59,Metropolitana,Urbana,Televisión,10,59,880000,Sí
103254,74,Maule,Urbana,Prensa digital,2,58,1630000,Sí
102225,53,O'Higgins,Urbana,Prensa digital,2,10,740000,No
104396,31,Maule,Urbana,Prensa digital,3,78,800000,Sí
100955,52,Metropolitana,Urbana,Redes sociales,9,26,300000,Sí
104205,18,Coquimbo,Urbana,Televisión,9,66,1190000,Sí
104676,48,Valparaíso,Urbana,Redes sociales,7,39,660000,Sí
101521,39,Metropolitana,Urbana,Radio,1,7,680000,Sí
103154,31,Metropolitana,Urbana,Redes sociales,3,100,480000,Sí
101132,50,Metropolitana,Urbana,Redes sociales,7,0,1280000,Sí
101945,35,Coquimbo,Urbana,Prensa digital,4,41,410000,Sí
104170,72,Metropolitana,Rural,Redes sociales,10,61,400000,Sí
102320,46,Maule,Rural,Televisión,10,54,1000000,Sí
100676,25,Biobío,Rural,Redes sociales,6,53,310000,Sí
102037,30,O'Higgins,Urbana,Televisión,9,17,500000,Sí
100602,73,Valparaíso,Urbana,Redes sociales,2,73,1200000,Sí
104534,25,Valparaíso,Urbana,Redes sociales,8,57,340000,Sí
101237,29,Valparaíso,Urbana,Prensa digital,10,43,350000,Sí
100026,49,Valparaíso,Urbana,Televisión,6,58,740000,Sí
102166,55,Metropolitana,Urbana,Redes sociales,6,80,1340000,Sí
100725,68,Maule,Urbana,Radio,8,57,1450000,Sí
101098,52,Metropolitana,Urbana,Redes sociales,6,43,490000,Sí
102642,67,Metropolitana,Urbana,Televisión,5,8,1040000,Sí
103512,30,Biobío,Urbana,Redes sociales,9,88,1050000,Sí
102385,66,Coquimbo,Urbana,Televisión,5,28,1890000,Sí
104651,66,Metropolitana,Urbana,Radio,3,48,1000000,Sí
101525,45,Metropolitana,Urbana,Redes sociales,10,54,1050000,Sí
104693,,Valparaíso,Urbana,Televisión,6,34,980000,Sí
100152,40,Metropolitana,Urbana,Prensa digital,2,67,540000,Sí
101698,36,Metropolitana,Urbana,Televisión,10,22,530000,No
101160,27,Biobío,Urbana,Prensa digital,2,35,500000,Sí
104485,60,Maule,Rural,Redes sociales,5,43,590000,Sí
103785,45,Maule,Urbana,Radio,8,64,1930000,Sí
102605,40,Coquimbo,Urbana,Redes sociales,7,28,2720000,Sí
100988,36,Metropolitana,Rural,Redes sociales,6,91,840000,No
100658,42,Metropolitana,Rural,Prensa digital,8,30,500000,Sí
104800,,Metropolitana,Urbana,Prensa digital,9,47,1860000,Sí
103716,50,O'Higgins,Urbana,Redes sociales,6,62,450000,No
101197,39,Metropolitana,Urbana,Televisión,5,26,970000,No
103276,54,VALPARAÍSO,Urbana,Televisión,10,63,690000,No
100255,,Biobío,Urbana,Prensa digital,1,14,1420000,No
103135,25,Metropolitana,Urbana,Redes sociales,9,48,800000,No
104720,49,O'Higgins,Rural,Redes sociales,10,37,840000,No
101217,63,Metropolitana,Rural,Televisión,6,18,740000,Sí
101308,51,Metropolitana,Urbana,Prensa digital,2,6,1130000,No
100775,23,Valparaíso,Urbana,Prensa digital,1,65,1310000,Sí
101530,67,O'Higgins,Urbana,Prensa digital,4,69,1140000,Sí
102250,68,Valparaíso,Urbana,Redes sociales,5,70,1560000,No
102881,39,Coquimbo,Rural,Redes sociales,9,26,1430000,Sí
103439,70,Metropolitana,Urbana,Televisión,10,25,1710000,Sí
101411,37,Metropolitana,Urbana,Televisión,3,61,1310000,Sí
102002,67,Coquimbo,Urbana,Radio,9,22,800000,Sí
104385,66,Valparaíso,Urbana,Prensa digital,4,32,340000,Sí
102312,42,Biobío,Urbana,Radio,6,52,1020000,Sí
102522,74,Metropolitana,Urbana,Redes sociales,10,55,860000,No
104522,23,Metropolitana,Urbana,Redes sociales,6,32,590000,No
102290,39,Metropolitana,Rural,Redes sociales,9,40,620000,No
101687,29,Metropolitana,Rural,Televisión,6,42,1460000,Sí
102156,46,Maule,Urbana,Redes sociales,7,49,2210000,No
101548,73,Metropolitana,Rural,Prensa digital,9,7,1700000,No
104311,30,Metropolitana,Urbana,Prensa digital,9,86,540000,No
103049,43,O'Higgins,Urbana,Redes sociales,10,32,1080000,No
100734,29,Biobío,Urbana,Prensa digital,5,50,490000,Sí
103387,49,Valparaíso,Rural,Redes sociales,2,46,1100000,Sí
101091,,Valparaíso,Urbana,Radio,10,35,1140000,Sí
104689,26,Metropolitana,Rural,Prensa digital,6,51,960000,Sí
102436,18,Metropolitana,Urbana,Redes sociales,2,61,1470000,Sí
104220,66,Valparaíso,Urbana,Prensa digital,1,61,710000,Sí
100950,61,Valparaíso,Urbana,Prensa digital,9,58,700000,Sí
101256,18,Metropolitana,Urbana,Redes sociales,3,10,1050000,No
104269,51,Biobío,Urbana,Redes sociales,4,53,1070000,Sí
100165,37,Metropolitana,Rural,Redes sociales,10,62,970000,No
104601,69,Valparaíso,Rural,Televisión,3,39,1290000,Sí
101859,54,Biobío,Urbana,Televisión,8,73,630000,Sí
102089,40,Valparaíso,Urbana,Televisión,2,30,2530000,Sí
102947,35,Metropolitana,Urbana,Televisión,1,38,340000,No
104805,44,Metropolitana,Urbana,Prensa digital,1,29,1160000,Sí
103034,68,Metropolitana,Urbana,Radio,5,14,760000,Sí
100549,,Biobío,Urbana,Redes sociales,6,44,810000,Sí
102897,18,Metropolitana,Urbana,Radio,3,55,390000,Sí
104425,43,Biobío,Urbana,Prensa digital,8,50,630000,No
100027,46,Coquimbo,Rural,Televisión,7,28,490000,No
104484,37,Metropolitana,Urbana,Prensa digital,9,37,720000,Sí
102352,27,Metropolitana,Rural,Prensa digital,7,34,400000,No
100719,80,Maule,Urbana,Redes sociales,10,52,1680000,Sí
103232,63,Metropolitana,Rural,Televisión,8,44,620000,No
102668,74,Valparaíso,Urbana,Televisión,2,49,350000,Sí
103823,,Maule,Urbana,Televisión,8,47,720000,Sí
103503,54,Valparaíso,Urbana,Televisión,5,39,1310000,Sí
100020,31,O'Higgins,Urbana,Prensa digital,9,41,730000,No
104193,38,Metropolitana,Urbana,Redes sociales,9,33,850000,No
102267,64,Metropolitana,Rural,Prensa digital,9,68,970000,Sí
100156,56,Metropolitana,Urbana,Redes sociales,6,30,3450000,Sí
104372,70,Metropolitana,Urbana,Prensa digital,2,22,770000,Sí
102268,54,Valparaíso,Urbana,Redes sociales,2,29,780000,No
100845,63,Metropolitana,Rural,Prensa digital,8,37,500000,Sí
102356,45,Metropolitana,Urbana,Televisión,9,66,900000,No
103262,41,Biobío,Urbana,Prensa digital,7,63,380000,No
104134,34,Metropolitana,Urbana,Televisión,6,32,2200000,No
104313,59,Valparaíso,Urbana,Redes sociales,6,48,730000,Sí
103376,65,Biobío,Urbana,Redes sociales,9,52,820000,Sí
102014,24,O'Higgins,Urbana,Televisión,3,57,320000,No
104818,62,Metropolitana,Urbana,Redes sociales,7,42,1540000,Sí
102750,22,Metropolitana,Urbana,Televisión,2,43,600000,No
101103,75, Biobío ,Urbana,Redes sociales,8,53,660000,Sí
102944,36,Valparaíso,Urbana,Redes sociales,10,58,2170000,No
100478,33,Metropolitana,Urbana,Prensa digital,9,28,630000,Sí
101316,21,Biobío,Rural,Redes sociales,1,41,470000,Sí
101368,35,Maule,Urbana,Radio,9,21,380000,Sí
100331,,Metropolitana,Rural,Prensa digital,10,38,910000,Sí
104565,62,Biobío,Urbana,Radio,4,27,1070000,No
102067,,Valparaíso,Urbana,Televisión,8,82,360000,Sí
102053,43,Biobío,Urbana,Radio,3,34,700000,No
103165,46,Metropolitana,Urbana,Prensa digital,6,68,360000,No
101084,60,Coquimbo,Rural,Prensa digital,3,64,1830000,Sí
102628,32,O'Higgins,Urbana,Prensa digital,10,54,990000,No
102476,34,Coquimbo,Urbana,Redes sociales,6,26,820000,Sí
102348,65,Biobío,Urbana,Televisión,8,46,580000,Sí
103487,47,Coquimbo,Urbana,Redes sociales,10,48,800000,No
100094,47,Biobío,Urbana,Redes sociales,2,32,900000,No
104168,41,Metropolitana,Urbana,Redes sociales,6,46,830000,No
101810,36,Valparaíso,Urbana,Prensa digital,2,43,1460000,Sí
100066,39,Maule,Urbana,Televisión,3,30,630000,No
102416,46,O'Higgins,Urbana,Televisión,2,45,660000,Sí
100305,57,Metropolitana,Urbana,Redes sociales,1,41,1620000,Sí
101116,59,Metropolitana,Urbana,Radio,10,41,330000,Sí
100275,28,Maule,Rural,Prensa digital,9,39,870000,Sí
100632,34,Coquimbo,Urbana,Radio,1,57,860000,Sí
101867,47,O'Higgins,Urbana,Televisión,3,79,2880000,Sí
100183,75,Metropolitana,Rural,Redes sociales,5,82,620000,Sí
100153,59,Coquimbo,Urbana,Redes sociales,3,99,870000,No
103713,46,O'Higgins,Urbana,Televisión,3,50,350000,Sí
103993,,Metropolitana,Rural,Televisión,8,63,410000,Sí
101140,33,O'Higgins,Urbana,Televisión,6,74,2880000,Sí
102230,36,Valparaíso,Urbana,Redes sociales,4,62,770000,No
102702,,Metropolitana,Urbana,Televisión,6,58,850000,Sí
103745,82,Biobío,Urbana,Televisión,4,18,1470000,Sí
104084,48,Metropolitana,Urbana,Televisión,1,42,1020000,Sí
102971,,Metropolitana,Rural,Televisión,6,40,850000,No
101174,56,Valparaíso,Urbana,Televisión,2,17,1330000,Sí
102410,39,Metropolitana,Urbana,Prensa digital,10,53,750000,Sí
104705,25,Metropolitana,Urbana,Prensa digital,9,39,970000,No
100189,54,maule,Urbana,Redes sociales,1,43,840000,No
102069,18,Biobío,Urbana,Televisión,7,35,2120000,Sí
103722,31,Maule,Rural,Prensa digital,10,19,1830000,No
101068,52,Biobío,Urbana,Redes sociales,9,27,2900000,No
102809,59,Metropolitana,Rural,Televisión,10,69,890000,Sí
101937,68,O'Higgins,Urbana,Redes sociales,1,41,570000,Sí
101403,30,Biobío,Rural,Prensa digital,7,14,380000,Sí
102910,36,Valparaíso,Urbana,Radio,2,59,600000,No
101602,42,Metropolitana,Urbana,Radio,4,42,470000,No
104243,45,Valparaíso,Urbana,Redes sociales,1,34,770000,No
104535,62,Valparaíso,Urbana,Televisión,3,35,810000,Sí
100698,27,Biobío,Urbana,Redes sociales,2,70,490000,Sí
103291,,Metropolitana,Rural,Redes sociales,6,35,1980000,No
103504,33,Biobío,Rural,Televisión,7,79,390000,Sí
104088,29,Metropolitana,Urbana,Prensa digital,10,22,810000,No
102029,35,Valparaíso,Urbana,Radio,3,30,1580000,Sí
101307,63,Maule,Urbana,Radio,9,43,640000,Sí
103666,45,Maule,Urbana,Televisión,7,33,300000,No
101986,39,Valparaíso,Urbana,Televisión,1,0,720000,No
104371,22,Metropolitana,Urbana,Redes sociales,7,45,1020000,No
102112,41, Valparaíso ,Urbana,Prensa digital,4,64,1240000,No
102517,48,Valparaíso,Urbana,Televisión,7,25,430000,No
102968,34,Coquimbo,Urbana,Redes sociales,1,88,300000,No
104294,48,Biobío,Urbana,Prensa digital,9,50,520000,No
100681,52,Valparaíso,Urbana,Televisión,3,70,580000,No
100530,48,Biobío,Urbana,Radio,2,30,590000,Sí
102534,64,Metropolitana,Urbana,Prensa digital,8,33,3870000,No
101576,64,O'HIGGINS,Urbana,Prensa digital,5,38,1210000,Sí
100342,43,Valparaíso,Urbana,Redes sociales,1,53,940000,Sí
102421,47,Metropolitana,Rural,Redes sociales,3,47,1360000,Sí
103118,34,Metropolitana,Urbana,Radio,7,55,1370000,No
101518,61,Metropolitana,Urbana,Televisión,6,49,380000,Sí
103565,43,Metropolitana,Urbana,Prensa digital,2,30,1500000,No
101384,42,Coquimbo,Urbana,Prensa digital,3,59,1050000,Sí
101999,49,Biobío,Urbana,Televisión,7,42,2420000,Sí
100324,35,O'Higgins,Urbana,Televisión,6,42,1190000,No
104264,64,Valparaíso,Urbana,Televisión,4,32,560000,No
101433,34,Metropolitana,Urbana,Prensa digital,1,55,440000,Sí
104027,42,Metropolitana,Rural,Televisión,1,16,3410000,No
104246,44,Valparaíso,Urbana,Radio,3,60,2000000,Sí
104222,,Maule,Urbana,Radio,5,33,280000,No
104407,35,Valparaíso,Urbana,Prensa digital,8,83,760000,No
100448,51,Metropolitana,Rural,Televisión,10,46,650000,Sí
102147,55,Valparaíso,Urbana,Radio,6,44,550000,No
100674,59,Metropolitana,Urbana,Redes sociales,2,53,450000,Sí
100610,40,Metropolitana,Urbana,Televisión,6,45,1090000,Sí
102796,33,Metropolitana,Urbana,Prensa digital,9,41,850000,Sí
100527,48,O'Higgins,Rural,Redes sociales,2,45,1020000,Sí
100733,43,Metropolitana,Rural,Radio,1,8,820000,Sí
102726,39,Metropolitana,Urbana,Radio,4,36,780000,No
102090,51,Metropolitana,Urbana,Televisión,4,36,2210000,No
100790,69,Biobío,Urbana,Televisión,9,59,690000,Sí
103700,28,Metropolitana,Urbana,Televisión,10,55,350000,Sí
101012,66,Maule,Urbana,Radio,7,61,1050000,No
104497,38,Valparaíso,Urbana,Prensa digital,8,53,1020000,Sí
103008,,Metropolitana,Urbana,Televisión,10,46,810000,Sí
101404,50,Metropolitana,Urbana,Redes sociales,7,84,810000,Sí
101064,36,Biobío,Urbana,Redes sociales,7,35,810000,Sí
101954,52,Biobío,Rural,Prensa digital,7,42,910000,Sí
103994,19,Metropolitana,Rural,Redes sociales,7,9,870000,No
104892,45,Coquimbo,Urbana,Televisión,9,78,1210000,No
104292,42,Valparaíso,Urbana,Radio,1,34,1100000,Sí
103144,36,Biobío,Urbana,Televisión,4,80,530000,Sí
104530,32,Coquimbo,Urbana,Redes sociales,9,69,1170000,Sí
103261,45,Metropolitana,Urbana,Radio,4,49,980000,Sí
101420,29,Metropolitana,Rural,Redes sociales,7,31,440000,Sí
104200,,Valparaíso,Urbana,Televisión,9,37,1110000,Sí
101740,63,Maule,Urbana,Prensa digital,9,40,780000,Sí
101200,70,Metropolitana,Rural,Prensa digital,3,61,740000,Sí
104437,31,Metropolitana,Urbana,Prensa digital,4,63,680000,No
100963,31,O'Higgins,Rural,Redes sociales,2,62,730000,Sí
104300,52,Metropolitana,Urbana,Prensa digital,4,59,720000,Sí
102359,58,Metropolitana,Urbana,Redes sociales,7,40,820000,No
101733,36,Coquimbo,Rural,Televisión,9,62,990000,Sí
104694,66,Metropolitana,Urbana,Prensa digital,8,37,660000,Sí
101534,33,Metropolitana,Urbana,Televisión,2,71,1520000,No
100754,45,Coquimbo,Urbana,Radio,9,18,870000,No
100667,,O'Higgins,Urbana,Redes sociales,10,48,990000,Sí
101107,86,Metropolitana,Urbana,Redes sociales,3,63,550000,Sí
104347,33,Biobío,Urbana,Televisión,9,15,1400000,Sí
100792,64,O'Higgins,Urbana,Redes sociales,7,67,1330000,Sí
104637,43,Metropolitana,Urbana,Radio,1,69,1280000,Sí
102616,71,Metropolitana,Urbana,Prensa digital,9,39,540000,Sí
100741,37,Metropolitana,Rural,Redes sociales,2,55,860000,No
104719,85,Metropolitana,Urbana,Prensa digital,8,37,550000,Sí
104744,52,Maule,Urbana,Prensa digital,6,56,1730000,No
100199,47,Metropolitana,Urbana,Televisión,7,57,1190000,Sí
104338,52,Valparaíso,Urbana,Televisión,2,19,480000,Sí
101427,30,Metropolitana,Urbana,Redes sociales,4,43,1310000,Sí
102792,42,Valparaíso,Rural,Redes sociales,5,65,360000,Sí
100173,31,Biobío,Urbana,Radio,1,38,950000,No
101458,39,O'Higgins,Urbana,Televisión,8,56,830000,No
104138,25,Metropolitana,Urbana,Redes sociales,8,16,940000,Sí
103243,55,Metropolitana,Urbana,Redes sociales,1,24,420000,Sí
103957,70,Maule,Urbana,Redes sociales,9,37,280000,Sí
100929,25,Metropolitana,Urbana,Prensa digital,10,34,960000,No
103708,18,Coquimbo,Rural,Prensa digital,6,49,450000,Sí
103802,58,Metropolitana,Rural,Televisión,4,62,950000,Sí
104023,45,Metropolitana,Urbana,Televisión,3,37,290000,No
104783,83,Valparaíso,Urbana,Radio,1,25,1230000,No
101689,63,Coquimbo,Urbana,Televisión,10,45,880000,Sí
101350,70,Maule,Rural,Radio,9,28,630000,Sí
104360,50,Metropolitana,Urbana,Prensa digital,3,77,640000,No
101710,68,Maule,Urbana,Prensa digital,7,52,1560000,No
104432,35,Maule,Urbana,Redes sociales,5,35,780000,Sí
103216,,Coquimbo,Rural,Prensa digital,8,71,490000,Sí
101408,18,Coquimbo,Urbana,Redes sociales,8,8,1750000,No
102802,,O'Higgins,Urbana,Televisión,7,62,280000,No
103230,26,Biobío,Urbana,Redes sociales,8,58,730000,Sí
100840,50,Metropolitana,Urbana,Prensa digital,3,47,1960000,Sí
102715,28,Metropolitana,Rural,Redes sociales,8,56,390000,Sí
104364,40,O'Higgins,Urbana,Prensa digital,8,11,540000,No
100452,52,Biobío,Urbana,Redes sociales,7,50,280000,No
101450,46,Coquimbo,Rural,Prensa digital,3,56,460000,No
104453,31,Metropolitana,Rural,Televisión,8,34,280000,No
100246,39,Metropolitana,Urbana,Redes sociales,2,35,740000,No
100787,38,Biobío,Urbana,Prensa digital,5,39,1310000,Sí
101712,36,Metropolitana,Rural,Prensa digital,5,24,290000,Sí
101362,42,Maule,Urbana,Redes sociales,10,43,1480000,Sí
103416,,Metropolitana,Urbana,Televisión,3,46,640000,Sí
101684,29,Metropolitana,Urbana,Redes sociales,2,29,810000,No
101232,32,Valparaíso,Urbana,Televisión,2,53,920000,No
104582,56,Valparaíso,Urbana,Prensa digital,6,54,910000,Sí
104493,32,Biobío,Rural,Televisión,5,25,1490000,Sí
102442,39,Coquimbo,Urbana,Televisión,10,45,670000,Sí
102202,39,Biobío,Urbana,Radio,7,66,1060000,Sí
103265,22,Biobío,Urbana,Radio,5,24,280000,Sí
104121,43,Coquimbo,Urbana,Televisión,1,53,680000,No
101319,32,Metropolitana,Urbana,Prensa digital,3,23,420000,Sí
101713,67,O'Higgins,Urbana,Radio,7,52,4030000,Sí
103675,,Metropolitana,Rural,Radio,5,10,910000,Sí
102264,46,Metropolitana,Rural,Radio,8,61,540000,Sí
101631,48,O'Higgins,Urbana,Prensa digital,8,28,280000,Sí
100079,47,Metropolitana,Urbana,Redes sociales,6,75,1210000,Sí
101085,25,O'Higgins,Urbana,Televisión,3,36,1380000,No
104667,60,Valparaíso,Urbana,Prensa digital,8,42,620000,Sí
100302,55,Metropolitana,Urbana,Redes sociales,6,55,740000,Sí
101819,28,O'Higgins,Urbana,Televisión,5,52,470000,Sí
101461,49,O'Higgins,Urbana,Radio,9,68,400000,Sí
104677,68,Valparaíso,Rural,Redes sociales,5,37,1300000,Sí
102077,29,Metropolitana,Urbana,Televisión,7,73,880000,Sí
104011,40,Biobío,Urbana,Prensa digital,10,60,1470000,No
102307,53,maule,Rural,Televisión,9,68,420000,Sí
101126,35,Coquimbo,Urbana,Redes sociales,7,44,750000,Sí
104771,39,Metropolitana,Rural,Radio,2,75,2200000,No
101369,,Metropolitana,Urbana,Redes sociales,6,58,1370000,No
100160,42,Metropolitana,Urbana,Radio,7,44,1690000,No
104103,64,Valparaíso,Urbana,Televisión,9,55,610000,Sí
104616,40,biobío,Rural,Redes sociales,2,42,1000000,No
102163,59,Maule,Urbana,Redes sociales,7,42,390000,Sí
104100,,Valparaíso,Urbana,Redes sociales,5,52,1200000,No
100010,18,Biobío,Urbana,Prensa digital,1,26,660000,No
101037,28,Metropolitana,Urbana,Redes sociales,8,31,320000,No
103779,53,O'Higgins,Urbana,Prensa digital,5,41,1190000,No
104499,65,Biobío,Urbana,Televisión,9,40,580000,Sí
101279,18,Metropolitana,Urbana,Redes sociales,7,67,1360000,Sí
101186,33,Metropolitana,Urbana,Prensa digital,1,71,1240000,No
100883,60,O'Higgins,Urbana,Televisión,5,52,1330000,Sí
102334,37,Biobío,Urbana,Televisión,7,59,800000,Sí
100225,46,Biobío,Urbana,Redes sociales,3,64,790000,Sí
103175,54,Maule,Urbana,Redes sociales,7,58,1340000,Sí
101988,66,Metropolitana,Urbana,Televisión,10,44,1160000,Sí
100167,41,Maule,Urbana,Radio,1,49,620000,Sí
102062,27,Metropolitana,Rural,Redes sociales,3,53,1440000,Sí
102625,,Metropolitana,Rural,Redes sociales,4,56,980000,Sí
100470,47,Coquimbo,Urbana,Televisión,2,47,670000,Sí
101729,34,Maule,Urbana,Redes sociales,3,40,530000,Sí
102974,78,Biobío,Urbana,Televisión,6,66,1730000,Sí
101821,30,Metropolitana,Urbana,Redes sociales,1,60,490000,Sí
100972,32,Coquimbo,Urbana,Televisión,6,52,1590000,No
104785,62,Metropolitana,Rural,Redes sociales,4,55,640000,Sí
102759,23,Metropolitana,Rural,Radio,7,45,1360000,Sí
101540,75,o'higgins,Urbana,Redes sociales,4,51,730000,No
100014,44,Metropolitana,Urbana,Televisión,9,48,780000,Sí
101950,36,Valparaíso,Urbana,Prensa digital,9,39,310000,No
103835,44,Maule,Urbana,Redes sociales,6,61,280000,No
100793,,Coquimbo,Urbana,Redes sociales,9,28,1300000,Sí
104182,,Maule,Urbana,Televisión,1,60,1370000,Sí
101608,28,Biobío,Urbana,Radio,2,38,620000,No
101543,60,Maule,Rural,Redes sociales,5,35,440000,No
102587,27,Metropolitana,Urbana,Radio,6,59,780000,Sí
104132,56,Valparaíso,Urbana,Televisión,8,59,1530000,No
101876,53,Metropolitana,Urbana,Televisión,4,32,1870000,Sí
100905,56,Metropolitana,Urbana,Redes sociales,3,33,1720000,Sí
104506,46,Metropolitana,Urbana,Radio,6,39,530000,Sí
103757,60,Maule,Urbana,Redes sociales,5,51,360000,Sí
103094,34,Metropolitana,Urbana,Prensa digital,1,22,570000,Sí
101478,24,O'Higgins,Rural,Televisión,2,53,1320000,Sí
100806,30,METROPOLITANA,Urbana,Redes sociales,6,37,350000,No
104723,59,Valparaíso,Urbana,Redes sociales,4,75,2280000,Sí
104521,53,Metropolitana,Urbana,Radio,4,32,490000,No
102676,41,Metropolitana,Urbana,Redes sociales,5,32,1180000,Sí
104094,51,Biobío,Urbana,Prensa digital,3,70,720000,Sí
100759,41,Metropolitana,Rural,Radio,3,36,1400000,Sí
101464,60,O'Higgins,Rural,Televisión,4,45,730000,Sí
103472,25,Valparaíso,Urbana,Redes sociales,1,55,1840000,Sí
102623,24,Biobío,Rural,Televisión,5,65,690000,Sí
104778,19,Metropolitana,Urbana,Redes sociales,7,30,560000,No
104806,26,Metropolitana,Urbana,Redes sociales,6,8,2230000,No
103867,27,O'Higgins,Urbana,Prensa digital,1,50,1100000,Sí
100021,43,Metropolitana,Urbana,Prensa digital,6,62,2010000,Sí
101985,27,Metropolitana,Urbana,Redes sociales,4,51,790000,No
103041,56,Biobío,Urbana,Radio,6,44,440000,Sí
101468,35,Metropolitana,Urbana,Televisión,10,55,340000,No
100359,28,Metropolitana,Urbana,Televisión,4,20,1430000,No
102698,78,Metropolitana,Urbana,Prensa digital,8,29,2870000,Sí
100098,52,Maule,Rural,Televisión,6,31,500000,No
103309,39,METROPOLITANA,Rural,Redes sociales,6,18,610000,Sí
101651,31,Coquimbo,Urbana,Televisión,9,29,410000,No
101266,18,Valparaíso,Rural,Televisión,7,72,320000,No
102130,19,Metropolitana,Urbana,Televisión,7,49,1500000,Sí
101982,59,Metropolitana,Urbana,Redes sociales,10,21,550000,Sí
103758,66,Metropolitana,Urbana,Redes sociales,6,58,900000,Sí
104827,40,Metropolitana,Urbana,Televisión,7,28,1220000,Sí
100089,40,Coquimbo,Urbana,Televisión,1,23,1270000,Sí
104247,43,Metropolitana,Urbana,Televisión,10,59,360000,Sí
104630,34,Maule,Urbana,Redes sociales,3,32,800000,No
100772,53,O'Higgins,Urbana,Redes sociales,9,40,470000,Sí
104627,70,Coquimbo,Urbana,Radio,6,31,1000000,Sí
101446,44,O'Higgins,Urbana,Redes sociales,3,4,380000,Sí
102306,68,Metropolitana,Urbana,Redes sociales,6,55,2370000,Sí
102528,45,Maule,Urbana,Prensa digital,3,77,960000,No
101502,61,Valparaíso,Urbana,Prensa digital,1,26,530000,Sí
103044,73,Metropolitana,Urbana,Redes sociales,8,28,2470000,Sí
102860,53,Valparaíso,Urbana,Redes sociales,3,27,380000,Sí
103326,37,Coquimbo,Urbana,Redes sociales,4,57,2180000,No
100511,47,Metropolitana,Urbana,Redes sociales,1,93,1060000,Sí
104403,37,METROPOLITANA,Urbana,Redes sociales,4,42,1370000,Sí
100715,53,Coquimbo,Urbana,Redes sociales,7,37,350000,Sí
100550,45,Valparaíso,Urbana,Redes sociales,1,69,960000,No
101723,,Metropolitana,Urbana,Prensa digital,7,57,1680000,Sí
102682,52,Biobío,Urbana,Prensa digital,1,34,590000,Sí
101437,30,O'Higgins,Urbana,Prensa digital,3,67,1000000,Sí
104155,52,Metropolitana,Rural,Televisión,1,50,620000,Sí
104653,57,VALPARAÍSO,Rural,Redes sociales,4,37,660000,Sí
101677,34,biobío,Rural,Redes sociales,1,50,1430000,No
100256,41,Metropolitana,Urbana,Televisión,1,57,380000,No
100982,41,Maule,Urbana,Redes sociales,4,38,2800000,No
100044,63,Metropolitana,Rural,Redes sociales,4,19,840000,Sí
103269,48,Biobío,Rural,Televisión,4,25,750000,Sí
102177,40,Coquimbo,Urbana,Radio,7,38,720000,No
101388,27,Biobío,Urbana,Prensa digital,9,65,830000,Sí
101423,55,Valparaíso,Urbana,Prensa digital,3,45,1090000,Sí
103605,35,Maule,Urbana,Redes sociales,6,52,1320000,Sí
103127,59,Coquimbo,Rural,Redes sociales,1,74,1050000,Sí
104408,73,Metropolitana,Urbana,Redes sociales,2,4,540000,Sí
103651,36,Metropolitana,Urbana,Redes sociales,4,57,330000,Sí
102859,,Metropolitana,Urbana,Redes sociales,9,24,1070000,Sí
100119,39,Metropolitana,Urbana,Redes sociales,8,42,1420000,Sí
103056,38,Valparaíso,Urbana,Televisión,8,54,1010000,Sí
101900,51,Coquimbo,Rural,Televisión,1,24,2200000,No
102821,44,O'Higgins,Urbana,Televisión,9,34,530000,No
103310,49,Maule,Rural,Radio,2,41,420000,Sí
102101,28,Valparaíso,Rural,Radio,6,53,780000,Sí
104715,47,Biobío,Urbana,Prensa digital,1,68,340000,Sí
102208,31,Maule,Rural,Redes sociales,6,31,1510000,Sí
104055,62,Biobío,Rural,Televisión,10,42,910000,Sí
102493,38,O'Higgins,Urbana,Televisión,7,14,800000,Sí
103466,53,Metropolitana,Urbana,Redes sociales,9,37,1040000,Sí
101206,82,Biobío,Urbana,Prensa digital,2,48,570000,No
100409,18,Valparaíso,Urbana,Prensa digital,2,71,1320000,Sí
104633,57,Metropolitana,Urbana,Redes sociales,8,54,1140000,Sí
102464,33,Biobío,Urbana,Redes sociales,9,42,670000,No
100375,43,Metropolitana,Urbana,Prensa digital,8,30,710000,Sí
100194,44,Coquimbo,Urbana,Televisión,8,33,1070000,No
100468,37,Metropolitana,Urbana,Redes sociales,7,38,1180000,Sí
100207,40,Coquimbo,Urbana,Prensa digital,3,60,2630000,No
101414,33,Metropolitana,Rural,Redes sociales,8,48,1550000,Sí
102566,57,Biobío,Urbana,Redes sociales,9,59,1340000,No
104228,45,Biobío,Urbana,Televisión,3,99,960000,Sí
100314,36,Coquimbo,Urbana,Redes sociales,3,57,460000,No
103196,29,Biobío,Urbana,Televisión,8,31,750000,Sí
102172,64,Coquimbo,Urbana,Televisión,3,28,830000,No
100505,57,Metropolitana,Urbana,Televisión,1,46,880000,No
101193,70,Valparaíso,Rural,Televisión,3,72,310000,No
103903,,Metropolitana,Urbana,Radio,4,28,1150000,Sí
100107,46,Metropolitana,Urbana,Redes sociales,10,45,1460000,No
101312,68,Metropolitana,Urbana,Radio,7,81,790000,Sí
101976,65,Metropolitana,Rural,Prensa digital,10,63,1050000,Sí
102855,55,Metropolitana,Urbana,Prensa digital,10,8,1370000,Sí
103760,28,Coquimbo,Urbana,Redes sociales,3,72,670000,Sí
100190,40,Metropolitana,Urbana,Prensa digital,9,73,300000,No
100601,26,Maule,Urbana,Prensa digital,5,18,1030000,No
104157,43,Coquimbo,Urbana,Prensa digital,4,55,1380000,No
100598,38,O'Higgins,Urbana,Televisión,10,52,1120000,Sí
101004,35,Maule,Urbana,Redes sociales,1,14,1430000,Sí
100133,52,metropolitana,Urbana,Televisión,2,22,450000,Sí
100921,24,Coquimbo,Rural,Prensa digital,1,44,1040000,Sí
101585,41,Metropolitana,Urbana,Televisión,4,61,1450000,No
100912,50,Metropolitana,Urbana,Prensa digital,1,22,610000,No
103776,30,Metropolitana,Urbana,Televisión,1,12,1580000,No
103401,62,Valparaíso,Urbana,Televisión,1,22,2780000,Sí
104777,29,Metropolitana,Urbana,Radio,4,46,1150000,No
101468,35,Metropolitana,Urbana,Televisión,10,55,340000,No
101822,35,Metropolitana,Urbana,Televisión,9,46,520000,Sí
102504,48,Valparaíso,Urbana,Televisión,4,28,510000,Sí
100544,64,Metropolitana,Urbana,Radio,1,80,1130000,Sí
102384,52,O'Higgins,Urbana,Radio,10,60,550000,Sí
104656,45,Biobío,Urbana,Televisión,2,80,1000000,Sí
100238,37,Biobío,Urbana,Radio,9,36,790000,Sí
103024,46,Metropolitana,Urbana,Prensa digital,2,24,650000,No
100365,71,Metropolitana,Urbana,Redes sociales,7,40,900000,Sí
102430,30,Metropolitana,Urbana,Redes sociales,4,51,600000,Sí
101143,39,Metropolitana,Rural,Prensa digital,9,70,1020000,Sí
100337,70,O'Higgins,Rural,Prensa digital,10,34,940000,No
104137,25,Maule,Urbana,Redes sociales,8,36,860000,Sí
103047,59,Valparaíso,Urbana,Prensa digital,1,27,1150000,Sí
104314,30,Biobío,Rural,Redes sociales,8,58,2040000,Sí
102194,34,Valparaíso,Rural,Televisión,4,9,1720000,Sí
101419,41,Coquimbo,Urbana,Prensa digital,2,45,1100000,No
103195,45,Metropolitana,Urbana,Redes sociales,9,28,610000,Sí
104166,44,Coquimbo,Rural,Televisión,5,97,610000,Sí
100659,55,Valparaíso,Urbana,Televisión,4,32,1250000,Sí
104248,38,Metropolitana,Urbana,Radio,5,56,830000,Sí
104172,41,Metropolitana,Urbana,Radio,4,60,870000,Sí
101413,57,Biobío,Urbana,Televisión,2,71,1540000,Sí
103508,77,Metropolitana,Urbana,Prensa digital,4,39,880000,Sí
103891,18,Coquimbo,Urbana,Televisión,2,76,2150000,Sí
102259,45,Metropolitana,Rural,Prensa digital,7,61,690000,Sí
102845,69,Coquimbo,Urbana,Prensa digital,2,63,520000,Sí
103948,50,O'Higgins,Urbana,Redes sociales,8,72,1490000,Sí
104066,47,Valparaíso,Urbana,Televisión,8,33,550000,Sí
100926,66,Metropolitana,Urbana,Prensa digital,8,35,490000,Sí
100486,20,Metropolitana,Urbana,Televisión,7,39,610000,Sí
104436,51,Valparaíso,Urbana,Redes sociales,9,74,510000,Sí
103271,46,Metropolitana,Urbana,Prensa digital,4,70,450000,Sí
100996,29,Metropolitana,Rural,Radio,9,30,280000,Sí
100052,54,Maule,Urbana,Redes sociales,5,55,940000,No
100016,36,O'Higgins,Urbana,Televisión,3,80,750000,No
103281,53,Biobío,Urbana,Prensa digital,5,53,630000,Sí
101150,,Coquimbo,Rural,Televisión,4,12,1160000,Sí
102871,39,Metropolitana,Rural,Radio,8,58,1200000,Sí
104194,69,Maule,Rural,Redes sociales,6,61,750000,Sí
102459,64,Valparaíso,Urbana,Prensa digital,5,41,520000,No
100405,41,Metropolitana,Urbana,Redes sociales,1,37,630000,Sí
103980,64,Metropolitana,Urbana,Redes sociales,5,64,2080000,No
101607,50,Coquimbo,Rural,Televisión,10,100,280000,Sí
100593,,Biobío,Urbana,Televisión,1,61,500000,Sí
101006,65,Maule,Urbana,Televisión,6,30,430000,Sí
102937,37,Biobío,Urbana,Radio,8,72,1710000,No
103831,37,O'Higgins,Rural,Prensa digital,2,30,310000,Sí
102626,34,Metropolitana,Urbana,Redes sociales,7,61,940000,Sí
103147,33,Metropolitana,Rural,Redes sociales,7,17,630000,No
104428,57,Metropolitana,Urbana,Prensa digital,1,53,1320000,Sí
103215,49,Metropolitana,Urbana,Redes sociales,10,45,610000,Sí
100953,42,Biobío,Urbana,Radio,10,24,540000,No
103646,42,Metropolitana,Urbana,Redes sociales,7,43,3690000,No
101812,42,Metropolitana,Rural,Televisión,3,46,510000,Sí
104795,40,O'Higgins,Urbana,Prensa digital,8,60,350000,Sí
103985,52,Biobío,Rural,Redes sociales,8,56,720000,Sí
102196,74,Maule,Urbana,Redes sociales,5,58,880000,Sí
100611,60,Biobío,Urbana,Prensa digital,8,29,660000,No
103025,51,Valparaíso,Urbana,Redes sociales,2,44,1390000,Sí
100067,50,Biobío,Urbana,Televisión,7,42,1240000,No
103680,38,Metropolitana,Rural,Prensa digital,5,92,420000,No
100855,49,Metropolitana,Urbana,Redes sociales,6,55,280000,No
101855,57,Valparaíso,Urbana,Televisión,9,59,1610000,Sí
103006,31,Valparaíso,Urbana,Televisión,5,45,1010000,No
103046,37,Valparaíso,Urbana,Televisión,9,65,410000,Sí
104456,,O'Higgins,Urbana,Televisión,8,60,640000,Sí
102064,61,Metropolitana,Urbana,Redes sociales,6,52,500000,Sí
104028,69,Metropolitana,Urbana,Redes sociales,9,19,430000,No
103935,35,Coquimbo,Urbana,Radio,4,77,680000,Sí
101426,34,Metropolitana,Rural,Radio,4,37,430000,No
104883,54,Metropolitana,Urbana,Redes sociales,5,40,490000,Sí
101410,35,Metropolitana,Urbana,Televisión,4,25,1100000,Sí
103696,48,Metropolitana,Urbana,Redes sociales,7,47,1650000,Sí
101715,55,Metropolitana,Rural,Radio,5,39,660000,Sí
101746,62,Metropolitana,Rural,Televisión,9,56,1570000,No
100352,50,O'Higgins,Urbana,Redes sociales,6,55,380000,Sí
102158,46,Maule,Urbana,Redes sociales,7,27,640000,Sí
101654,53,Valparaíso,Urbana,Redes sociales,2,52,480000,Sí
102216,67,Biobío,Urbana,Televisión,3,65,440000,Sí
100416,46,Maule,Urbana,Redes sociales,1,47,1130000,No
102440,75,Metropolitana,Urbana,Televisión,1,20,1430000,Sí
104279,41,Valparaíso,Urbana,Televisión,10,17,1190000,Sí
103991,58,Metropolitana,Urbana,Redes sociales,9,49,980000,No
104040,24,Biobío,Urbana,Prensa digital,6,62,280000,No
104502,35,Valparaíso,Urbana,Televisión,6,38,1090000,Sí
102733,,Coquimbo,Urbana,Radio,6,54,1010000,Sí
103866,60,Metropolitana,Urbana,Televisión,5,43,990000,Sí
103570,74,O'Higgins,Urbana,Televisión,10,34,280000,Sí
100065,79,Metropolitana,Urbana,Redes sociales,9,43,1090000,Sí
101475,47,Valparaíso,Urbana,Redes sociales,2,55,280000,No
102200,52,Metropolitana,Rural,Redes sociales,7,57,320000,Sí
101503,54,Coquimbo,Urbana,Prensa digital,7,28,280000,No
100826,53,Metropolitana,Urbana,Redes sociales,9,58,1390000,No
104327,19,Biobío,Urbana,Televisión,1,41,1580000,No
102915,55,O'Higgins,Urbana,Prensa digital,5,76,890000,Sí
101485,52,Coquimbo,Rural,Televisión,6,48,670000,Sí
104184,39,Coquimbo,Urbana,Televisión,5,35,1570000,Sí
101241,59,Coquimbo,Urbana,Radio,10,43,1510000,Sí
103591,39,Metropolitana,Urbana,Televisión,6,39,1080000,No
103157,41,Metropolitana,Rural,Televisión,5,16,830000,Sí
104853,73,Valparaíso,Rural,Prensa digital,1,17,650000,Sí
102585,37,Maule,Rural,Televisión,1,18,1050000,No
101223,56,Metropolitana,Urbana,Televisión,3,39,280000,Sí
102308,69,Biobío,Urbana,Redes sociales,10,32,390000,Sí
101864,,Metropolitana,Rural,Televisión,4,46,970000,No
101155,55,Metropolitana,Urbana,Redes sociales,1,21,1060000,No
103419,47,Maule,Urbana,Prensa digital,1,27,790000,Sí
104738,43,Biobío,Rural,Redes sociales,1,77,340000,Sí
102462,31,Valparaíso,Urbana,Prensa digital,9,48,1780000,No
100144,62,Valparaíso,Rural,Prensa digital,8,8,1330000,Sí
102752,37,o'higgins,Rural,Redes sociales,7,30,1880000,No
101581,44,O'Higgins,Rural,Redes sociales,6,29,920000,No
104374,27,Coquimbo,Urbana,Prensa digital,2,26,880000,Sí
103655,51,Valparaíso,Rural,Redes sociales,10,48,690000,Sí
104141,78,O'Higgins,Urbana,Redes sociales,8,37,380000,Sí
101094,28,Metropolitana,Urbana,Redes sociales,1,45,820000,No
101987,53,Metropolitana,Urbana,Radio,5,54,940000,Sí
104642,69,Coquimbo,Urbana,Prensa digital,4,27,620000,No
103322,41,Maule,Rural,Televisión,1,37,990000,Sí
103355,60,Metropolitana,Urbana,Televisión,7,81,520000,Sí
101355,88,Biobío,Urbana,Redes sociales,3,61,570000,No
103526,,Maule,Urbana,Redes sociales,8,38,280000,No
103846,63,O'Higgins,Urbana,Radio,7,62,1770000,Sí
101813,70,O'Higgins,Urbana,Televisión,5,34,1300000,Sí
102386,,Biobío,Urbana,Televisión,9,63,970000,Sí
103078,68,Coquimbo,Urbana,Redes sociales,1,16,2060000,Sí
104775,,Metropolitana,Urbana,Redes sociales,1,69,520000,Sí
100137,51,Metropolitana,Rural,Redes sociales,10,54,910000,No
101570,74,Metropolitana,Urbana,Redes sociales,1,66,1260000,Sí
102093,66,Metropolitana,Urbana,Televisión,5,70,280000,Sí
102941,80,Metropolitana,Urbana,Televisión,10,43,880000,No
102119,51,Metropolitana,Urbana,Redes sociales,5,50,1420000,Sí
102316,44,Metropolitana,Urbana,Prensa digital,10,19,1290000,Sí
103142,,Metropolitana,Urbana,Redes sociales,7,17,760000,No
104568,81,O'Higgins,Rural,Televisión,5,61,810000,Sí
104249,38, Valparaíso ,Urbana,Televisión,6,31,760000,Sí
102213,44,Metropolitana,Urbana,Prensa digital,4,58,1300000,Sí
103184,60,Valparaíso,Rural,Televisión,2,32,280000,Sí
101755,41,Maule,Urbana,Prensa digital,7,16,770000,Sí
101803,35,O'Higgins,Urbana,Prensa digital,9,50,1730000,No
101795,55,Metropolitana,Urbana,Televisión,7,49,480000,Sí
104687,33,Metropolitana,Urbana,Redes sociales,10,20,280000,Sí
102793,,Metropolitana,Urbana,Prensa digital,5,28,970000,Sí
101871,46,Valparaíso,Urbana,Prensa digital,7,53,460000,Sí
104646,47,Metropolitana,Urbana,Prensa digital,3,43,650000,Sí
102132,50,Metropolitana,Urbana,Redes sociales,3,25,1440000,No
101862,38,Biobío,Urbana,Radio,4,33,430000,Sí
101663,68, Metropolitana ,Urbana,Redes sociales,3,70,980000,Sí
102598,44,Metropolitana,Rural,Redes sociales,7,74,930000,No
101182,51,Metropolitana,Rural,Redes sociales,2,44,460000,Sí
104902,68,O'Higgins,Urbana,Televisión,5,63,1220000,Sí
102387,24,Biobío,Urbana,Televisión,5,64,1650000,No
100556,26,O'Higgins,Rural,Televisión,9,52,2260000,Sí
102510,44,Metropolitana,Rural,Prensa digital,6,39,530000,No
100833,56,Biobío,Rural,Televisión,2,59,610000,Sí
100170,41,Valparaíso,Urbana,Radio,2,71,1330000,No
100450,22,Metropolitana,Urbana,Redes sociales,4,17,1460000,Sí
101333,38,Coquimbo,Urbana,Prensa digital,6,59,1210000,Sí
104301,21,Valparaíso,Urbana,Televisión,9,42,400000,Sí
104031,35,Metropolitana,Urbana,Televisión,9,32,830000,Sí
104192,56,o'higgins,Urbana,Televisión,4,33,800000,Sí
102178,52,Valparaíso,Urbana,Radio,4,53,1210000,Sí
101766,61,Metropolitana,Rural,Redes sociales,7,30,280000,Sí
104111,50,O'Higgins,Urbana,Redes sociales,2,84,930000,Sí
103626,40,Biobío,Urbana,Televisión,5,54,450000,No
104767,51,Metropolitana,Urbana,Prensa digital,2,84,610000,Sí
104739,47,BIOBÍO,Rural,Redes sociales,3,31,370000,Sí
101496,64,Valparaíso,Urbana,Prensa digital,1,18,380000,Sí
103755,42,metropolitana,Urbana,Televisión,2,42,1300000,Sí
100765,43,Maule,Urbana,Radio,1,68,280000,Sí
102383,46,Metropolitana,Urbana,Redes sociales,3,34,760000,No
104474,36,Valparaíso,Urbana,Prensa digital,9,85,3040000,Sí
103628,36,O'Higgins,Urbana,Prensa digital,3,41,750000,No
102798,40,O'Higgins,Urbana,Televisión,2,55,2300000,Sí
100068,48,Coquimbo,Urbana,Televisión,10,44,1350000,Sí
100853,27,Metropolitana,Urbana,Prensa digital,8,31,1420000,Sí
103743,,Metropolitana,Urbana,Radio,10,67,530000,Sí
101162,47,Metropolitana,Urbana,Prensa digital,10,56,910000,No
100062,19,Maule,Rural,Redes sociales,8,25,500000,Sí
104544,77,Coquimbo,Rural,Prensa digital,9,26,2360000,Sí
102084,55,Coquimbo,Rural,Radio,1,47,980000,Sí
101456,34,Valparaíso,Rural,Radio,2,44,1570000,Sí
104349,36,Maule,Urbana,Televisión,1,63,750000,No
102281,48,Coquimbo,Urbana,Radio,5,46,1310000,Sí
101731,47,Metropolitana,Urbana,Televisión,1,63,890000,Sí
103883,59,Metropolitana,Urbana,Redes sociales,4,57,490000,Sí
102878,62,Coquimbo,Urbana,Redes sociales,4,75,1040000,Sí
102083,45,Maule,Rural,Prensa digital,8,26,1620000,Sí
101834,29,Biobío,Rural,Televisión,2,65,490000,No
103379,68,Metropolitana,Urbana,Radio,1,35,410000,Sí
103689,53,Metropolitana,Urbana,Televisión,3,31,1930000,Sí
102480,38,Coquimbo,Urbana,Redes sociales,6,13,520000,Sí
104213,72,Maule,Urbana,Radio,8,30,750000,Sí
100764,47,Valparaíso,Rural,Redes sociales,9,30,2180000,No
104749,24,Metropolitana,Urbana,Televisión,6,55,880000,No
103249,58,Metropolitana,Rural,Televisión,7,26,390000,Sí
100311,70,Valparaíso,Urbana,Radio,4,72,590000,Sí
102520,48,Biobío,Urbana,Redes sociales,8,63,840000,Sí
103710,64,O'Higgins,Urbana,Televisión,4,69,1650000,No
104405,45,Valparaíso,Urbana,Televisión,4,66,520000,No
102866,70,Metropolitana,Urbana,Radio,6,55,2420000,No
100521,56, Biobío ,Rural,Televisión,9,50,2020000,Sí
100141,53,Metropolitana,Urbana,Redes sociales,2,11,1450000,Sí
102948,45,Metropolitana,Urbana,Prensa digital,3,37,430000,No
102993,43,Biobío,Urbana,Televisión,4,66,890000,Sí
101324,72,Metropolitana,Urbana,Televisión,6,42,1610000,Sí
101314,57,Metropolitana,Urbana,Televisión,6,38,490000,Sí
103615,43,Metropolitana,Urbana,Redes sociales,10,55,380000,Sí
103363,24,Coquimbo,Urbana,Redes sociales,1,3,770000,Sí
103055,59,Metropolitana,Urbana,Redes sociales,9,36,1920000,No
104096,46,Metropolitana,Urbana,Prensa digital,7,63,1010000,No
103381,52,Biobío,Urbana,Radio,8,0,280000,Sí
100393,36,Metropolitana,Urbana,Televisión,8,57,670000,No
103422,44,Metropolitana,Urbana,Radio,2,36,1170000,No
102591,41,Coquimbo,Urbana,Prensa digital,9,64,1160000,No
102934,35,Metropolitana,Urbana,Prensa digital,2,56,590000,Sí
102972,27,Coquimbo,Urbana,Redes sociales,7,15,2160000,No
100297,39,Valparaíso,Urbana,Redes sociales,10,86,500000,Sí
102397,55,Coquimbo,Urbana,Prensa digital,9,33,900000,Sí
104830,49,Metropolitana,Urbana,Redes sociales,8,44,380000,Sí
103042,78,Metropolitana,Urbana,Prensa digital,6,40,1050000,Sí
100673,57,Valparaíso,Urbana,Prensa digital,6,55,1310000,Sí
101115,49,Metropolitana,Urbana,Redes sociales,2,48,380000,Sí
103296,45,Biobío,Urbana,Radio,2,18,640000,No
102863,43,Biobío,Urbana,Televisión,9,35,1270000,Sí
104390,45,Valparaíso,Urbana,Redes sociales,1,26,560000,No
104750,28, Biobío ,Urbana,Redes sociales,1,47,560000,Sí
100631,46,Coquimbo,Urbana,Redes sociales,8,82,940000,Sí
102966,53,Biobío,Urbana,Televisión,5,53,2050000,Sí
100087,20,Metropolitana,Urbana,Prensa digital,8,42,1110000,No
104047,20,Valparaíso,Urbana,Prensa digital,6,61,1440000,No
102787,42,Valparaíso,Urbana,Televisión,10,59,1800000,No
102693,35,Valparaíso,Rural,Prensa digital,9,52,1150000,No
102469,,Biobío,Urbana,Prensa digital,5,46,2070000,Sí
101861,44,O'Higgins,Urbana,Televisión,5,20,2180000,Sí
100434,57,Biobío,Urbana,Televisión,8,34,1390000,Sí
100379,37,Metropolitana,Urbana,Televisión,2,24,1500000,No
103462,51,Coquimbo,Rural,Prensa digital,4,18,1470000,Sí
102827,75,Valparaíso,Urbana,Prensa digital,6,64,1500000,Sí
100266,37,Coquimbo,Urbana,Redes sociales,6,46,900000,Sí
100936,52,Valparaíso,Rural,Redes sociales,7,60,460000,Sí
103065,42,O'Higgins,Urbana,Redes sociales,8,58,1450000,Sí
104787,18,Metropolitana,Urbana,Prensa digital,4,69,520000,Sí
104619,60,Metropolitana,Rural,Redes sociales,2,47,670000,Sí
100781,74,Biobío,Urbana,Redes sociales,8,71,570000,Sí
103103,30,Valparaíso,Urbana,Redes sociales,8,20,1080000,Sí
103224,35,Metropolitana,Urbana,Redes sociales,2,60,560000,No
104854,48,Metropolitana,Rural,Televisión,8,46,640000,No
100113,61,Metropolitana,Urbana,Redes sociales,7,46,970000,Sí
101946,53,Coquimbo,Urbana,Prensa digital,4,54,1430000,Sí
100163,51,Metropolitana,Rural,Redes sociales,5,30,890000,Sí
101488,50,Maule,Urbana,Redes sociales,4,67,350000,Sí
103288,47,Valparaíso,Urbana,Prensa digital,7,63,1100000,Sí
103522,37,Maule,Rural,Televisión,6,21,840000,No
102543,72,Coquimbo,Urbana,Prensa digital,8,74,1080000,Sí
103986,38,Valparaíso,Urbana,Prensa digital,10,43,710000,Sí
104479,42,Metropolitana,Urbana,Prensa digital,8,68,1350000,Sí
101188,45,Biobío,Urbana,Televisión,10,80,1230000,Sí
101028,36,Valparaíso,Urbana,Televisión,7,33,470000,No
103263,45,Biobío,Urbana,Radio,7,25,630000,Sí
103069,27,Biobío,Rural,Televisión,2,35,860000,Sí
100358,73,Biobío,Rural,Redes sociales,5,38,1130000,Sí
100914,41, Metropolitana ,Urbana,Televisión,9,79,530000,Sí
100294,31,Valparaíso,Rural,Redes sociales,7,48,710000,No
100390,39,Biobío,Urbana,Prensa digital,3,42,1420000,Sí
103105,55,Maule,Urbana,Redes sociales,8,65,460000,Sí
104495,59,Valparaíso,Urbana,Prensa digital,1,65,1470000,Sí
101311,32,O'Higgins,Rural,Redes sociales,5,17,1240000,No
102908,68,Biobío,Urbana,Televisión,1,58,630000,Sí
102350,64,Metropolitana,Urbana,Televisión,9,51,1220000,No
101732,40,Maule,Urbana,Televisión,1,59,550000,Sí
100080,62,Metropolitana,Urbana,Redes sociales,3,45,750000,Sí
101693,74,Metropolitana,Urbana,Televisión,8,66,960000,Sí
104690,35,Coquimbo,Urbana,Redes sociales,8,69,680000,No
102339,42,Valparaíso,Rural,Radio,1,35,670000,Sí
100232,35,Biobío,Urbana,Redes sociales,8,7,1280000,Sí
101902,40,Valparaíso,Urbana,Redes sociales,3,33,690000,Sí
103081,54,Metropolitana,Urbana,Televisión,2,38,920000,Sí
103429,41,Metropolitana,Urbana,Televisión,5,39,1240000,Sí
104319,40,Metropolitana,Rural,Radio,6,20,1350000,Sí
100406,54,O'Higgins,Urbana,Redes sociales,1,50,1150000,No
103457,47,Valparaíso,Rural,Televisión,8,52,280000,Sí
100568,46,Maule,Urbana,Radio,4,68,910000,No
102603,41,Maule,Urbana,Televisión,5,36,450000,Sí
103631,34,Valparaíso,Urbana,Televisión,5,58,940000,No
103920,43,Biobío,Urbana,Redes sociales,3,44,1570000,Sí
102980,40,Biobío,Urbana,Radio,6,62,1200000,Sí
101179,40,Metropolitana,Urbana,Redes sociales,6,46,1430000,Sí
100354,37,Coquimbo,Rural,Radio,3,67,620000,Sí
103197,49,Coquimbo,Urbana,Radio,8,39,820000,Sí
104227,,Coquimbo,Rural,Radio,8,80,480000,Sí
101768,26,Metropolitana,Rural,Redes sociales,9,11,1550000,Sí
102978,33,Biobío,Urbana,Redes sociales,2,71,460000,No
100765,43,Maule,Urbana,Radio,1,68,280000,Sí
104710,67,Metropolitana,Urbana,Redes sociales,7,27,890000,Sí
103787,36,Biobío,Urbana,Prensa digital,9,44,820000,No
100081,53,Coquimbo,Urbana,Redes sociales,7,32,800000,Sí
102360,29,O'Higgins,Urbana,Redes sociales,9,59,1500000,No
102149,37,Maule,Urbana,Redes sociales,7,77,2500000,Sí
104791,54,Metropolitana,Urbana,Prensa digital,9,52,600000,Sí
100978,23,Biobío,Urbana,Televisión,1,41,1610000,Sí
102734,52,Biobío,Rural,Redes sociales,9,40,1360000,Sí
101062,20,Metropolitana,Urbana,Redes sociales,6,39,730000,Sí
103125,60,Biobío,Urbana,Redes sociales,8,69,910000,Sí
100491,40,Metropolitana,Urbana,Redes sociales,4,37,380000,No
100469,32,Valparaíso,Urbana,Televisión,8,31,960000,Sí
103701,42,O'Higgins,Urbana,Televisión,1,50,770000,Sí
100506,33,Valparaíso,Urbana,Redes sociales,6,39,850000,Sí
102122,39,Biobío,Urbana,Redes sociales,5,59,460000,No
100415,40,Coquimbo,Urbana,Televisión,7,57,500000,Sí
104375,20,Metropolitana,Urbana,Radio,2,53,1860000,Sí
100002,38,Biobío,Urbana,Televisión,8,55,350000,Sí
102769,57,Biobío,Rural,Prensa digital,3,38,1630000,Sí
104133,59,Metropolitana,Rural,Radio,7,74,430000,No
102333,66,Metropolitana,Urbana,Prensa digital,4,46,1070000,Sí
104335,63,Metropolitana,Urbana,Redes sociales,5,40,500000,Sí
103193,47,Biobío,Rural,Televisión,3,21,880000,No
103219,34,Maule,Urbana,Redes sociales,9,28,700000,No
103112,23,Metropolitana,Urbana,Televisión,5,44,870000,No
103342,47,Metropolitana,Urbana,Televisión,4,29,1740000,Sí
104884,62,Maule,Rural,Televisión,1,39,1470000,No
101529,72,Valparaíso,Rural,Televisión,1,23,700000,Sí
100519,50,Maule,Urbana,Redes sociales,7,61,400000,Sí
102806,,Maule,Urbana,Prensa digital,10,37,2030000,No
102939,,Valparaíso,Urbana,Radio,10,45,740000,No
104472,71,Biobío,Urbana,Redes sociales,7,52,850000,No
104697,30,Biobío,Rural,Radio,7,27,670000,No
101489,29,Biobío,Rural,Radio,5,58,920000,No
103394,28,Valparaíso,Urbana,Prensa digital,3,53,1870000,Sí
101195,44,Biobío,Urbana,Prensa digital,3,21,660000,No
103013,34,O'Higgins,Urbana,Televisión,3,65,1340000,Sí
103089,29,Metropolitana,Urbana,Redes sociales,6,63,630000,Sí
102025,57,Metropolitana,Urbana,Televisión,3,29,670000,Sí
104320,75,Metropolitana,Urbana,Redes sociales,10,75,1170000,Sí
100418,62,Maule,Rural,Prensa digital,7,68,1500000,Sí
100184,38,Valparaíso,Rural,Prensa digital,9,49,570000,Sí
101274,36,O'Higgins,Urbana,Redes sociales,5,36,900000,Sí
102457,46,Biobío,Urbana,Prensa digital,10,46,870000,No
100900,41,O'Higgins,Rural,Redes sociales,3,58,1390000,No
103595,33,Biobío,Urbana,Radio,3,61,1920000,Sí
103444,52,Metropolitana,Rural,Televisión,5,39,1930000,Sí
104597,43,Metropolitana,Urbana,Televisión,3,21,400000,Sí
104419,59,Biobío,Rural,Radio,5,15,590000,Sí
100013,57,Metropolitana,Urbana,Prensa digital,10,38,1040000,Sí
104034,38,Maule,Urbana,Redes sociales,9,46,820000,Sí
101659,44,Metropolitana,Urbana,Televisión,3,32,530000,Sí
103122,55,Coquimbo,Urbana,Prensa digital,1,25,620000,Sí
100841,27,Metropolitana,Urbana,Radio,1,83,280000,No
104652,46,Metropolitana,Rural,Redes sociales,5,60,780000,No
102144,58,Metropolitana,Urbana,Prensa digital,3,52,440000,Sí
104435,80,O'Higgins,Urbana,Radio,7,53,280000,Sí
104041,44,Metropolitana,Urbana,Prensa digital,8,34,470000,No
101751,70,Maule,Rural,Televisión,8,31,440000,Sí
100422,59,Valparaíso,Urbana,Prensa digital,9,33,320000,No
101904,76,Metropolitana,Urbana,Redes sociales,10,39,970000,No
104417,46,Coquimbo,Urbana,Redes sociales,6,68,1620000,Sí
101563,19,Valparaíso,Urbana,Redes sociales,8,48,390000,Sí
102151,65,Metropolitana,Rural,Redes sociales,1,65,600000,No
104024,64,Metropolitana,Urbana,Redes sociales,8,39,510000,Sí
103653,80,Metropolitana,Urbana,Radio,7,47,1550000,Sí
104231,30,Metropolitana,Urbana,Televisión,9,46,910000,No
104774,25,Maule,Urbana,Redes sociales,2,54,530000,Sí
103855,28,Valparaíso,Urbana,Prensa digital,10,26,800000,No
101415,,Metropolitana,Urbana,Televisión,8,63,320000,Sí
103736,75,Metropolitana,Urbana,Redes sociales,1,28,290000,Sí
101968,62,Maule,Urbana,Televisión,6,75,920000,Sí
100663,,Biobío,Urbana,Radio,10,60,600000,No
101779,73,Valparaíso,Urbana,Redes sociales,10,80,430000,Sí
101080,31,Metropolitana,Urbana,Redes sociales,9,40,290000,No
103665,41,Maule,Urbana,Prensa digital,5,68,350000,No
103884,51,Coquimbo,Urbana,Televisión,10,17,730000,Sí
103345,68,Metropolitana,Urbana,Prensa digital,3,43,780000,Sí
104306,36,Metropolitana,Urbana,Televisión,7,86,390000,No
100621,42,Metropolitana,Urbana,Prensa digital,9,53,780000,Sí
104304,29,Biobío,Urbana,Radio,6,24,900000,Sí
102677,74,Metropolitana,Urbana,Televisión,10,41,280000,Sí
102003,45,Valparaíso,Urbana,Redes sociales,5,50,620000,Sí
102583,71,Metropolitana,Urbana,Radio,9,69,1000000,Sí
103255,46,Coquimbo,Rural,Redes sociales,3,28,820000,No
102027,74,Coquimbo,Urbana,Prensa digital,10,75,530000,Sí
102620,71,Metropolitana,Urbana,Televisión,10,50,560000,Sí
102595,43,Metropolitana,Urbana,Redes sociales,9,32,710000,Sí
104730,49,Metropolitana,Urbana,Redes sociales,10,63,450000,Sí
102376,56,Biobío,Urbana,Redes sociales,1,56,1350000,Sí
103408,25,Metropolitana,Urbana,Redes sociales,10,45,600000,Sí
102872,24,Biobío,Urbana,Televisión,5,37,720000,No
104287,46,Metropolitana,Urbana,Televisión,5,54,420000,Sí
101027,64,Metropolitana,Urbana,Televisión,8,40,400000,Sí
102837,,Metropolitana,Urbana,Redes sociales,6,49,560000,Sí
100201,55,Biobío,Rural,Televisión,6,45,580000,Sí
104350,44,Metropolitana,Urbana,Prensa digital,4,51,840000,Sí
102828,69,O'Higgins,Urbana,Televisión,2,43,430000,Sí
102148,64,Maule,Urbana,Radio,5,57,730000,No
102825,41,Biobío,Urbana,Redes sociales,4,47,290000,Sí
100427,44,Maule,Urbana,Televisión,2,14,560000,Sí
103059,42,O'Higgins,Urbana,Prensa digital,7,65,720000,Sí
100548,47,Coquimbo,Urbana,Prensa digital,10,24,1590000,Sí
104621,35,Biobío,Urbana,Prensa digital,9,53,1000000,Sí
100629,55,Valparaíso,Urbana,Redes sociales,2,51,1090000,Sí
102171,,O'Higgins,Urbana,Redes sociales,1,58,470000,No
103516,58,Metropolitana,Urbana,Redes sociales,7,52,1520000,No
101425,68,O'Higgins,Urbana,Televisión,4,31,1090000,Sí
103020,43,Biobío,Urbana,Televisión,10,70,710000,Sí
101775,41,Coquimbo,Urbana,Redes sociales,10,23,1030000,No
101162,47,Metropolitana,Urbana,Prensa digital,10,56,910000,No
101286,46,Valparaíso,Urbana,Redes sociales,2,35,350000,Sí
102218,23,Valparaíso,Rural,Prensa digital,8,57,410000,Sí
102363,52,Biobío,Urbana,Televisión,9,20,820000,No
102550,37,Metropolitana,Urbana,Televisión,9,55,1030000,No
104889,47,Metropolitana,Urbana,Televisión,4,79,1950000,No
100019,,Valparaíso,Urbana,Redes sociales,3,44,300000,No
100892,54,Metropolitana,Urbana,Redes sociales,6,41,1600000,Sí
103907,75,Biobío,Urbana,Redes sociales,6,27,1380000,Sí
102142,,Valparaíso,Urbana,Televisión,1,52,890000,Sí
100844,85,O'Higgins,Urbana,Redes sociales,7,94,1030000,No
104076,62,O'Higgins,Urbana,Redes sociales,8,44,1370000,No
102371,46,Metropolitana,Urbana,Televisión,9,43,750000,Sí
101196,38,Biobío,Urbana,Redes sociales,1,18,370000,Sí
104772,32,Biobío,Urbana,Televisión,6,60,880000,Sí
104140,56,Maule,Urbana,Prensa digital,8,24,740000,Sí
102688,69,Metropolitana,Urbana,Prensa digital,3,40,1320000,No
103873,52,Maule,Urbana,Prensa digital,5,34,380000,Sí
103096,44,O'Higgins,Urbana,Prensa digital,5,57,540000,Sí
100876,53,Metropolitana,Rural,Televisión,10,17,410000,Sí
101884,60,Maule,Urbana,Redes sociales,10,47,420000,Sí
102297,59,O'Higgins,Urbana,Prensa digital,9,40,1050000,No
102739,28,Metropolitana,Urbana,Prensa digital,4,32,390000,Sí
104012,30,Metropolitana,Urbana,Televisión,5,49,1660000,Sí
103999,33,Metropolitana,Rural,Redes sociales,7,58,290000,No
101852,30,Valparaíso,Urbana,Televisión,8,38,1090000,Sí
103860,43,Metropolitana,Urbana,Televisión,10,61,2550000,Sí
104186,45,O'Higgins,Urbana,Prensa digital,8,75,1710000,No
104907,56,Metropolitana,Urbana,Prensa digital,3,62,670000,No
103277,59,Metropolitana,Urbana,Prensa digital,5,74,580000,Sí
101041,34,Valparaíso,Urbana,Televisión,4,33,350000,Sí
101979,55,Metropolitana,Urbana,Prensa digital,3,17,480000,Sí
104334,33,Biobío,Urbana,Redes sociales,4,42,1960000,No
103035,51,Metropolitana,Urbana,Televisión,8,32,1640000,Sí
103919,61,O'Higgins,Urbana,Televisión,3,39,2780000,No
104488,47,O'Higgins,Urbana,Radio,5,47,400000,Sí
100202,35,Valparaíso,Urbana,Prensa digital,8,44,590000,No
104449,65,Maule,Urbana,Televisión,2,46,1630000,Sí
102409,27,Metropolitana,Urbana,Redes sociales,5,77,310000,Sí
100058,55,Metropolitana,Urbana,Redes sociales,9,82,750000,Sí
104572,,Valparaíso,Urbana,Televisión,2,33,490000,No
101826,38,maule,Urbana,Radio,8,39,1160000,No
101042,62,Coquimbo,Urbana,Radio,6,20,320000,Sí
102468,47,Metropolitana,Urbana,Radio,5,9,300000,Sí
103129,55,Metropolitana,Urbana,Redes sociales,7,77,920000,Sí
103330,38,Coquimbo,Urbana,Televisión,7,61,1070000,Sí
104112,43,Metropolitana,Rural,Televisión,7,48,800000,Sí
103711,39,Coquimbo,Urbana,Redes sociales,6,82,840000,No
104044,23,Coquimbo,Urbana,Redes sociales,8,21,1570000,Sí
103681,70,Biobío,Urbana,Prensa digital,5,28,1130000,No
100226,54,Metropolitana,Urbana,Prensa digital,8,53,910000,Sí
103150,35,Metropolitana,Urbana,Televisión,10,49,540000,Sí
103560,52,Valparaíso,Rural,Redes sociales,3,50,360000,No
104722,38,Maule,Urbana,Redes sociales,8,34,870000,No
102816,37,Coquimbo,Urbana,Redes sociales,2,74,2230000,Sí
100627,46,Maule,Urbana,Redes sociales,2,66,530000,Sí
104022,51,Metropolitana,Rural,Radio,1,72,400000,No
100767,55,Metropolitana,Urbana,Radio,5,35,1040000,Sí
102015,66,Valparaíso,Urbana,Redes sociales,5,32,550000,Sí
103998,47,Metropolitana,Urbana,Televisión,7,30,1060000,No
100494,29,Metropolitana,Urbana,Televisión,10,71,790000,Sí
104695,43,Metropolitana,Urbana,Televisión,2,41,1030000,Sí
101734,60,Biobío,Urbana,Prensa digital,8,64,670000,Sí
104235,,Metropolitana,Urbana,Televisión,9,67,370000,Sí
100600,32,Biobío,Urbana,Televisión,5,44,440000,No
103507,39,Valparaíso,Urbana,Redes sociales,1,41,950000,Sí
101093,32,Biobío,Urbana,Redes sociales,2,37,880000,Sí
100157,41,Biobío,Urbana,Televisión,10,42,950000,No
101913,57,Metropolitana,Urbana,Prensa digital,8,51,830000,Sí
100129,28,Metropolitana,Urbana,Redes sociales,6,61,680000,No
102597,39,Metropolitana,Urbana,Radio,10,82,980000,Sí
103599,51,Coquimbo,Urbana,Prensa digital,9,34,520000,Sí
100453,31,Biobío,Urbana,Televisión,6,63,330000,Sí
100421,39,Metropolitana,Urbana,Redes sociales,4,23,570000,Sí
101231,24,Biobío,Urbana,Redes sociales,10,73,400000,No
101416,64,O'Higgins,Rural,Radio,9,19,600000,No
104421,81,Metropolitana,Urbana,Redes sociales,4,49,550000,Sí
100648,36,Maule,Urbana,Radio,6,49,1040000,No
100136,45,Maule,Rural,Televisión,8,12,1940000,Sí
100563,65,Metropolitana,Urbana,Redes sociales,1,77,950000,Sí
104761,24,Coquimbo,Urbana,Prensa digital,2,56,520000,Sí
102007,58,Biobío,Urbana,Radio,7,21,280000,Sí
100784,35,Metropolitana,Urbana,Prensa digital,9,49,590000,Sí
100423,49,Maule,Rural,Prensa digital,1,70,320000,Sí
101580,27,Coquimbo,Rural,Redes sociales,7,66,830000,Sí
100516,57,Maule,Urbana,Televisión,5,76,1380000,Sí
102294,38,Metropolitana,Rural,Televisión,4,42,1160000,Sí
102788,68,Maule,Rural,Prensa digital,9,13,1100000,Sí
101984,,Metropolitana,Rural,Prensa digital,10,15,1240000,No
102686,56,Metropolitana,Urbana,Redes sociales,10,40,280000,Sí
103513,53,Coquimbo,Urbana,Prensa digital,2,19,700000,Sí
104786,65,Biobío,Rural,Televisión,5,50,490000,Sí
104890,40,Metropolitana,Urbana,Redes sociales,4,43,340000,Sí
101757,50,Valparaíso,Urbana,Radio,4,52,1910000,Sí
103278,54,O'Higgins,Urbana,Redes sociales,1,63,560000,Sí
102453,53,Valparaíso,Urbana,Prensa digital,7,54,970000,No
104209,36,Valparaíso,Rural,Prensa digital,7,42,860000,Sí
102804,41,Valparaíso,Rural,Televisión,9,54,1420000,No
101667,48,Metropolitana,Urbana,Prensa digital,10,54,750000,No
102858,44,Coquimbo,Urbana,Radio,1,11,450000,Sí
104450,60,Metropolitana,Urbana,Redes sociales,10,29,1520000,Sí
103393,31,Biobío,Urbana,Televisión,5,12,700000,Sí
100344,47,Metropolitana,Urbana,Televisión,9,18,1340000,Sí
100669,48,Metropolitana,Urbana,Televisión,5,15,380000,Sí
101583,75,Biobío,Rural,Redes sociales,9,63,450000,Sí
100228,25,Metropolitana,Urbana,Televisión,3,24,1000000,No
101629,34,Valparaíso,Urbana,Radio,3,35,590000,No
101246,68,Maule,Urbana,Radio,10,24,440000,No
100924,54,Coquimbo,Urbana,Televisión,8,21,280000,Sí
100270,44,Coquimbo,Urbana,Radio,1,49,850000,Sí
101586,44,Maule,Urbana,Televisión,9,33,2340000,No
102662,45,Maule,Urbana,Redes sociales,8,61,1150000,No
102503,62,Valparaíso,Urbana,Televisión,9,40,2850000,Sí
102560,26,Coquimbo,Urbana,Televisión,4,33,460000,Sí
102824,58,Valparaíso,Urbana,Televisión,1,54,1010000,Sí
101778,40,Valparaíso,Urbana,Redes sociales,3,41,1630000,No
102746,56,Coquimbo,Urbana,Radio,7,58,1390000,Sí
102427,57,O'Higgins,Urbana,Redes sociales,6,32,760000,Sí
103871,60,Valparaíso,Urbana,Prensa digital,3,33,550000,Sí
101843,47,Biobío,Urbana,Radio,5,60,1120000,No
104272,50,Biobío,Urbana,Televisión,8,37,1080000,No
103559,46,Metropolitana,Urbana,Redes sociales,6,53,510000,Sí
103568,,Metropolitana,Urbana,Redes sociales,3,66,390000,No
102671,75,Valparaíso,Urbana,Redes sociales,6,19,1010000,No
102169,71,Maule,Urbana,Radio,6,44,860000,Sí
101974,56,Valparaíso,Urbana,Prensa digital,6,28,1720000,Sí
100547,37,Valparaíso,Urbana,Redes sociales,4,50,1940000,Sí
103612,,Biobío,Rural,Televisión,1,75,560000,No
103386,34,Metropolitana,Urbana,Televisión,9,22,1030000,Sí
101582,,Metropolitana,Urbana,Redes sociales,9,24,1230000,Sí
102001,29,Metropolitana,Urbana,Redes sociales,10,52,700000,Sí
101926,73,Metropolitana,Urbana,Televisión,1,51,870000,No
100736,31,Biobío,Urbana,Redes sociales,7,46,660000,No
104596,41,Maule,Rural,Televisión,9,16,440000,Sí
102545,79,Metropolitana,Rural,Prensa digital,5,41,510000,Sí
101104,39,Valparaíso,Urbana,Redes sociales,8,60,840000,No
101649,48,Metropolitana,Rural,Prensa digital,4,58,550000,Sí
103872,27,Metropolitana,Urbana,Prensa digital,4,42,1030000,No
103912,55,Valparaíso,Urbana,Prensa digital,1,46,1060000,No
104585,54,Biobío,Rural,Redes sociales,1,39,1330000,Sí
103446,64,Biobío,Urbana,Televisión,7,62,630000,Sí
102519,42,Metropolitana,Urbana,Televisión,1,27,1250000,Sí
100807,72,Metropolitana,Urbana,Redes sociales,7,48,1060000,No
102790,38,Coquimbo,Rural,Prensa digital,9,12,1000000,No
103313,75,Metropolitana,Urbana,Redes sociales,6,19,610000,Sí
100039,23,Biobío,Urbana,Televisión,9,35,280000,Sí
104602,56,Valparaíso,Urbana,Televisión,7,30,620000,No
100683,62,Metropolitana,Urbana,Redes sociales,7,55,1230000,No
100974,48,Metropolitana,Rural,Televisión,10,51,800000,Sí
103616,44,Valparaíso,Urbana,Prensa digital,1,28,1170000,No
100557,31,Coquimbo,Urbana,Prensa digital,3,42,640000,No
102727,49,O'Higgins,Rural,Prensa digital,7,70,370000,No
101610,50,Maule,Rural,Televisión,6,36,410000,Sí
103021,56,Metropolitana,Urbana,Redes sociales,3,53,1530000,Sí
104105,58,Metropolitana,Urbana,Radio,8,31,450000,Sí
102155,27,Biobío,Urbana,Televisión,4,20,610000,Sí
103050,35,Metropolitana,Urbana,Prensa digital,4,37,2330000,Sí
101114,27,Biobío,Urbana,Prensa digital,9,42,330000,No
102924,43,Valparaíso,Urbana,Prensa digital,5,31,810000,Sí
104584,68,Metropolitana,Urbana,Televisión,3,70,420000,No
102717,58,Biobío,Urbana,Televisión,4,52,660000,Sí
100035,34,O'Higgins,Urbana,Televisión,3,34,2410000,Sí
103270,58,Coquimbo,Urbana,Redes sociales,1,32,1110000,Sí
100863,63,Valparaíso,Urbana,Redes sociales,2,43,2130000,Sí
101342,29,Coquimbo,Urbana,Radio,9,71,590000,Sí
104491,44,Maule,Urbana,Televisión,5,58,770000,Sí
102890,50,Biobío,Urbana,Televisión,8,8,390000,No
102799,57,Valparaíso,Urbana,Prensa digital,4,51,990000,Sí
100501,65,Metropolitana,Urbana,Redes sociales,7,26,580000,No
103604,59,Metropolitana,Urbana,Redes sociales,10,74,1490000,Sí
102666,,Coquimbo,Urbana,Redes sociales,10,32,280000,Sí
100522,,Metropolitana,Urbana,Radio,7,46,580000,Sí
102958,43,Biobío,Urbana,Redes sociales,7,58,620000,Sí
100482,68,Biobío,Urbana,Redes sociales,2,60,430000,Sí
103885,49,Valparaíso,Urbana,Radio,1,68,620000,Sí
100353,39, Coquimbo ,Urbana,Televisión,10,64,500000,Sí
100689,66,Valparaíso,Urbana,Prensa digital,7,49,1080000,Sí
101753,30,Metropolitana,Rural,Redes sociales,1,51,1110000,No
102902,29,Valparaíso,Urbana,Radio,10,19,300000,Sí
104293,50,Valparaíso,Urbana,Prensa digital,4,50,590000,Sí
103837,44,Valparaíso,Urbana,Redes sociales,10,19,340000,Sí
100731,,Metropolitana,Urbana,Prensa digital,4,59,1190000,No
101897,54,Metropolitana,Urbana,Televisión,3,59,280000,Sí
102135,60,Biobío,Rural,Redes sociales,7,68,430000,Sí
101245,50,Valparaíso,Rural,Redes sociales,8,48,700000,Sí
100675,28,Valparaíso,Urbana,Redes sociales,9,18,700000,Sí
103576,,Metropolitana,Urbana,Prensa digital,6,44,1530000,Sí
100975,43,O'Higgins,Rural,Radio,9,60,600000,Sí
101914,51,O'Higgins,Urbana,Prensa digital,9,82,1210000,Sí
100028,47,Maule,Urbana,Redes sociales,3,70,980000,No
100638,63,Biobío,Urbana,Redes sociales,6,28,820000,Sí
101476,38,Metropolitana,Urbana,Prensa digital,3,41,820000,No
104504,51,O'Higgins,Urbana,Televisión,6,2,1690000,No
102235,65,Metropolitana,Urbana,Redes sociales,9,60,310000,Sí
100642,49,Metropolitana,Urbana,Redes sociales,4,20,1070000,Sí
101118,64,Valparaíso,Urbana,Redes sociales,6,59,1070000,No
103171,61,Metropolitana,Urbana,Televisión,7,69,550000,Sí
102019,,Coquimbo,Urbana,Televisión,9,68,510000,Sí
101886,85,Valparaíso,Urbana,Prensa digital,5,41,410000,Sí
102740,27,Biobío,Rural,Redes sociales,6,62,1080000,Sí
101917,56,Biobío,Urbana,Prensa digital,1,89,750000,No
104670,19,Metropolitana,Urbana,Radio,2,45,300000,Sí
100355,64,Valparaíso,Urbana,Prensa digital,3,34,1840000,No
103080,24,Metropolitana,Urbana,Redes sociales,3,66,520000,Sí
102241,77,Metropolitana,Urbana,Redes sociales,8,19,970000,Sí
101921,48,Metropolitana,Rural,Prensa digital,4,30,280000,Sí
104921,18,Metropolitana,Urbana,Radio,8,46,2110000,No
100015,54,Metropolitana,Urbana,Prensa digital,1,28,590000,No
103433,18,Valparaíso,Urbana,Prensa digital,7,62,1310000,Sí
100092,44,Maule,Urbana,Prensa digital,5,56,770000,No
101187,43,Coquimbo,Urbana,Redes sociales,10,38,1080000,Sí
102039,29,Metropolitana,Urbana,Redes sociales,3,32,1110000,Sí
104106,70,Valparaíso,Urbana,Redes sociales,7,57,360000,Sí
103365,64,Metropolitana,Urbana,Televisión,2,29,1400000,Sí
101346,,O'Higgins,Urbana,Prensa digital,2,0,1310000,No
104400,41,Coquimbo,Urbana,Redes sociales,9,3,630000,Sí
100603,64,Biobío,Urbana,Televisión,5,58,720000,No
100195,32,Biobío,Urbana,Radio,4,53,870000,Sí
104919,68,Biobío,Urbana,Redes sociales,4,48,280000,Sí
100115,58,Metropolitana,Urbana,Televisión,5,44,760000,Sí
103636,48,O'Higgins,Urbana,Televisión,6,52,4460000,No
102396,49,Maule,Rural,Televisión,1,56,2480000,No
103483,30,Metropolitana,Urbana,Televisión,4,45,810000,No
100589,25,O'Higgins,Urbana,Redes sociales,10,23,1410000,Sí
102578,73,Metropolitana,Urbana,Redes sociales,9,62,400000,Sí
103530,75,Biobío,Urbana,Redes sociales,8,67,1300000,Sí
100554,50,Valparaíso,Urbana,Redes sociales,3,34,280000,No
100889,57,Coquimbo,Urbana,Prensa digital,5,37,280000,Sí
102189,53,Metropolitana,Rural,Redes sociales,9,29,1170000,Sí
100254,64,Valparaíso,Urbana,Redes sociales,1,41,880000,Sí
100830,59,O'Higgins,Urbana,Televisión,2,68,920000,Sí
100923,33,Biobío,Rural,Televisión,10,13,2140000,Sí
104558,48,Metropolitana,Rural,Televisión,1,34,2650000,Sí
102272,30,Maule,Urbana,Redes sociales,6,39,290000,Sí
104906,41,Valparaíso,Urbana,Redes sociales,7,57,750000,Sí
101248,43,Metropolitana,Urbana,Redes sociales,7,22,870000,No
100243,59,Metropolitana,Urbana,Televisión,8,16,620000,No
103266,50,Metropolitana,Urbana,Prensa digital,10,81,760000,No
101825,88,Valparaíso,Urbana,Televisión,5,36,470000,Sí
103220,65,Metropolitana,Urbana,Redes sociales,3,55,670000,No
102615,68,Metropolitana,Urbana,Redes sociales,5,61,1520000,Sí
104909,22,Valparaíso,Urbana,Radio,8,27,680000,No
103827,35,Metropolitana,Urbana,Televisión,8,43,620000,Sí
100387,,Biobío,Rural,Televisión,10,50,1070000,Sí
101901,37,Biobío,Urbana,Radio,5,22,1290000,Sí
101373,73,Maule,Rural,Televisión,8,20,610000,Sí
101226,60,Metropolitana,Urbana,Televisión,7,39,480000,Sí
102533,26,Metropolitana,Urbana,Televisión,5,50,740000,Sí
103257,55,O'Higgins,Urbana,Prensa digital,3,44,510000,Sí
104328,43,Metropolitana,Urbana,Televisión,2,59,1780000,Sí
101203,29,Metropolitana,Urbana,Redes sociales,10,56,1060000,Sí
101653,71,Valparaíso,Urbana,Prensa digital,2,28,1340000,No
103878,31,Metropolitana,Urbana,Televisión,6,70,380000,Sí
104254,34,Metropolitana,Rural,Televisión,4,74,360000,No
104373,30,Metropolitana,Urbana,Redes sociales,6,45,400000,Sí
100496,,Metropolitana,Urbana,Televisión,9,52,860000,No
101233,41,Metropolitana,Urbana,Redes sociales,2,26,1970000,Sí
103817,45,Metropolitana,Urbana,Prensa digital,3,32,590000,No
100082,46,O'Higgins,Urbana,Televisión,3,48,1350000,Sí
101863,25,Valparaíso,Urbana,Redes sociales,1,0,330000,Sí
104914,31,Metropolitana,Urbana,Prensa digital,10,48,700000,Sí
101969,72,Metropolitana,Rural,Televisión,1,28,810000,No
100451,55,Metropolitana,Rural,Redes sociales,2,60,280000,Sí
104551,70,Biobío,Urbana,Televisión,4,48,640000,No
103596,27,Metropolitana,Rural,Prensa digital,1,72,610000,Sí
104316,48,Valparaíso,Urbana,Radio,5,62,800000,Sí
104018,30,Maule,Urbana,Televisión,2,55,350000,Sí
102190,82,Coquimbo,Urbana,Prensa digital,2,50,760000,Sí
104219,70,O'Higgins,Urbana,Televisión,1,11,700000,Sí
103252,44,Maule,Urbana,Radio,1,58,770000,Sí
104025,43,Coquimbo,Urbana,Radio,8,74,620000,Sí
102637,68,Biobío,Urbana,Radio,3,46,740000,Sí
103673,,O'Higgins,Urbana,Radio,1,36,410000,Sí
104420,51,Valparaíso,Rural,Prensa digital,10,60,1620000,No
104905,28,Valparaíso,Urbana,Prensa digital,5,58,1970000,Sí
102946,35,Metropolitana,Urbana,Televisión,10,55,1880000,Sí
101782,33,Biobío,Rural,Televisión,6,36,680000,Sí
101719,27,Biobío,Urbana,Televisión,4,36,870000,No
100500,34,Coquimbo,Urbana,Prensa digital,9,34,620000,Sí
102248,63,metropolitana,Urbana,Redes sociales,3,43,2500000,No
100399,63,Valparaíso,Urbana,Redes sociales,7,35,1630000,Sí
100624,,Metropolitana,Urbana,Radio,10,40,970000,Sí
102916,,Biobío,Rural,Redes sociales,9,37,670000,Sí
101613,47,Metropolitana,Urbana,Redes sociales,2,47,1050000,Sí
101224,31,Metropolitana,Urbana,Radio,5,15,1150000,No
100680,51,Coquimbo,Urbana,Prensa digital,10,46,740000,Sí
104376,54,Metropolitana,Urbana,Prensa digital,8,46,1420000,Sí
103656,57,Valparaíso,Urbana,Televisión,5,56,630000,Sí
100251,72,Metropolitana,Urbana,Redes sociales,5,36,1090000,Sí
103201,43,Metropolitana,Rural,Prensa digital,8,44,4330000,No
101136,46,Biobío,Urbana,Televisión,9,30,920000,Sí
104341,37,Biobío,Urbana,Redes sociales,3,43,520000,No
104464,43,Metropolitana,Urbana,Televisión,6,51,560000,No
103174,21,Metropolitana,Urbana,Televisión,6,44,550000,No
104556,37,Valparaíso,Urbana,Prensa digital,9,52,1640000,No
100209,27,Metropolitana,Urbana,Redes sociales,1,53,490000,No
100480,41,Maule,Urbana,Televisión,4,43,380000,Sí
102744,44,O'Higgins,Rural,Prensa digital,2,38,630000,Sí
100738,41,Coquimbo,Rural,Radio,9,49,1350000,Sí
103241,48,Biobío,Urbana,Redes sociales,8,56,450000,Sí
101952,62,Metropolitana,Urbana,Redes sociales,5,58,620000,Sí
102182,71,Biobío,Rural,Redes sociales,1,88,940000,Sí
102485,63,Metropolitana,Urbana,Televisión,4,70,540000,Sí
103575,35,Metropolitana,Urbana,Prensa digital,5,65,380000,No
101695,,Biobío,Urbana,Redes sociales,8,53,670000,Sí
102298,72,Metropolitana,Rural,Redes sociales,1,51,1480000,Sí
103848,28,Metropolitana,Rural,Prensa digital,6,54,800000,Sí
101185,24,Metropolitana,Urbana,Redes sociales,3,0,1420000,Sí
100935,61,Metropolitana,Urbana,Prensa digital,9,30,650000,Sí
103407,35,Biobío,Urbana,Prensa digital,8,60,1350000,Sí
100961,83,Metropolitana,Urbana,Radio,8,75,280000,No
103890,39,Metropolitana,Urbana,Redes sociales,4,50,1150000,No
103357,31,Metropolitana,Urbana,Redes sociales,9,63,2470000,Sí
100526,63,Metropolitana,Urbana,Prensa digital,10,25,1100000,Sí
101571,34,Metropolitana,Urbana,Televisión,1,42,290000,Sí
100032,53,Biobío,Urbana,Televisión,5,29,280000,Sí
104649,33,Coquimbo,Urbana,Radio,7,30,660000,No
103130,35,Metropolitana,Rural,Redes sociales,4,53,690000,Sí
101412,46,Valparaíso,Urbana,Redes sociales,9,35,580000,Sí
101865,57,Coquimbo,Urbana,Televisión,9,58,1070000,Sí
100925,53,Metropolitana,Urbana,Redes sociales,8,75,1300000,Sí
101229,57,Biobío,Rural,Prensa digital,9,81,1100000,Sí
103104,48,O'Higgins,Rural,Televisión,8,69,790000,No
101391,53,Metropolitana,Urbana,Prensa digital,1,20,860000,No
103558,39,valparaiso,Urbana,Prensa digital,3,60,590000,No
102073,63,valparaiso,Rural,Redes sociales,3,53,610000,Sí
104539,47,Valparaíso,Urbana,Prensa digital,9,42,1860000,Sí
103022,,O'Higgins,Urbana,Radio,5,43,840000,Sí
102509,41,Biobío,Urbana,Redes sociales,1,53,280000,Sí
103744,31,Valparaíso,Urbana,Redes sociales,10,56,600000,No
103989,36,Maule,Urbana,Prensa digital,7,21,1340000,Sí
103018,26,Metropolitana,Urbana,Prensa digital,4,59,510000,Sí
100636,29,metropolitana,Urbana,Prensa digital,3,18,2880000,Sí
101131,67,Biobío,Urbana,Televisión,3,51,870000,Sí
101562,46,Metropolitana,Urbana,Radio,7,78,450000,Sí
100363,31,Coquimbo,Urbana,Redes sociales,3,41,670000,Sí
100169,47,Maule,Urbana,Prensa digital,4,58,770000,No
104671,70,Valparaíso,Rural,Televisión,10,7,470000,Sí
103973,62,Metropolitana,Urbana,Radio,6,69,1280000,No
102065,33,Metropolitana,Rural,Redes sociales,1,55,1940000,Sí
100374,30,Metropolitana,Urbana,Redes sociales,9,39,1470000,No
102108,44,Coquimbo,Urbana,Redes sociales,7,42,1120000,No
101141,54,Biobío,Rural,Televisión,6,49,580000,Sí
100702,27,Biobío,Urbana,Prensa digital,3,55,540000,Sí
104201,56, Metropolitana ,Urbana,Prensa digital,3,30,490000,No
100265,66,Coquimbo,Urbana,Televisión,10,49,510000,No
101742,39,Valparaíso,Urbana,Redes sociales,8,52,810000,Sí
101397,28,Metropolitana,Urbana,Redes sociales,7,30,340000,No
103601,38,Coquimbo,Urbana,Radio,10,54,1420000,Sí
102670,43,Biobío,Urbana,Redes sociales,4,26,840000,Sí
101699,46,Metropolitana,Urbana,Televisión,3,36,280000,Sí
104210,54,Biobío,Urbana,Prensa digital,8,61,1040000,Sí
104021,52,metropolitana,Urbana,Televisión,5,60,480000,Sí
104447,45,Biobío,Rural,Prensa digital,8,43,720000,Sí
104724,48,Metropolitana,Rural,Televisión,3,25,1130000,Sí
101148,52,Metropolitana,Urbana,Redes sociales,7,23,1260000,Sí
100444,28,Maule,Urbana,Prensa digital,7,60,300000,Sí
104119,70,Valparaíso,Rural,Redes sociales,8,49,2230000,Sí
101962,57,O'Higgins,Urbana,Televisión,8,54,780000,Sí
103443,41,Valparaíso,Urbana,Redes sociales,10,19,690000,Sí
103942,70,Metropolitana,Urbana,Televisión,9,54,750000,Sí
102240,24,Maule,Urbana,Televisión,10,39,280000,Sí
102592,36,Metropolitana,Urbana,Redes sociales,2,16,440000,Sí
103811,53,Coquimbo,Urbana,Redes sociales,10,41,1400000,Sí
103328,,Coquimbo,Urbana,Radio,8,24,510000,Sí
102192,45,Valparaíso,Rural,Televisión,8,20,1300000,Sí
103009,40,Coquimbo,Rural,Prensa digital,5,53,530000,Sí
104599,24,Metropolitana,Urbana,Televisión,6,33,970000,Sí
102952,45,Metropolitana,Rural,Televisión,10,75,1490000,Sí
103456,,Biobío,Urbana,Redes sociales,4,63,670000,Sí
101480,57,Metropolitana,Urbana,Televisión,3,40,600000,Sí
102549,48,Maule,Urbana,Redes sociales,2,34,280000,No
104113,46,Coquimbo,Urbana,Redes sociales,5,34,310000,No
103092,71,Metropolitana,Urbana,Radio,9,51,1450000,No
100230,59,Maule,Rural,Televisión,4,96,550000,Sí
103031,43,Coquimbo,Rural,Prensa digital,4,51,740000,Sí
103844,60,METROPOLITANA,Urbana,Redes sociales,8,65,720000,Sí
102107,52,Maule,Urbana,Televisión,1,45,500000,No
100907,39,Metropolitana,Rural,Televisión,4,46,650000,Sí
102081,29,Valparaíso,Urbana,Televisión,4,54,750000,Sí
104728,34,Valparaíso,Rural,Radio,9,17,430000,No
100581,21,Biobío,Rural,Televisión,3,65,1490000,No
101889,81,Biobío,Urbana,Radio,10,52,4320000,No
102559,50,Biobío,Urbana,Redes sociales,5,31,2130000,No
101764,47,Valparaíso,Urbana,Redes sociales,2,53,1360000,No
104523,22,Maule,Urbana,Redes sociales,8,51,400000,Sí
103331,78,Metropolitana,Rural,Redes sociales,5,36,1510000,Sí
103917,76,Metropolitana,Rural,Redes sociales,5,91,1050000,Sí
103163,52,Metropolitana,Urbana,Radio,5,28,1430000,Sí
100749,44,Metropolitana,Rural,Televisión,8,42,1310000,Sí
102674,,Metropolitana,Urbana,Redes sociales,3,36,2500000,No
103984,31,Valparaíso,Urbana,Prensa digital,9,49,1370000,Sí
103470,42,Valparaíso,Rural,Televisión,1,46,1210000,Sí
102641,18,Valparaíso,Urbana,Televisión,10,31,1410000,No
100894,60,Biobío,Rural,Redes sociales,2,64,510000,Sí
101594,54,O'Higgins,Rural,Prensa digital,2,49,730000,Sí
103391,30,Metropolitana,Urbana,Televisión,2,51,620000,No
101955,,Metropolitana,Urbana,Televisión,4,56,2470000,Sí
101056,45,Metropolitana,Urbana,Redes sociales,2,25,500000,No
102049,50,Coquimbo,Urbana,Redes sociales,10,72,1100000,Sí
101228,73,Valparaíso,Urbana,Redes sociales,2,14,540000,Sí
101646,37,Valparaíso,Urbana,Televisión,10,62,1650000,Sí
100408,,Coquimbo,Rural,Prensa digital,7,4,700000,Sí
101691,60,Metropolitana,Urbana,Redes sociales,4,25,750000,No
103937,,Metropolitana,Urbana,Redes sociales,2,27,280000,Sí
103181,29,Coquimbo,Urbana,Redes sociales,5,25,770000,Sí
102382,56,Metropolitana,Urbana,Prensa digital,4,43,870000,Sí
100558,34,Metropolitana,Urbana,Redes sociales,7,56,490000,Sí
100325,42,Biobío,Urbana,Televisión,7,68,1960000,No
102817,53,Metropolitana,Urbana,Televisión,4,54,1060000,No
101127,46,Metropolitana,Urbana,Prensa digital,9,60,310000,No
102844,33,Biobío,Urbana,Televisión,5,49,760000,Sí
103594,64,Metropolitana,Rural,Prensa digital,2,34,510000,Sí
103698,36,Metropolitana,Urbana,Televisión,10,68,1440000,No
102408,43,Valparaíso,Rural,Televisión,3,59,620000,Sí
100394,23,Coquimbo,Rural,Prensa digital,9,16,290000,Sí
103185,33,Metropolitana,Rural,Prensa digital,3,52,970000,Sí
103139,50,Metropolitana,Urbana,Televisión,5,53,2550000,Sí
103253,30,Metropolitana,Urbana,Televisión,8,30,710000,Sí
103275,42,Metropolitana,Urbana,Redes sociales,9,44,380000,Sí
101692,69,Metropolitana,Urbana,Redes sociales,5,46,900000,Sí
102115,34,Metropolitana,Urbana,Redes sociales,10,52,1730000,No
102130,19,Metropolitana,Urbana,Televisión,7,49,1500000,Sí
102374,55,Biobío,Urbana,Redes sociales,9,48,2840000,Sí
101983,76,Biobío,Urbana,Redes sociales,3,44,680000,No
103543,,Metropolitana,Urbana,Televisión,9,61,2080000,No
103797,35,Valparaíso,Rural,Redes sociales,2,37,280000,Sí
102426,40,Valparaíso,Urbana,Redes sociales,10,65,1430000,Sí
100768,,Coquimbo,Urbana,Televisión,10,40,1000000,Sí
100116,30,Metropolitana,Urbana,Redes sociales,2,65,500000,Sí
100945,63,O'Higgins,Rural,Redes sociales,9,40,280000,Sí
104356,34,Coquimbo,Urbana,Radio,6,46,280000,Sí
104757,51,Biobío,Urbana,Prensa digital,4,29,540000,Sí
100181,42,O'Higgins,Urbana,Redes sociales,8,24,360000,Sí
102648,49,Valparaíso,Urbana,Redes sociales,8,80,850000,No
102335,,Metropolitana,Urbana,Prensa digital,5,32,3070000,Sí
100911,33,Metropolitana,Rural,Televisión,5,67,400000,Sí
100071,46,Metropolitana,Urbana,Prensa digital,2,40,1060000,No
101641,74,Coquimbo,Urbana,Redes sociales,4,55,620000,Sí
101758,43,O'Higgins,Urbana,Redes sociales,5,47,360000,Sí
102562,46,O'Higgins,Urbana,Prensa digital,5,60,520000,No
100401,37,Metropolitana,Rural,Radio,2,33,1110000,Sí
102905,39,Maule,Rural,Redes sociales,3,44,550000,Sí
103450,48,O'Higgins,Urbana,Prensa digital,2,48,1070000,No
101652,68,O'Higgins,Urbana,Redes sociales,10,71,420000,No
104441,26,Maule,Urbana,Redes sociales,4,28,990000,Sí
104446,30,Metropolitana,Urbana,Redes sociales,5,25,1510000,Sí
103853,53,Biobío,Urbana,Prensa digital,8,67,960000,No
103921,48,Coquimbo,Urbana,Radio,5,39,2140000,Sí
100643,36,Maule,Urbana,Radio,6,38,870000,No
104069,52,Metropolitana,Urbana,Televisión,9,27,610000,Sí
104477,31,Metropolitana,Urbana,Redes sociales,5,58,930000,No
102288,20,Metropolitana,Urbana,Televisión,4,45,590000,Sí
102773,38,O'Higgins,Urbana,Radio,5,68,1540000,No
103775,52,Metropolitana,Urbana,Redes sociales,6,33,900000,No
101053,28,Metropolitana,Urbana,Prensa digital,5,39,540000,Sí
102777,37,Biobío,Urbana,Televisión,8,63,470000,Sí
100962,34,Metropolitana,Urbana,Prensa digital,9,35,360000,No
101843,47,Biobío,Urbana,Radio,5,60,1120000,No
100885,36,Biobío,Urbana,Televisión,10,37,610000,Sí
104516,39,Metropolitana,Rural,Prensa digital,2,33,1840000,Sí
102103,73,Biobío,Urbana,Redes sociales,9,62,2520000,Sí
104480,39,Metropolitana,Urbana,Redes sociales,10,33,310000,Sí
101409,41,Valparaíso,Urbana,Televisión,10,81,1030000,No
101814,22,METROPOLITANA,Urbana,Prensa digital,9,78,380000,Sí
102082,33,Coquimbo,Urbana,Televisión,7,44,1900000,Sí
104203,79,Metropolitana,Urbana,Redes sociales,8,71,570000,Sí
103300,,Maule,Urbana,Redes sociales,7,3,550000,Sí
101001,30,Biobío,Urbana,Redes sociales,9,18,670000,Sí
102785,51,Coquimbo,Urbana,Redes sociales,2,9,900000,Sí
102498,41,Metropolitana,Rural,Televisión,6,57,1020000,Sí
101546,65,Valparaíso,Urbana,Televisión,4,54,340000,Sí
104135,44,O'Higgins,Urbana,Televisión,7,16,1540000,No
103961,32,Metropolitana,Urbana,Televisión,3,79,900000,No
102121,49,Metropolitana,Urbana,Televisión,8,34,830000,Sí
102590,18,Metropolitana,Urbana,Redes sociales,8,44,360000,No
101347,65,Valparaíso,Urbana,Televisión,9,24,400000,No
101251,21,Metropolitana,Urbana,Redes sociales,1,27,330000,Sí
102771,46,Biobío,Urbana,Prensa digital,3,33,400000,No
101494,,Metropolitana,Urbana,Radio,3,37,390000,Sí
103619,21,Metropolitana,Urbana,Televisión,5,32,4370000,Sí
102021,41,Valparaíso,Urbana,Prensa digital,8,35,670000,No
100090,42,METROPOLITANA,Urbana,Redes sociales,10,36,1000000,No
102631,51,Coquimbo,Rural,Prensa digital,7,13,400000,Sí
100686,50,Metropolitana,Urbana,Redes sociales,5,43,340000,Sí
104245,36,Metropolitana,Urbana,Televisión,7,40,380000,Sí
104874,39,Metropolitana,Urbana,Televisión,5,57,2160000,No
102284,48,Coquimbo,Urbana,Radio,7,83,1380000,Sí
100123,55,Metropolitana,Urbana,Redes sociales,5,40,580000,Sí
100846,65,Coquimbo,Rural,Radio,8,27,1320000,Sí
100619,55,Metropolitana,Rural,Televisión,3,57,1490000,No
100807,72,Metropolitana,Urbana,Redes sociales,7,48,1060000,No
104275,43,Metropolitana,Urbana,Radio,6,27,1250000,Sí
100798,38,O'Higgins,Rural,Televisión,10,23,1100000,No
104496,60,metropolitana,Urbana,Redes sociales,10,45,650000,Sí
100420,37,Metropolitana,Urbana,Televisión,6,57,740000,Sí
101021,18,Metropolitana,Urbana,Televisión,5,14,280000,Sí
101472,64,Metropolitana,Urbana,Radio,9,63,570000,Sí
103748,58,Metropolitana,Urbana,Televisión,7,31,720000,Sí
102380,50,Maule,Urbana,Radio,10,29,420000,Sí
103582,26,Valparaíso,Urbana,Televisión,5,58,280000,Sí
101643,45,Metropolitana,Urbana,Redes sociales,6,37,1120000,Sí
101270,41,Metropolitana,Urbana,Redes sociales,3,41,1360000,Sí
102419,50,Metropolitana,Urbana,Redes sociales,9,62,590000,No
100261,,Coquimbo,Urbana,Prensa digital,6,48,490000,Sí
103724,49,Valparaíso,Rural,Prensa digital,3,26,680000,Sí
101070,,Metropolitana,Rural,Radio,1,64,1550000,Sí
103664,48,Maule,Rural,Prensa digital,10,38,360000,Sí
102861,29,Biobío,Urbana,Redes sociales,3,44,960000,No
101721,44,Maule,Urbana,Redes sociales,9,40,1660000,Sí
104083,43,Biobío,Urbana,Radio,6,57,870000,Sí
104548,48,O'Higgins,Urbana,Redes sociales,1,26,520000,Sí
100439,47,Metropolitana,Urbana,Televisión,9,41,850000,No
103005,58,Coquimbo,Urbana,Radio,6,33,400000,Sí
103537,37,Maule,Rural,Redes sociales,4,27,1020000,Sí
102016,41,Metropolitana,Urbana,Prensa digital,7,26,580000,Sí
104307,33,O'Higgins,Urbana,Prensa digital,7,35,310000,Sí
100315,74,O'Higgins,Rural,Redes sociales,4,61,420000,Sí
100518,69,Coquimbo,Rural,Televisión,3,33,1290000,Sí
104068,47,Metropolitana,Urbana,Radio,7,22,960000,Sí
101519,35,Metropolitana,Urbana,Redes sociales,7,49,720000,Sí
102521,37,Metropolitana,Urbana,Redes sociales,4,49,1110000,Sí
104655,61,Valparaíso,Urbana,Redes sociales,7,56,470000,No
104647,68,Metropolitana,Urbana,Redes sociales,9,14,1130000,Sí
103499,66,Maule,Urbana,Radio,7,54,620000,Sí
101893,60,Metropolitana,Urbana,Televisión,10,24,310000,Sí
100042,33,Metropolitana,Urbana,Televisión,7,28,1970000,No
103071,47, Coquimbo ,Rural,Radio,10,80,740000,Sí
102131,41,Metropolitana,Urbana,Prensa digital,2,53,1160000,Sí
103468,43,Valparaíso,Rural,Televisión,5,50,1800000,Sí
103979,64,Metropolitana,Urbana,Redes sociales,8,54,510000,No
103944,41,Maule,Urbana,Prensa digital,6,21,1380000,No
103549,68,Maule,Urbana,Prensa digital,7,30,420000,Sí
102708,20,Metropolitana,Urbana,Redes sociales,10,38,2140000,No
104878,38,Valparaíso,Urbana,Radio,8,57,670000,Sí
104563,42,Valparaíso,Urbana,Redes sociales,2,52,2550000,Sí
101168,69,Metropolitana,Urbana,Redes sociales,3,46,1200000,Sí
104545,49,Valparaíso,Urbana,Televisión,7,32,450000,Sí
103346,46,Coquimbo,Urbana,Radio,7,31,1230000,Sí
104918,32,Metropolitana,Urbana,Prensa digital,8,78,660000,Sí
100514,39,Coquimbo,Urbana,Redes sociales,9,61,1320000,Sí
100410,47,Metropolitana,Rural,Redes sociales,10,42,840000,No
100198,48,Valparaíso,Rural,Redes sociales,2,60,280000,Sí
100753,71,Metropolitana,Rural,Televisión,5,69,860000,No
100051,61,Metropolitana,Rural,Prensa digital,9,63,660000,Sí
103889,44,Maule,Rural,Redes sociales,2,7,800000,Sí
101029,69,Coquimbo,Urbana,Radio,6,69,830000,No
102632,78,Biobío,Rural,Televisión,8,48,530000,No
103014,58,Metropolitana,Urbana,Televisión,8,4,1110000,Sí
101595,79,Metropolitana,Urbana,Prensa digital,9,47,1410000,Sí
103061,81,Metropolitana,Urbana,Prensa digital,8,66,670000,Sí
103899,67,Maule,Urbana,Televisión,1,66,1290000,Sí
100278,34,Biobío,Urbana,Redes sociales,10,68,560000,Sí
100985,42,Biobío,Rural,Radio,2,64,980000,Sí
102239,47,Metropolitana,Rural,Prensa digital,2,8,1720000,Sí
104115,,O'Higgins,Urbana,Televisión,10,56,580000,Sí
104211,22,Maule,Urbana,Redes sociales,8,79,1090000,Sí
102198,55,Maule,Urbana,Prensa digital,6,12,1360000,Sí
101520,38,Biobío,Urbana,Prensa digital,10,64,750000,Sí
101847,56,Maule,Urbana,Prensa digital,6,56,700000,No
103453,53,Metropolitana,Urbana,Radio,1,88,3710000,Sí
104839,31,Biobío,Rural,Redes sociales,1,60,350000,No
103794,23,Metropolitana,Urbana,Televisión,5,40,1120000,No
104438,47,Metropolitana,Urbana,Prensa digital,7,41,280000,No
103153,,Metropolitana,Urbana,Televisión,4,66,2670000,Sí
101993,29,Metropolitana,Urbana,Televisión,6,70,530000,No
103152,53,Metropolitana,Urbana,Redes sociales,1,62,860000,Sí
103621,,Metropolitana,Rural,Redes sociales,7,81,290000,No
100685,54,Biobío,Urbana,Televisión,1,72,970000,Sí
104782,34,Coquimbo,Urbana,Redes sociales,9,56,460000,Sí
100695,31,Coquimbo,Urbana,Prensa digital,9,54,810000,No
102079,56,Maule,Urbana,Redes sociales,4,44,1170000,Sí
103335,49,Coquimbo,Urbana,Televisión,5,51,920000,Sí
104399,72,Valparaíso,Urbana,Televisión,8,57,720000,Sí
101271,,Maule,Rural,Televisión,6,44,950000,Sí
100536,58,Maule,Urbana,Televisión,3,62,560000,Sí
100135,23,O'Higgins,Urbana,Televisión,10,36,360000,Sí
100650,35,Maule,Urbana,Radio,10,32,760000,Sí
101300,50,Metropolitana,Rural,Redes sociales,1,50,530000,Sí
103280,30,Valparaíso,Urbana,Prensa digital,5,57,540000,No
102211,37,Metropolitana,Rural,Redes sociales,5,38,700000,Sí
102655,49,Metropolitana,Urbana,Redes sociales,2,49,550000,Sí
100204,43,Metropolitana,Urbana,Televisión,1,69,350000,Sí
102995,44,Metropolitana,Urbana,Radio,2,11,770000,Sí
102060,31,Metropolitana,Urbana,Prensa digital,8,57,420000,Sí
102114,36,Coquimbo,Rural,Prensa digital,1,58,420000,Sí
103677,34,Metropolitana,Urbana,Redes sociales,7,81,1610000,No
104095,45,Coquimbo,Rural,Redes sociales,6,57,830000,Sí
103555,63,Valparaíso,Rural,Televisión,1,43,2140000,Sí
100464,34,O'Higgins,Rural,Radio,7,34,630000,No
101306,,Biobío,Rural,Redes sociales,5,47,520000,Sí
100909,70,Metropolitana,Urbana,Televisión,6,41,2300000,Sí
103918,46,Metropolitana,Urbana,Redes sociales,1,63,1010000,Sí
102656,41,O'Higgins,Urbana,Radio,6,68,690000,Sí
102133,,Valparaíso,Urbana,Redes sociales,3,51,1230000,Sí
102229,,Metropolitana,Urbana,Redes sociales,1,44,280000,Sí
101556,35,Valparaíso,Rural,Redes sociales,9,58,500000,No
104153,27,Metropolitana,Urbana,Redes sociales,5,27,950000,Sí
102812,75,Maule,Urbana,Prensa digital,5,18,1370000,Sí
103028,61,Metropolitana,Rural,Prensa digital,9,35,1700000,Sí
100751,37,Metropolitana,Urbana,Televisión,9,37,1080000,Sí
104708,50,Coquimbo,Urbana,Prensa digital,2,26,360000,Sí
100178,41,VALPARAÍSO,Rural,Televisión,8,31,360000,No
100728,69,Metropolitana,Urbana,Televisión,6,25,320000,Sí
102970,47,Metropolitana,Rural,Redes sociales,1,60,850000,No
103126,64,Metropolitana,Urbana,Redes sociales,6,25,770000,Sí
100573,29,Metropolitana,Urbana,Redes sociales,4,75,280000,Sí
101944,60,Coquimbo,Urbana,Redes sociales,7,42,550000,Sí
101612,35,Metropolitana,Urbana,Prensa digital,3,73,830000,No
103721,65,Metropolitana,Urbana,Televisión,9,68,500000,Sí
102852,44,Maule,Urbana,Televisión,5,53,370000,Sí
103909,58,Metropolitana,Urbana,Redes sociales,9,20,2240000,Sí
104129,,Valparaíso,Urbana,Televisión,4,67,980000,Sí
103191,42,Biobío,Urbana,Redes sociales,6,32,670000,Sí
101728,55,Coquimbo,Rural,Televisión,4,38,1180000,Sí
100215,65,Biobío,Urbana,Redes sociales,9,69,2000000,No
100385,73,Metropolitana,Urbana,Redes sociales,10,71,550000,Sí
103808,25,Biobío,Urbana,Televisión,4,61,770000,Sí
103982,61,O'Higgins,Urbana,Prensa digital,9,55,430000,Sí
101690,59,Valparaíso,Urbana,Televisión,4,39,830000,Sí
102490,33,Metropolitana,Urbana,Prensa digital,6,23,970000,No
100071,46,Metropolitana,Urbana,Prensa digital,2,40,1060000,No
102956,48,O'Higgins,Rural,Redes sociales,1,22,840000,Sí
103751,62,Biobío,Urbana,Televisión,2,45,600000,Sí
102100,58,Valparaíso,Urbana,Redes sociales,8,52,1000000,Sí
103286,64,Metropolitana,Urbana,Redes sociales,8,47,1080000,Sí
104357,42,Valparaíso,Urbana,Redes sociales,7,49,720000,Sí
102985,63,Valparaíso,Urbana,Prensa digital,6,62,820000,Sí
102499,44,O'Higgins,Rural,Redes sociales,3,49,1650000,Sí
101242,28,Coquimbo,Rural,Redes sociales,9,49,510000,No
101749,30,Coquimbo,Urbana,Prensa digital,1,23,2440000,No
101079,44,Metropolitana,Rural,Prensa digital,4,10,740000,No
100655,48,Valparaíso,Urbana,Redes sociales,2,31,840000,Sí
101387,33,Valparaíso,Urbana,Prensa digital,7,61,1050000,No
104864,30,Metropolitana,Urbana,Radio,10,41,750000,Sí
102822,36,Maule,Rural,Televisión,5,28,1340000,No
103315,48,Metropolitana,Urbana,Redes sociales,5,67,400000,Sí
104571,44,Metropolitana,Urbana,Prensa digital,1,84,810000,Sí
103718,69,Valparaíso,Urbana,Televisión,8,40,1090000,Sí
103119,74,Biobío,Rural,Prensa digital,1,52,770000,Sí
104821,44,Maule,Rural,Radio,7,36,280000,Sí
104752,37,Metropolitana,Urbana,Redes sociales,8,46,510000,No
103019,37,Metropolitana,Urbana,Televisión,9,73,420000,Sí
104439,,O'Higgins,Urbana,Prensa digital,10,23,630000,No
102996,56,Maule,Rural,Radio,7,46,820000,Sí
102630,55,Biobío,Urbana,Redes sociales,4,33,2260000,Sí
101605,32,Biobío,Rural,Prensa digital,10,40,540000,Sí
102484,42,O'Higgins,Rural,Prensa digital,2,57,2160000,No
100507,35,Metropolitana,Urbana,Redes sociales,9,55,790000,No
103051,55,Metropolitana,Urbana,Redes sociales,5,73,1450000,No
103790,72,Metropolitana,Urbana,Prensa digital,5,65,800000,Sí
101292,34,Biobío,Urbana,Radio,6,6,560000,No
104475,49,Metropolitana,Rural,Televisión,3,31,750000,No
101951,62,Metropolitana,Urbana,Radio,1,39,820000,Sí
101167,36,Maule,Urbana,Radio,4,41,1130000,No
101711,38,Coquimbo,Urbana,Televisión,5,48,530000,No
103587,33,Metropolitana,Urbana,Redes sociales,5,41,550000,Sí
104108,59,Valparaíso,Urbana,Radio,6,78,810000,Sí
103251,32,Valparaíso,Urbana,Televisión,8,76,630000,No
103334,51,Coquimbo,Urbana,Televisión,8,34,1200000,No
103792,,Coquimbo,Urbana,Prensa digital,9,87,550000,Sí
101057,63,Maule,Urbana,Televisión,7,35,950000,No
101894,40,Metropolitana,Urbana,Televisión,3,57,870000,Sí
102448,59,Valparaíso,Rural,Televisión,4,76,350000,Sí
100901,34,O'HIGGINS,Urbana,Prensa digital,1,12,1200000,Sí
102614,43,Coquimbo,Urbana,Prensa digital,6,31,1500000,Sí
104218,43,Biobío,Rural,Redes sociales,5,53,680000,Sí
104006,42,Valparaíso,Urbana,Redes sociales,7,57,1110000,No
101325,37,Coquimbo,Urbana,Prensa digital,4,56,1430000,Sí
103502,48,Metropolitana,Urbana,Prensa digital,1,24,520000,No
100872,54,Coquimbo,Urbana,Televisión,9,32,1270000,Sí
104755,39,Metropolitana,Urbana,Redes sociales,3,49,410000,No
102762,58,Maule,Urbana,Radio,1,33,820000,Sí
102091,51,Coquimbo,Urbana,Prensa digital,1,72,490000,No
100693,42,Metropolitana,Urbana,Redes sociales,3,54,900000,Sí
100442,36,Biobío,Rural,Prensa digital,6,81,820000,Sí
102255,49,Metropolitana,Rural,Televisión,10,39,1930000,Sí
103603,31,Coquimbo,Urbana,Televisión,9,71,1030000,No
104810,50,Biobío,Urbana,Redes sociales,9,48,540000,Sí
103102,67,Valparaíso,Urbana,Televisión,7,54,280000,Sí
101040,62,Metropolitana,Rural,Televisión,3,47,280000,Sí
103432,30,Biobío,Rural,Radio,8,82,520000,Sí
104684,50,Metropolitana,Urbana,Redes sociales,8,64,1580000,No
103426,28,Valparaíso,Urbana,Televisión,6,14,850000,Sí
101352,38,Metropolitana,Rural,Redes sociales,8,56,500000,Sí
103509,65,Metropolitana,Urbana,Televisión,5,8,560000,Sí
102353,44,Metropolitana,Urbana,Televisión,3,63,980000,No
103308,32,Metropolitana,Urbana,Prensa digital,1,30,980000,No
104631,67,Valparaíso,Urbana,Prensa digital,2,39,950000,No
103030,74,Valparaíso,Urbana,Televisión,4,21,1450000,Sí
103109,58,VALPARAÍSO,Urbana,Televisión,2,38,640000,Sí
103540,31,Biobío,Urbana,Redes sociales,9,54,590000,No
100782,57,Biobío,Urbana,Redes sociales,9,39,680000,Sí
101462,72,O'Higgins,Urbana,Redes sociales,6,30,1020000,Sí
101922,62,Biobío,Urbana,Redes sociales,10,27,1110000,Sí
102572,41,Biobío,Urbana,Televisión,5,30,510000,No
102527,35,Metropolitana,Urbana,Prensa digital,9,58,830000,Sí
103712,18,Metropolitana,Urbana,Redes sociales,7,34,2820000,No
100700,31,Metropolitana,Urbana,Redes sociales,2,44,820000,Sí
103861,42,Valparaíso,Rural,Redes sociales,8,61,950000,Sí
104665,37,Metropolitana,Urbana,Televisión,5,54,800000,No
101767,27,Metropolitana,Urbana,Redes sociales,1,47,330000,No
100350,63,Valparaíso,Urbana,Prensa digital,2,27,2490000,Sí
100086,,Metropolitana,Rural,Televisión,3,46,860000,Sí
100126,53,Biobío,Urbana,Prensa digital,3,36,820000,Sí
103316,58,Coquimbo,Urbana,Radio,2,60,540000,Sí
102023,58,O'Higgins,Urbana,Televisión,8,36,820000,Sí
101177,39,Metropolitana,Urbana,Televisión,2,41,1430000,Sí
101049,41,Maule,Urbana,Radio,6,38,1400000,No
102474,37,coquimbo,Urbana,Prensa digital,2,33,420000,Sí
101432,28,O'Higgins,Urbana,Prensa digital,3,60,850000,No
100349,29, Coquimbo ,Urbana,Redes sociales,6,8,1190000,No
101051,29,Metropolitana,Urbana,Televisión,6,23,860000,Sí
103627,42,Valparaíso,Urbana,Prensa digital,6,52,470000,Sí
101600,47,Maule,Rural,Televisión,5,75,490000,Sí
103803,65,Metropolitana,Rural,Televisión,1,34,620000,No
100859,54,Metropolitana,Urbana,Prensa digital,3,59,1010000,Sí
101673,58,Coquimbo,Rural,Televisión,6,65,650000,Sí
101176,51,Metropolitana,Urbana,Prensa digital,10,18,1280000,Sí
102619,72,Metropolitana,Urbana,Redes sociales,9,38,550000,Sí
100958,41,Valparaíso,Urbana,Redes sociales,8,76,910000,No
101101,22,Metropolitana,Urbana,Televisión,10,58,1320000,Sí
101897,54,Metropolitana,Urbana,Televisión,3,59,280000,Sí
100348,25,O'Higgins,Urbana,Televisión,3,52,340000,No
102898,40,Valparaíso,Urbana,Televisión,3,46,720000,No
103325,61,Metropolitana,Rural,Prensa digital,8,20,970000,No
102903,,Maule,Urbana,Televisión,1,24,1190000,Sí
103521,28,Metropolitana,Urbana,Televisión,7,60,710000,Sí
101568,44,Metropolitana,Urbana,Redes sociales,5,88,340000,No
101875,38,O'Higgins,Urbana,Radio,7,16,700000,Sí
104393,56,Metropolitana,Rural,Televisión,9,31,490000,Sí
103267,31,O'Higgins,Urbana,Radio,10,14,480000,No
103168,76,Valparaíso,Rural,Radio,9,47,1080000,Sí
103464,,Valparaíso,Urbana,Televisión,4,51,590000,No
102675,73,Valparaíso,Rural,Radio,8,32,750000,Sí
101066,41,O'Higgins,Urbana,Prensa digital,1,52,280000,Sí
100538,73,Metropolitana,Urbana,Prensa digital,9,63,1110000,Sí
103372,41,Biobío,Urbana,Redes sociales,5,56,950000,Sí
104340,46,Biobío,Urbana,Prensa digital,4,51,2250000,Sí
102621,30,Valparaíso,Urbana,Televisión,10,72,340000,No
100490,40,Maule,Urbana,Radio,10,62,1510000,Sí
104871,32,Metropolitana,Urbana,Prensa digital,3,28,1070000,Sí
103518,53,Valparaíso,Urbana,Radio,6,24,280000,Sí
100712,25,Metropolitana,Urbana,Televisión,10,91,510000,Sí
104679,64,Metropolitana,Urbana,Redes sociales,1,58,1070000,Sí
104532,53,Metropolitana,Urbana,Prensa digital,7,71,1640000,No
101703,38,Metropolitana,Rural,Prensa digital,9,64,1330000,Sí
101058,62,Metropolitana,Urbana,Radio,8,34,500000,Sí
103242,69,Biobío,Urbana,Prensa digital,9,39,980000,Sí
102768,20,Valparaíso,Urbana,Prensa digital,9,29,430000,Sí
101479,55, O'Higgins ,Urbana,Televisión,7,56,870000,Sí
104431,41,Valparaíso,Rural,Televisión,4,51,350000,Sí
100647,48,METROPOLITANA,Urbana,Redes sociales,3,45,630000,No
102203,65,Valparaíso,Urbana,Prensa digital,3,52,640000,Sí
101435,29,Valparaíso,Urbana,Televisión,4,44,920000,Sí
103161,,Metropolitana,Urbana,Televisión,8,44,1040000,Sí
101658,24,Metropolitana,Urbana,Radio,8,67,610000,Sí
103542,44,Metropolitana,Urbana,Prensa digital,9,40,470000,No
104383,35,Maule,Urbana,Televisión,2,60,1180000,No
100545,70,Coquimbo,Urbana,Televisión,2,30,2960000,Sí
101730,57,Metropolitana,Urbana,Radio,1,44,280000,No
101676,28,MAULE,Urbana,Prensa digital,9,48,900000,Sí
103207,34,metropolitana,Urbana,Redes sociales,8,60,2290000,Sí
100641,39,Metropolitana,Urbana,Redes sociales,8,43,620000,Sí
100095,40,Maule,Urbana,Prensa digital,5,45,2590000,Sí
101379,29,Metropolitana,Rural,Televisión,8,34,1150000,Sí
104895,39,Biobío,Urbana,Redes sociales,8,51,970000,No
101344,49,Metropolitana,Rural,Prensa digital,4,53,280000,Sí
101211,36,Metropolitana,Rural,Televisión,5,60,350000,No
104707,76,Metropolitana,Urbana,Radio,10,15,400000,Sí
100842,26,maule,Urbana,Prensa digital,3,43,3780000,Sí
103810,34,Biobío,Urbana,Redes sociales,5,36,430000,Sí
100182,43,Metropolitana,Rural,Redes sociales,1,31,440000,Sí
100529,47, Maule ,Urbana,Redes sociales,9,66,530000,Sí
103480,47,Valparaíso,Rural,Televisión,9,59,1810000,No
102808,68,Metropolitana,Urbana,Radio,5,50,1140000,Sí
102755,35,Biobío,Urbana,Televisión,3,31,480000,Sí
103720,70,Coquimbo,Urbana,Radio,2,32,320000,Sí
103952,55,Metropolitana,Urbana,Radio,4,46,760000,Sí
101204,63,Metropolitana,Urbana,Prensa digital,7,55,560000,No
104215,53,O'Higgins,Urbana,Radio,2,9,1850000,No
100264,65,Coquimbo,Rural,Prensa digital,8,75,690000,Sí
101664,37,Biobío,Urbana,Televisión,10,62,2140000,Sí
102483,52,Coquimbo,Urbana,Televisión,8,41,830000,Sí
104033,57,Biobío,Rural,Redes sociales,6,51,1030000,Sí
101794,62,Valparaíso,Rural,Radio,9,59,520000,Sí
102305,46,Metropolitana,Urbana,Redes sociales,5,23,2900000,No
101336,50,Metropolitana,Urbana,Televisión,6,54,790000,Sí
103586,66,Valparaíso,Urbana,Televisión,9,34,1650000,No
104542,57,Metropolitana,Urbana,Redes sociales,8,39,1330000,No
101147,50,Biobío,Urbana,Televisión,7,72,1390000,Sí
104325,74,O'Higgins,Urbana,Prensa digital,8,58,1130000,No
101382,49,Valparaíso,Urbana,Radio,9,79,530000,Sí
100919,53,Biobío,Urbana,Prensa digital,9,4,2390000,Sí
102541,49,Maule,Urbana,Televisión,4,55,2130000,No
102679,45,Biobío,Urbana,Televisión,8,45,1110000,Sí
100419,55,Valparaíso,Rural,Prensa digital,5,25,900000,Sí
100317,53,Metropolitana,Urbana,Redes sociales,3,14,690000,Sí
102874,43,Coquimbo,Rural,Televisión,7,24,1430000,No
100520,61,O'Higgins,Rural,Redes sociales,9,47,1160000,Sí
101474,43,Valparaíso,Urbana,Redes sociales,8,9,1890000,No
101772,42,O'Higgins,Urbana,Redes sociales,1,58,740000,Sí
102391,29,Biobío,Urbana,Redes sociales,2,51,720000,Sí
101385,69,Valparaíso,Urbana,Televisión,10,64,840000,No
101662,27,O'Higgins,Urbana,Radio,7,60,1790000,Sí
101374,25,Valparaíso,Urbana,Redes sociales,10,30,1350000,No
100289,41,Coquimbo,Rural,Redes sociales,2,13,1100000,No
100214,26,Valparaíso,Urbana,Televisión,8,56,490000,No
100789,50,Valparaíso,Urbana,Radio,4,45,1800000,Sí
103075,30,Metropolitana,Urbana,Televisión,1,23,430000,No
104508,67,Valparaíso,Urbana,Televisión,10,28,1250000,No
102013,32,Metropolitana,Rural,Prensa digital,3,10,850000,Sí
102604,49,Coquimbo,Rural,Televisión,7,47,310000,Sí
102965,53,Valparaíso,Urbana,Televisión,2,60,330000,Sí
101621,32,Biobío,Urbana,Redes sociales,10,50,930000,No
103786,76,Coquimbo,Urbana,Prensa digital,4,63,330000,No
104920,70,Coquimbo,Urbana,Redes sociales,4,82,360000,Sí
102309,64,Maule,Rural,Televisión,2,41,440000,No
104090,48,Valparaíso,Urbana,Redes sociales,8,50,520000,Sí
103705,48,O'Higgins,Urbana,Prensa digital,7,35,1330000,Sí
103292,61,Valparaíso,Urbana,Radio,5,17,800000,No
100176,47,O'Higgins,Rural,Prensa digital,5,27,740000,Sí
103879,31,O'Higgins,Urbana,Redes sociales,3,74,1030000,Sí
103469,,O'Higgins,Rural,Redes sociales,8,9,280000,Sí
102071,68,Metropolitana,Urbana,Televisión,9,27,600000,Sí
104352,69,Metropolitana,Rural,Televisión,2,10,1040000,Sí
104262,36,Metropolitana,Urbana,Redes sociales,2,55,280000,No
103329,55,Maule,Urbana,Radio,8,40,530000,Sí
101830,38,Maule,Urbana,Redes sociales,3,36,460000,Sí
101890,54,Biobío,Urbana,Redes sociales,1,15,780000,Sí
100477,32,Metropolitana,Urbana,Prensa digital,4,12,1460000,Sí
102801,67,Metropolitana,Urbana,Radio,1,64,1580000,Sí
100179,72,Metropolitana,Urbana,Televisión,7,45,320000,Sí
101565,58,Biobío,Urbana,Televisión,3,41,610000,Sí
104461,68,Metropolitana,Urbana,Televisión,10,72,1190000,Sí
102900,47,Metropolitana,Urbana,Prensa digital,6,52,910000,No
100216,42,Coquimbo,Urbana,Redes sociales,1,38,1040000,Sí
104842,66,Metropolitana,Rural,Redes sociales,2,36,320000,Sí
103902,61,Metropolitana,Urbana,Radio,6,8,460000,Sí
104397,69,Metropolitana,Urbana,Radio,9,36,440000,Sí
102431,49,Metropolitana,Urbana,Prensa digital,8,53,700000,No
100499,46,Metropolitana,Urbana,Prensa digital,10,25,700000,Sí
100523,70,O'Higgins,Urbana,Prensa digital,1,40,1280000,Sí
101351,57,Metropolitana,Rural,Televisión,7,43,610000,No
103511,74,O'Higgins,Urbana,Redes sociales,5,36,320000,Sí
102310,,Biobío,Urbana,Televisión,6,66,1370000,Sí
101966,69,Metropolitana,Urbana,Prensa digital,4,52,500000,No
100645,67,Maule,Rural,Televisión,2,65,1000000,No
103430,43,Maule,Rural,Radio,10,38,450000,Sí
101194,33,Coquimbo,Urbana,Radio,4,40,610000,Sí
104552,31,Metropolitana,Rural,Redes sociales,5,49,370000,Sí
104139,38,Maule,Urbana,Redes sociales,6,36,740000,Sí
102300,65,Metropolitana,Rural,Redes sociales,8,40,1180000,Sí
102293,32,Metropolitana,Rural,Redes sociales,2,43,570000,Sí
101013,65,Biobío,Rural,Redes sociales,2,42,670000,No
104685,30,Metropolitana,Urbana,Prensa digital,3,17,1670000,Sí
101989,72,Valparaíso,Urbana,Redes sociales,1,69,280000,No
100609,69,Metropolitana,Urbana,Redes sociales,8,53,660000,Sí
101201,43,Metropolitana,Urbana,Prensa digital,6,64,2610000,Sí
102161,47,Metropolitana,Urbana,Prensa digital,6,52,1130000,Sí
101264,32,metropolitana,Urbana,Prensa digital,10,28,520000,No
101844,59,Maule,Urbana,Prensa digital,4,32,860000,Sí
103159,42,Biobío,Urbana,Televisión,5,37,1450000,Sí
101578,43,Valparaíso,Urbana,Televisión,6,40,290000,Sí
101770,53,Biobío,Urbana,Televisión,5,39,660000,Sí
100259,63,Coquimbo,Urbana,Redes sociales,3,37,290000,Sí
103111,52,Coquimbo,Urbana,Redes sociales,9,69,4780000,No
104361,35,Metropolitana,Rural,Televisión,3,18,2430000,No
101720,68,Valparaíso,Urbana,Televisión,6,39,410000,Sí
101272,50,Metropolitana,Urbana,Redes sociales,10,59,1580000,Sí
101799,27,Valparaíso,Urbana,Televisión,4,29,760000,Sí
100060,64,Metropolitana,Urbana,Radio,4,30,670000,Sí
100758,47,Biobío,Urbana,Radio,9,59,570000,No
104745,33,Metropolitana,Rural,Prensa digital,8,73,280000,Sí
103519,67,Biobío,Urbana,Prensa digital,9,44,610000,Sí
102451,23,Metropolitana,Rural,Redes sociales,2,57,1190000,No
103634,42,Biobío,Urbana,Televisión,10,44,470000,Sí
100786,44,Metropolitana,Urbana,Prensa digital,6,37,460000,No
101829,,Metropolitana,Urbana,Televisión,9,22,770000,Sí
102867,36,Metropolitana,Urbana,Prensa digital,5,39,1490000,Sí
102791,57,Metropolitana,Rural,Televisión,2,32,860000,Sí
101741,69,Metropolitana,Urbana,Redes sociales,9,57,830000,Sí
104873,51,Biobío,Urbana,Prensa digital,4,90,1230000,Sí
101541,45,Maule,Urbana,Prensa digital,4,28,880000,No
102885,39,Biobío,Urbana,Prensa digital,2,65,520000,Sí
104609,30,Biobío,Rural,Prensa digital,1,49,490000,Sí
100587,60,Coquimbo,Urbana,Redes sociales,8,58,1060000,No
101164,19,Metropolitana,Urbana,Redes sociales,1,58,3060000,Sí
102537,53,Metropolitana,Urbana,Prensa digital,6,33,840000,Sí
104731,44,Biobío,Rural,Redes sociales,2,14,380000,Sí
103070,68,Valparaíso,Rural,Redes sociales,3,55,1730000,Sí
104850,57,Coquimbo,Urbana,Prensa digital,7,34,470000,Sí
100396,80,Metropolitana,Urbana,Radio,10,42,700000,Sí
101932,61,Biobío,Urbana,Redes sociales,4,56,450000,Sí
103211,32,Metropolitana,Rural,Redes sociales,7,74,2010000,No
102165,54,Metropolitana,Urbana,Redes sociales,5,58,520000,Sí
104583,36,Maule,Urbana,Redes sociales,7,55,1120000,Sí
100347,70,Metropolitana,Urbana,Redes sociales,3,57,2420000,Sí
101259,54,Metropolitana,Urbana,Televisión,8,73,280000,Sí
103359,66,Coquimbo,Urbana,Radio,10,7,660000,Sí
102452,59,Metropolitana,Rural,Televisión,9,69,1360000,No
104003,24,Valparaíso,Urbana,Redes sociales,4,49,430000,No
101198,,Coquimbo,Urbana,Redes sociales,2,48,620000,No
101888,18,Biobío,Urbana,Prensa digital,1,27,660000,Sí
101370,33,Metropolitana,Urbana,Televisión,5,84,690000,No
102239,47,Metropolitana,Rural,Prensa digital,2,8,1720000,Sí
104318,73,Metropolitana,Rural,Televisión,4,70,750000,No
104867,57,Metropolitana,Rural,Televisión,9,32,810000,No
104455,51, Biobío ,Urbana,Prensa digital,7,54,1040000,Sí
104394,35,Valparaíso,Urbana,Prensa digital,8,63,1060000,Sí
100446,29,Metropolitana,Urbana,Prensa digital,6,51,410000,Sí
101554,44,Valparaíso,Urbana,Prensa digital,8,63,1240000,Sí
103818,63,Metropolitana,Urbana,Redes sociales,10,26,1110000,Sí
101026,74,Coquimbo,Urbana,Prensa digital,3,65,550000,Sí
101817,72,Metropolitana,Urbana,Redes sociales,2,39,970000,No
104152,,Maule,Urbana,Prensa digital,6,54,800000,No
104151,,Metropolitana,Urbana,Redes sociales,8,65,980000,Sí
100808,38,Coquimbo,Urbana,Radio,6,26,880000,Sí
103550,52,Biobío,Rural,Televisión,7,65,620000,No
100473,30,Metropolitana,Rural,Prensa digital,3,37,1300000,No
103410,35,Metropolitana,Rural,Redes sociales,1,71,1630000,No
103217,39,Maule,Rural,Redes sociales,9,55,1260000,No
102346,36,Maule,Rural,Redes sociales,8,77,1150000,No
100904,34,Metropolitana,Rural,Radio,8,49,1020000,No
103289,65,Metropolitana,Urbana,Prensa digital,7,35,540000,No
100997,51,Metropolitana,Rural,Televisión,7,40,1190000,Sí
101138,60,Metropolitana,Urbana,Radio,3,33,1050000,No
101995,51,O'Higgins,Urbana,Radio,10,21,900000,Sí
104089,28,Metropolitana,Rural,Televisión,2,71,280000,Sí
100368,,Maule,Urbana,Prensa digital,4,36,860000,Sí
102757,43,Valparaíso,Urbana,Redes sociales,5,68,2070000,Sí
104797,56,Valparaíso,Rural,Redes sociales,9,30,280000,Sí
100295,41,Coquimbo,Rural,Redes sociales,9,54,520000,No
100862,52,Maule,Urbana,Prensa digital,3,26,1270000,Sí
101267,41,Metropolitana,Urbana,Redes sociales,9,36,1300000,No
101111,39,Metropolitana,Urbana,Prensa digital,6,67,830000,Sí
101618,66,Metropolitana,Urbana,Prensa digital,4,46,950000,Sí
100613,41,Metropolitana,Urbana,Redes sociales,2,56,660000,Sí
104146,65,Coquimbo,Urbana,Televisión,1,32,950000,No
104107,62,Biobío,Urbana,Prensa digital,1,14,1030000,Sí
102766,57,Metropolitana,Urbana,Prensa digital,10,43,400000,No
102243,34,Metropolitana,Urbana,Televisión,2,35,570000,Sí
100131,33,Valparaíso,Urbana,Redes sociales,7,39,910000,No
102850,36,Metropolitana,Urbana,Redes sociales,6,65,840000,Sí
102224,43,Coquimbo,Urbana,Televisión,1,64,2760000,Sí
101219,43,Biobío,Urbana,Televisión,7,16,4020000,Sí
103412,,Metropolitana,Urbana,Radio,6,47,440000,Sí
102367,35,Valparaíso,Rural,Radio,4,44,380000,No
103887,36,Maule,Rural,Radio,9,56,280000,No
101551,,Coquimbo,Urbana,Redes sociales,9,61,2390000,Sí
100103,63,O'Higgins,Urbana,Prensa digital,1,32,510000,Sí
102183,60,O'Higgins,Urbana,Redes sociales,7,20,800000,Sí
102820,57,O'Higgins,Rural,Televisión,2,56,530000,Sí
100333,46,Metropolitana,Rural,Radio,7,68,510000,No
104716,18,Metropolitana,Urbana,Televisión,8,43,1590000,No
104804,42,Biobío,Urbana,Redes sociales,10,17,280000,No
102853,41,Metropolitana,Urbana,Prensa digital,3,81,1420000,Sí
100694,68,Coquimbo,Rural,Redes sociales,5,35,1200000,Sí
103488,56,Metropolitana,Rural,Redes sociales,10,33,2050000,No
101639,24,Biobío,Rural,Redes sociales,1,62,400000,No
104440,40,Metropolitana,Urbana,Televisión,9,43,970000,Sí
102475,48,Valparaíso,Urbana,Televisión,1,42,2670000,No
102644,43,O'Higgins,Urbana,Redes sociales,7,57,1760000,Sí
102838,39,Metropolitana,Urbana,Radio,9,67,1310000,Sí
102749,41,Metropolitana,Urbana,Televisión,1,60,1510000,Sí
101980,41,Valparaíso,Urbana,Prensa digital,8,13,1750000,Sí
100811,70,Biobío,Rural,Televisión,2,59,620000,Sí
102403,32,Maule,Urbana,Televisión,1,47,550000,Sí
100402,34,Metropolitana,Urbana,Prensa digital,5,44,840000,Sí
101109,72,BIOBÍO,Urbana,Radio,5,63,400000,Sí
104007,30,Metropolitana,Urbana,Radio,4,71,440000,Sí
104903,55,Coquimbo,Rural,Prensa digital,4,31,430000,No
104648,61,Metropolitana,Urbana,Prensa digital,2,55,1000000,No
101222,71,O'Higgins,Urbana,Redes sociales,4,87,2060000,Sí
102780,29,Maule,Urbana,Prensa digital,6,65,1160000,Sí
102929,38,Metropolitana,Urbana,Televisión,3,50,1380000,Sí
103927,53,Metropolitana,Urbana,Redes sociales,3,32,1610000,Sí
103752,33,Valparaíso,Urbana,Redes sociales,5,70,780000,Sí
104808,43,Maule,Urbana,Redes sociales,3,44,910000,Sí
101747,72,Metropolitana,Urbana,Redes sociales,8,8,1490000,Sí
101439,65,Metropolitana,Urbana,Prensa digital,5,22,510000,Sí
100897,27,O'Higgins,Urbana,Redes sociales,9,14,360000,No
104035,42,Metropolitana,Rural,Radio,6,47,610000,No
103725,35,Biobío,Rural,Redes sociales,2,63,2370000,Sí
102188,43,Metropolitana,Urbana,Prensa digital,5,68,520000,Sí
104087,30,Maule,Urbana,Redes sociales,9,48,700000,No
104274,37,Coquimbo,Rural,Redes sociales,7,60,370000,Sí
101857,52,Valparaíso,Urbana,Radio,7,63,790000,No
102748,,Metropolitana,Urbana,Redes sociales,6,57,1210000,Sí
102017,35,Maule,Urbana,Televisión,8,25,1060000,Sí
100726,35,Metropolitana,Urbana,Redes sociales,9,23,1760000,No
101781,67,Biobío,Urbana,Televisión,4,48,1500000,No
103813,42,O'Higgins,Urbana,Televisión,2,53,980000,No
102247,55,Metropolitana,Urbana,Televisión,9,57,700000,No
100177,66,Valparaíso,Rural,Redes sociales,9,40,1320000,Sí
104257,53,Biobío,Urbana,Televisión,6,81,800000,No
103452,31,Coquimbo,Urbana,Prensa digital,6,41,510000,Sí
103545,74,Biobío,Urbana,Redes sociales,6,59,790000,Sí
102640,73,Biobío,Urbana,Prensa digital,1,55,350000,Sí
103101,41,Coquimbo,Urbana,Televisión,3,37,610000,Sí
103471,63,Biobío,Urbana,Prensa digital,3,49,490000,No
103893,36,O'Higgins,Urbana,Televisión,7,40,640000,Sí
102415,49,Valparaíso,Urbana,Prensa digital,10,41,1890000,Sí
101589,28,Maule,Urbana,Redes sociales,10,32,570000,Sí
102886,44,O'Higgins,Urbana,Redes sociales,8,52,620000,No
100104,28,Metropolitana,Urbana,Televisión,8,62,510000,Sí
100466,72,Metropolitana,Urbana,Redes sociales,1,21,660000,No
102511,,O'Higgins,Urbana,Redes sociales,6,48,1000000,Sí
102876,74,Metropolitana,Rural,Radio,4,39,1410000,Sí
103816,51,Metropolitana,Rural,Televisión,4,70,950000,No
100954,55,Valparaíso,Urbana,Prensa digital,8,77,820000,Sí
100117,33,Metropolitana,Urbana,Prensa digital,10,26,480000,Sí
104165,30,Metropolitana,Rural,Redes sociales,10,92,1160000,Sí
104160,75,Metropolitana,Rural,Televisión,9,46,1080000,Sí
103900,47,Metropolitana,Rural,Radio,2,29,880000,Sí
100147,56,Coquimbo,Urbana,Redes sociales,1,13,1190000,Sí
103202,36,Metropolitana,Urbana,Televisión,7,56,620000,No
101491,23,O'Higgins,Urbana,Televisión,5,73,3320000,No
104422,49,Maule,Urbana,Televisión,5,46,280000,Sí
104337,49,Metropolitana,Urbana,Prensa digital,9,40,550000,No
101244,47,Maule,Urbana,Redes sociales,6,70,1580000,Sí
100773,43,Metropolitana,Urbana,Redes sociales,3,51,280000,No
100437,35,Coquimbo,Rural,Radio,7,19,1110000,No
104626,50,BIOBÍO,Urbana,Redes sociales,1,64,1100000,No
104123,76,Maule,Urbana,Redes sociales,4,32,450000,Sí
104443,34,Coquimbo,Urbana,Televisión,9,45,550000,No
101868,71,Valparaíso,Urbana,Redes sociales,7,74,540000,Sí
100030,68,Metropolitana,Urbana,Radio,6,30,2300000,Sí
103477,75,Metropolitana,Urbana,Televisión,8,64,710000,No
104494,49,Metropolitana,Urbana,Prensa digital,6,7,1360000,Sí
104053,27,Biobío,Rural,Televisión,2,34,2000000,Sí
101611,38,Valparaíso,Urbana,Redes sociales,2,58,690000,Sí
101949,34,Metropolitana,Urbana,Redes sociales,1,26,650000,Sí
104675,56,Valparaíso,Urbana,Redes sociales,5,42,1620000,Sí
104877,45,Metropolitana,Urbana,Radio,10,56,690000,No
102145,32,Metropolitana,Urbana,Prensa digital,9,68,1150000,Sí
100824,28,Biobío,Urbana,Radio,10,43,430000,No
103442,47,O'Higgins,Urbana,Prensa digital,1,39,1040000,Sí
104092,31,O'Higgins,Urbana,Prensa digital,5,52,1790000,Sí
101089,48,Biobío,Urbana,Prensa digital,3,43,1580000,No
102097,57,Metropolitana,Urbana,Redes sociales,5,48,1350000,No
102228,53,Metropolitana,Rural,Televisión,2,21,280000,Sí
101183,27,Metropolitana,Rural,Redes sociales,8,13,630000,No
104529,45,Metropolitana,Urbana,Televisión,8,65,610000,No
102332,36,Metropolitana,Rural,Radio,9,69,690000,Sí
100056,32,Biobío,Urbana,Prensa digital,9,51,690000,Sí
100231,60,Coquimbo,Urbana,Radio,2,45,410000,No
101660,35,Biobío,Urbana,Redes sociales,9,63,410000,No
100588,32,Biobío,Urbana,Televisión,5,54,910000,Sí
100048,68,Metropolitana,Urbana,Radio,9,38,1360000,Sí
101633,30,O'Higgins,Urbana,Prensa digital,6,20,960000,Sí
104112,43,Metropolitana,Rural,Televisión,7,48,800000,Sí
104324,77,Metropolitana,Urbana,Radio,6,35,840000,Sí
104415,43,O'Higgins,Urbana,Televisión,2,78,2870000,Sí
101636,,Biobío,Urbana,Redes sociales,4,16,350000,Sí
104634,55,Metropolitana,Urbana,Radio,1,52,910000,No
103293,63,Biobío,Urbana,Prensa digital,8,36,800000,No
102301,27,Maule,Urbana,Televisión,8,17,800000,No
103428,48,Maule,Urbana,Radio,9,76,2210000,Sí
100930,48,O'Higgins,Urbana,Prensa digital,6,68,380000,Sí
100134,25,Coquimbo,Urbana,Redes sociales,1,65,1030000,Sí
102191,47,Coquimbo,Urbana,Prensa digital,2,18,590000,Sí
103927,53,Metropolitana,Urbana,Redes sociales,3,32,1610000,Sí
103206,47,Biobío,Rural,Radio,7,42,810000,Sí
104238,50,Metropolitana,Rural,Televisión,8,68,490000,Sí
102564,59,Metropolitana,Rural,Televisión,9,5,490000,No
100463,,Maule,Urbana,Televisión,10,21,1130000,No
100325,42,Biobío,Urbana,Televisión,7,68,1960000,No
100981,51,Valparaíso,Urbana,Prensa digital,1,64,1300000,Sí
103862,27,Metropolitana,Urbana,Prensa digital,7,79,870000,No
100599,64,Metropolitana,Urbana,Televisión,9,61,690000,Sí
101872,34,Biobío,Urbana,Televisión,3,39,1670000,No
101422,54,Metropolitana,Rural,Radio,5,64,820000,Sí
104611,31,Metropolitana,Rural,Televisión,7,67,1070000,No
100124,34,Coquimbo,Urbana,Prensa digital,7,32,2070000,Sí
100542,61,Valparaíso,Urbana,Redes sociales,10,69,310000,Sí
101074,41,Metropolitana,Rural,Redes sociales,4,44,570000,Sí
100567,,Metropolitana,Urbana,Televisión,9,53,490000,Sí
102712,34,Valparaíso,Urbana,Prensa digital,7,0,460000,Sí
101361,52,Maule,Rural,Prensa digital,7,21,760000,No
101171,52,Coquimbo,Urbana,Redes sociales,8,51,1310000,Sí
102446,24,Valparaíso,Urbana,Televisión,1,58,2160000,No
103151,37,Metropolitana,Urbana,Redes sociales,3,41,850000,Sí
100574,18,Coquimbo,Urbana,Redes sociales,3,0,2650000,No
101552,53,Valparaíso,Urbana,Redes sociales,2,63,1270000,No
100242,33,Metropolitana,Rural,Radio,3,26,2170000,No
104008,24,Biobío,Urbana,Radio,7,43,860000,No
103729,41,Metropolitana,Urbana,Radio,10,32,510000,Sí
101220,33,Metropolitana,Urbana,Televisión,10,37,1020000,Sí
102246,60,O'Higgins,Urbana,Redes sociales,10,22,1320000,Sí
101082,37,Valparaíso,Urbana,Redes sociales,9,39,490000,Sí
100837,42,O'Higgins,Urbana,Prensa digital,2,33,940000,Sí
100326,42,O'Higgins,Urbana,Redes sociales,3,33,750000,Sí
104276,56,Valparaíso,Rural,Redes sociales,4,34,880000,Sí
103633,41,Biobío,Urbana,Radio,6,68,280000,No
102652,58,Biobío,Urbana,Televisión,9,50,330000,Sí
103905,55,O'Higgins,Urbana,Redes sociales,5,45,1140000,Sí
100644,43,Coquimbo,Urbana,Radio,4,25,1630000,Sí
102707,25,Metropolitana,Urbana,Prensa digital,4,39,1130000,Sí
104531,34,Valparaíso,Urbana,Televisión,6,26,620000,Sí
104305,49,Valparaíso,Rural,Redes sociales,2,36,470000,Sí
103404,57,Valparaíso,Urbana,Radio,1,36,290000,Sí
104387,35,Coquimbo,Urbana,Prensa digital,8,78,2130000,Sí
100933,60,Valparaíso,Rural,Redes sociales,4,38,1190000,Sí
104591,45,Metropolitana,Urbana,Radio,4,2,280000,Sí
103436,65,Maule,Rural,Radio,1,34,1190000,Sí
102463,60,O'Higgins,Urbana,Redes sociales,1,7,1310000,No
102933,37,Metropolitana,Urbana,Televisión,1,56,1580000,Sí
102919,30,Valparaíso,Urbana,Redes sociales,9,41,740000,Sí
101158,41,Valparaíso,Urbana,Radio,3,53,1010000,Sí
103156,44,Metropolitana,Rural,Redes sociales,10,65,1640000,Sí
100804,60,Metropolitana,Urbana,Prensa digital,4,52,340000,Sí
103951,48,Valparaíso,Urbana,Redes sociales,8,85,770000,No
103427,38,Metropolitana,Urbana,Redes sociales,10,68,430000,No
100969,38,Metropolitana,Urbana,Televisión,10,40,2230000,No
103023,70,O'Higgins,Rural,Televisión,5,45,490000,Sí
104358,39,Maule,Urbana,Radio,8,71,330000,No
102846,29,Metropolitana,Urbana,Prensa digital,5,38,990000,Sí
102116,48,Biobío,Rural,Redes sociales,8,94,500000,Sí
102109,30,Metropolitana,Rural,Redes sociales,8,54,580000,No
102735,,Biobío,Rural,Radio,1,66,1490000,Sí
102542,31,Metropolitana,Urbana,Prensa digital,1,48,500000,Sí
100488,66,Metropolitana,Rural,Redes sociales,7,53,410000,No
104603,51,Metropolitana,Rural,Radio,5,54,290000,Sí
104870,,Metropolitana,Urbana,Redes sociales,2,17,1370000,Sí
103032,74, Valparaíso ,Urbana,Televisión,1,61,510000,No
101522,47,Metropolitana,Urbana,Radio,7,56,530000,Sí
104819,57, Metropolitana ,Rural,Televisión,6,61,2630000,No
101206,82,Biobío,Urbana,Prensa digital,2,48,570000,No
104560,59,Biobío,Urbana,Prensa digital,6,41,280000,No
104277,43,Metropolitana,Urbana,Redes sociales,9,46,780000,Sí
103770,67,Biobío,Urbana,Televisión,10,26,730000,No
100942,47,Metropolitana,Urbana,Televisión,6,52,690000,Sí
104682,40,Valparaíso,Urbana,Redes sociales,1,78,400000,Sí
101680,60,Metropolitana,Urbana,Televisión,8,21,350000,Sí
102927,38,Metropolitana,Urbana,Prensa digital,2,57,490000,Sí
104882,35,Biobío,Urbana,Redes sociales,7,52,930000,No
102242,56,Metropolitana,Urbana,Radio,2,46,590000,Sí
101791,42,Biobío,Urbana,Redes sociales,1,48,990000,Sí
101364,40,Biobío,Rural,Radio,1,63,620000,Sí
101752,38,Valparaíso,Rural,Prensa digital,4,73,790000,Sí
102779,71,Valparaíso,Urbana,Redes sociales,5,31,920000,Sí
103687,69,Biobío,Urbana,Prensa digital,6,73,470000,No
100983,45,Metropolitana,Urbana,Radio,1,34,660000,Sí
100274,73,Coquimbo,Urbana,Televisión,4,47,910000,Sí
100151,34,Metropolitana,Urbana,Televisión,6,45,950000,No
101025,52,Valparaíso,Urbana,Televisión,2,54,280000,No
104489,59,Valparaíso,Urbana,Prensa digital,7,43,780000,No
102215,18,Coquimbo,Urbana,Redes sociales,8,15,1420000,No
104886,33,Maule,Urbana,Radio,9,91,1130000,Sí
104468,72,Coquimbo,Urbana,Radio,2,18,830000,Sí
101797,39,Valparaíso,Urbana,Televisión,9,23,810000,Sí
101483,54,Metropolitana,Urbana,Radio,5,38,720000,Sí
101235,75,Coquimbo,Urbana,Radio,8,33,3050000,Sí
101239,41,Metropolitana,Rural,Redes sociales,1,35,420000,Sí
104614,44,Metropolitana,Urbana,Radio,9,54,540000,No
102932,67,Biobío,Urbana,Redes sociales,4,24,1150000,Sí
102912,39,Metropolitana,Urbana,Radio,9,26,1450000,No
101935,64,Biobío,Urbana,Radio,8,51,290000,Sí
102500,22,Coquimbo,Urbana,Televisión,4,48,750000,Sí
104817,49,Valparaíso,Urbana,Televisión,2,43,1370000,Sí
101736,43,Biobío,Urbana,Televisión,6,26,640000,Sí
102285,45,Maule,Rural,Redes sociales,7,86,910000,Sí
100586,25,Metropolitana,Urbana,Radio,4,50,1690000,No
102220,54,O'Higgins,Urbana,Radio,7,66,1620000,Sí
104379,28,O'Higgins,Urbana,Prensa digital,7,39,520000,No
101553,59,Metropolitana,Urbana,Prensa digital,9,85,630000,Sí
102834,60,Metropolitana,Urbana,Televisión,1,24,620000,Sí
100735,53,Biobío,Urbana,Televisión,8,37,1310000,No
102046,50,Metropolitana,Urbana,Redes sociales,1,41,510000,Sí
102372,34,Biobío,Rural,Televisión,6,38,400000,Sí
100029,,Coquimbo,Urbana,Redes sociales,9,72,1040000,Sí
102658,50,Coquimbo,Urbana,Prensa digital,2,32,1460000,Sí
104501,37,Valparaíso,Urbana,Prensa digital,7,25,380000,No
103791,31,Maule,Urbana,Redes sociales,6,48,1340000,Sí
100061,54,Biobío,Urbana,Televisión,8,50,830000,Sí
101531,28,Valparaíso,Urbana,Redes sociales,4,49,2720000,Sí
100361,44,Valparaíso,Urbana,Televisión,6,50,490000,No
101717,49,Biobío,Urbana,Radio,10,69,500000,Sí
102563,61,Metropolitana,Urbana,Prensa digital,9,47,350000,Sí
101043,32,Valparaíso,Urbana,Televisión,10,49,470000,Sí
101291,44,O'Higgins,Rural,Prensa digital,3,69,790000,Sí
102650,30,Biobío,Urbana,Radio,6,57,2110000,No
103834,44,Maule,Urbana,Redes sociales,8,73,560000,Sí
100503,24,Metropolitana,Urbana,Redes sociales,4,67,490000,Sí
101866,42,maule,Rural,Redes sociales,6,61,550000,No
100622,52,Metropolitana,Urbana,Prensa digital,5,65,820000,Sí
100504,48,Metropolitana,Urbana,Redes sociales,1,70,580000,Sí
103036,82,Coquimbo,Rural,Redes sociales,3,79,550000,Sí
103731,35,Valparaíso,Urbana,Televisión,3,61,650000,Sí
104284,48,Biobío,Urbana,Televisión,8,41,340000,Sí
102167,57,Coquimbo,Urbana,Prensa digital,5,67,950000,Sí
102526,74,Valparaíso,Urbana,Prensa digital,2,35,2120000,No
102680,47,Valparaíso,Rural,Televisión,10,62,280000,Sí
102854,69,Maule,Urbana,Televisión,7,21,280000,Sí
104045,28,Metropolitana,Urbana,Radio,8,40,450000,Sí
103826,,Metropolitana,Urbana,Televisión,3,92,1000000,Sí
101574,42,Metropolitana,Urbana,Televisión,4,13,1330000,Sí
102392,31,Biobío,Rural,Prensa digital,6,80,900000,Sí
102558,33,O'Higgins,Urbana,Redes sociales,1,0,280000,Sí
101590,56,Maule,Urbana,Prensa digital,5,48,1080000,Sí
101047,28,Biobío,Urbana,Redes sociales,7,57,960000,Sí
102402,,Maule,Urbana,Prensa digital,3,70,380000,No
104020,48,Biobío,Urbana,Radio,6,51,1030000,Sí
104414,30,Metropolitana,Urbana,Prensa digital,8,34,1030000,No
100684,59,Valparaíso,Rural,Radio,10,35,710000,Sí
101735,66,Metropolitana,Urbana,Televisión,3,47,810000,No
104600,40,Valparaíso,Rural,Redes sociales,7,59,910000,Sí
102722,42,O'Higgins,Urbana,Televisión,9,35,840000,Sí
103641,55,Metropolitana,Urbana,Televisión,3,50,1530000,No
102041,18,Metropolitana,Urbana,Televisión,1,71,650000,Sí
103076,,Maule,Urbana,Radio,1,20,1120000,Sí
101823,59,Metropolitana,Urbana,Televisión,4,61,1050000,Sí
103777,20,METROPOLITANA,Urbana,Redes sociales,5,6,780000,Sí
100606,,Metropolitana,Urbana,Redes sociales,8,43,1490000,Sí
101349,47,Metropolitana,Urbana,Prensa digital,1,48,1860000,Sí
101358,27,O'Higgins,Rural,Redes sociales,6,0,1310000,Sí
103384,49,Metropolitana,Urbana,Prensa digital,4,87,990000,Sí
102052,55,Metropolitana,Urbana,Televisión,9,52,1350000,Sí
103690,60,Maule,Rural,Prensa digital,3,17,280000,Sí
101879,51,Metropolitana,Urbana,Redes sociales,3,51,780000,Sí
104510,66,Metropolitana,Urbana,Redes sociales,2,39,340000,Sí
101967,37,Metropolitana,Urbana,Prensa digital,9,50,1970000,Sí
100639,36,Metropolitana,Rural,Prensa digital,10,1,1360000,Sí
104872,43,Maule,Urbana,Redes sociales,9,56,560000,Sí
100720,58,Metropolitana,Urbana,Redes sociales,7,30,2260000,Sí
101837,48,Metropolitana,Urbana,Televisión,1,28,780000,Sí
100721,37,Valparaíso,Rural,Televisión,3,34,1340000,No
102278,43,Metropolitana,Urbana,Televisión,10,32,1360000,No
101948,39,Biobío,Urbana,Redes sociales,4,51,510000,Sí
101915,24,Metropolitana,Urbana,Televisión,2,50,760000,Sí
100425,53,Metropolitana,Rural,Televisión,3,51,300000,No
103697,58,Maule,Urbana,Redes sociales,6,48,1150000,Sí
104026,46,Coquimbo,Urbana,Redes sociales,2,32,520000,Sí
103493,78,Metropolitana,Rural,Radio,9,50,790000,Sí
101903,35,O'Higgins,Urbana,Radio,9,61,1790000,No
104915,53,Metropolitana,Rural,Redes sociales,8,41,280000,No
100815,52,Maule,Rural,Televisión,6,35,1220000,Sí
104326,55,Maule,Rural,Prensa digital,10,41,1010000,Sí
102139,40,Coquimbo,Rural,Prensa digital,1,19,320000,No
102718,49,Valparaíso,Rural,Televisión,6,5,280000,Sí
103730,45,Metropolitana,Rural,Televisión,10,45,620000,Sí
102949,46,Coquimbo,Urbana,Televisión,1,20,3000000,Sí
103699,61,Valparaíso,Urbana,Televisión,1,65,1630000,Sí
103692,40,Metropolitana,Urbana,Redes sociales,7,34,340000,Sí
104253,35,Metropolitana,Rural,Radio,2,50,1690000,No
102610,24,Biobío,Urbana,Prensa digital,5,29,2200000,Sí
102226,71,Metropolitana,Urbana,Televisión,1,78,510000,Sí
103418,32,Valparaíso,Rural,Redes sociales,5,50,1470000,Sí
102546,45,O'Higgins,Urbana,Prensa digital,5,68,1610000,No
104124,62,Metropolitana,Urbana,Redes sociales,10,47,1360000,Sí
102266,47,O'Higgins,Rural,Prensa digital,2,49,1410000,Sí
103283,45,Valparaíso,Urbana,Prensa digital,3,26,580000,No
102094,,Biobío,Urbana,Radio,2,40,1720000,Sí
102449,55,Biobío,Urbana,Televisión,9,42,800000,Sí
100884,66,Metropolitana,Urbana,Redes sociales,7,27,1130000,Sí
103892,27,Metropolitana,Urbana,Redes sociales,9,31,920000,Sí
100211,,Biobío,Urbana,Radio,3,27,1300000,No
104252,33,O'Higgins,Rural,Redes sociales,2,54,690000,Sí
100540,48,Biobío,Rural,Radio,3,38,1540000,Sí
103750,52,Biobío,Rural,Televisión,7,40,750000,Sí
103534,69,O'Higgins,Rural,Redes sociales,8,59,860000,Sí
100617,53,Biobío,Urbana,Redes sociales,6,42,640000,No
102406,48,Metropolitana,Urbana,Radio,6,37,650000,No
104332,56,Biobío,Urbana,Redes sociales,6,57,900000,Sí
101644,45,Metropolitana,Urbana,Radio,6,23,660000,Sí
104418,60,Biobío,Urbana,Televisión,10,40,410000,Sí
103788,,Metropolitana,Urbana,Prensa digital,7,0,280000,Sí
101528,18,Metropolitana,Rural,Prensa digital,3,46,590000,Sí
100149,,Valparaíso,Rural,Redes sociales,3,50,580000,Sí
102961,39,Metropolitana,Urbana,Redes sociales,3,19,460000,Sí
104711,49,Metropolitana,Urbana,Prensa digital,10,56,600000,Sí
101090,39,O'Higgins,Rural,Prensa digital,1,43,510000,No
104662,24,O'Higgins,Urbana,Redes sociales,7,40,430000,No
101632,56,Biobío,Rural,Radio,6,32,1260000,Sí
101331,39,Valparaíso,Urbana,Redes sociales,4,48,440000,Sí
101800,33,Valparaíso,Urbana,Televisión,9,24,420000,No
103644,24,Metropolitana,Urbana,Redes sociales,6,43,1580000,Sí
101249,29,O'Higgins,Urbana,Radio,6,40,280000,No
104742,70,O'Higgins,Urbana,Televisión,2,62,520000,Sí
104234,73,Metropolitana,Urbana,Televisión,9,51,2590000,Sí
101754,56,Coquimbo,Urbana,Prensa digital,3,40,700000,Sí
102434,39,Valparaíso,Urbana,Redes sociales,2,31,1190000,Sí
103610,68,Metropolitana,Urbana,Prensa digital,10,9,850000,No
103332,30,Biobío,Urbana,Radio,5,79,1610000,No
100428,73,Biobío,Urbana,Televisión,6,45,600000,No
103106,33,Coquimbo,Rural,Televisión,9,75,1310000,No
101678,39,Metropolitana,Urbana,Prensa digital,10,47,980000,Sí
101907,,Coquimbo,Urbana,Redes sociales,5,24,3000000,No
100697,35,Metropolitana,Urbana,Televisión,3,24,390000,No
104794,61,Metropolitana,Urbana,Radio,8,96,470000,No
104458,53,Metropolitana,Urbana,Televisión,9,48,500000,Sí
103259,43,Biobío,Urbana,Redes sociales,1,57,310000,No
100951,41,Valparaíso,Urbana,Radio,9,51,1080000,Sí
102450,48,Metropolitana,Urbana,Redes sociales,7,67,1360000,No
102672,30,Valparaíso,Urbana,Televisión,10,34,980000,Sí
104517,29,O'Higgins,Urbana,Radio,3,15,890000,No
104071,29,Metropolitana,Urbana,Redes sociales,3,76,280000,Sí
100431,58,Biobío,Urbana,Redes sociales,7,8,740000,No
104258,27,Metropolitana,Urbana,Televisión,10,29,730000,Sí
101769,59,Metropolitana,Rural,Radio,5,79,2210000,Sí
104250,46,Coquimbo,Urbana,Redes sociales,10,42,2180000,No
104164,40,Coquimbo,Urbana,Redes sociales,8,23,850000,Sí
104004,52,O'Higgins,Urbana,Televisión,7,56,280000,Sí
104770,48,Metropolitana,Rural,Redes sociales,2,31,1000000,Sí
102373,39,Biobío,Rural,Televisión,8,39,520000,Sí
104233,56,Biobío,Urbana,Radio,6,25,280000,No
103045,34,Biobío,Urbana,Redes sociales,9,50,2390000,Sí
102035,24,Metropolitana,Urbana,Redes sociales,7,65,1570000,No
104868,68,Metropolitana,Urbana,Televisión,1,46,850000,Sí
104595,50,Maule,Urbana,Televisión,7,11,520000,Sí
103348,55,Metropolitana,Urbana,Redes sociales,3,38,1680000,No
100241,58,Coquimbo,Rural,Radio,2,54,1720000,No
100696,58,Metropolitana,Urbana,Prensa digital,3,38,710000,Sí
103799,38,Metropolitana,Urbana,Redes sociales,10,30,710000,No
102973,19,Metropolitana,Urbana,Redes sociales,9,35,620000,No
101683,40,Valparaíso,Urbana,Prensa digital,7,82,2620000,Sí
101313,32,Metropolitana,Urbana,Redes sociales,10,41,390000,Sí
102909,37,Biobío,Urbana,Redes sociales,10,43,380000,Sí
101076,23,Metropolitana,Urbana,Redes sociales,5,0,430000,No
103932,33,Metropolitana,Urbana,Televisión,9,29,470000,Sí
101015,45,Valparaíso,Urbana,Redes sociales,1,53,1190000,No
100454,31,Maule,Urbana,Redes sociales,9,40,970000,No
103562,46,Metropolitana,Urbana,Redes sociales,3,63,720000,Sí
100703,48,Metropolitana,Urbana,Redes sociales,5,30,1120000,Sí
100191,41,Maule,Urbana,Televisión,7,36,540000,No
104377,23,Metropolitana,Urbana,Prensa digital,7,54,540000,Sí
102992,41,Valparaíso,Urbana,Redes sociales,4,61,300000,No
104010,38, Metropolitana ,Urbana,Televisión,3,34,590000,No
102377,60,O'Higgins,Urbana,Redes sociales,6,2,2090000,No
104086,73,Metropolitana,Urbana,Televisión,2,48,790000,Sí
101469,42,Coquimbo,Urbana,Redes sociales,2,30,310000,Sí
102443,56,O'Higgins,Rural,Televisión,9,48,1570000,No
103734,44,Valparaíso,Urbana,Televisión,1,53,730000,Sí
104512,71,Metropolitana,Urbana,Redes sociales,3,23,860000,Sí
103780,24,Valparaíso,Urbana,Redes sociales,10,59,2850000,Sí
101702,32,O'Higgins,Urbana,Redes sociales,4,56,890000,Sí
104286,54,Metropolitana,Urbana,Radio,6,78,470000,No
103389,23,Maule,Rural,Redes sociales,3,10,1100000,Sí
103536,40,Coquimbo,Urbana,Prensa digital,8,47,2580000,No
103240,42,Metropolitana,Rural,Redes sociales,7,38,410000,Sí
101527,54,O'Higgins,Urbana,Redes sociales,6,26,1420000,Sí
100249,76,Metropolitana,Urbana,Televisión,7,51,390000,Sí
103981,33,Coquimbo,Urbana,Redes sociales,2,43,680000,Sí
100285,18,Biobío,Urbana,Redes sociales,10,13,810000,Sí
102390,37,Valparaíso,Urbana,Prensa digital,2,18,1770000,No
103756,64,Metropolitana,Urbana,Redes sociales,5,57,670000,Sí
103637,42,Metropolitana,Urbana,Redes sociales,5,36,1260000,No
102238,42,Metropolitana,Urbana,Radio,2,22,1420000,No
100937,69,Metropolitana,Urbana,Redes sociales,10,60,1480000,Sí
104691,56,Maule,Urbana,Televisión,2,20,620000,Sí
104442,24,Maule,Urbana,Televisión,5,51,880000,No
100946,38,Metropolitana,Urbana,Televisión,5,67,1740000,Sí
104073,45,Valparaíso,Rural,Redes sociales,10,47,880000,No
100535,69,Maule,Urbana,Televisión,2,42,560000,Sí
104500,54,Metropolitana,Urbana,Redes sociales,8,67,430000,Sí
103074,40,O'Higgins,Urbana,Redes sociales,6,33,1290000,Sí
102257,21,Metropolitana,Urbana,Televisión,6,15,490000,Sí
100429,48,O'Higgins,Urbana,Redes sociales,8,50,1540000,Sí
100797,51,Coquimbo,Urbana,Televisión,2,18,1380000,No
100524,38,Biobío,Urbana,Televisión,1,42,1100000,Sí
100679,,Metropolitana,Urbana,Redes sociales,6,60,800000,Sí
100053,21,Biobío,Urbana,Radio,5,22,820000,Sí
100277,39,Metropolitana,Urbana,Redes sociales,10,59,620000,No
101616,45,Biobío,Urbana,Redes sociales,1,20,800000,Sí
101071,36,O'Higgins,Urbana,Prensa digital,6,41,1150000,No
102419,50,Metropolitana,Urbana,Redes sociales,9,62,590000,No
101011,18,Coquimbo,Urbana,Redes sociales,4,19,1120000,Sí
102024,51,Maule,Urbana,Radio,2,49,2040000,Sí
104518,57,Metropolitana,Urbana,Prensa digital,3,56,710000,No
101309,35,Coquimbo,Urbana,Prensa digital,4,100,970000,No
101225,70,Coquimbo,Rural,Redes sociales,5,52,780000,No
101909,19,Metropolitana,Rural,Televisión,3,31,470000,No
103121,39,Valparaíso,Urbana,Redes sociales,6,22,560000,Sí
100653,54,Valparaíso,Urbana,Redes sociales,2,55,280000,Sí
104010,38, Metropolitana ,Urbana,Televisión,3,34,590000,No
100748,61,Metropolitana,Urbana,Prensa digital,9,27,470000,No
101637,46,O'Higgins,Rural,Redes sociales,8,54,1090000,No
104855,73,Metropolitana,Urbana,Redes sociales,6,61,890000,Sí
103663,54,Maule,Urbana,Televisión,6,56,680000,Sí
101353,,Valparaíso,Rural,Prensa digital,7,21,1830000,No
101437,30,O'Higgins,Urbana,Prensa digital,3,67,1000000,Sí
102751,70,O'Higgins,Urbana,Televisión,7,69,1260000,No
100990,59,O'Higgins,Rural,Televisión,5,46,450000,No
102175,40,Metropolitana,Urbana,Televisión,7,40,350000,No
104764,65,O'Higgins,Urbana,Redes sociales,3,38,420000,Sí
103898,35,Metropolitana,Urbana,Televisión,7,37,1570000,Sí
104470,53,Biobío,Rural,Radio,8,33,290000,Sí
100252,46,Metropolitana,Urbana,Televisión,2,46,280000,No
101657,54,Metropolitana,Urbana,Televisión,2,11,890000,Sí
100308,65,Valparaíso,Urbana,Radio,10,65,1080000,Sí
104733,41,Metropolitana,Urbana,Radio,8,45,520000,Sí
104540,43,Metropolitana,Rural,Radio,9,41,1120000,No
102044,50,Maule,Urbana,Prensa digital,8,17,560000,Sí
100664,34,Valparaíso,Urbana,Redes sociales,5,50,750000,Sí
100551,58,Biobío,Urbana,Redes sociales,3,52,310000,No
104469,46,Biobío,Rural,Redes sociales,5,41,930000,No
102767,,Metropolitana,Rural,Prensa digital,1,37,1500000,Sí
104434,,Metropolitana,Urbana,Redes sociales,7,58,470000,Sí
103110,30,Metropolitana,Urbana,Radio,2,67,800000,No
100878,46,Metropolitana,Urbana,Redes sociales,3,44,640000,Sí
100534,33,Metropolitana,Urbana,Redes sociales,9,50,810000,No
100489,49,Metropolitana,Rural,Redes sociales,8,89,780000,No
104580,47,Coquimbo,Urbana,Televisión,2,56,350000,Sí
100677,64,O'Higgins,Urbana,Redes sociales,10,29,380000,Sí
102338,39,Coquimbo,Urbana,Televisión,6,34,2370000,No
102704,36,Valparaíso,Urbana,Prensa digital,7,46,3710000,No
101073,37,Biobío,Urbana,Redes sociales,5,76,1060000,No
100999,60,Metropolitana,Urbana,Televisión,7,59,1380000,Sí
102918,44,Biobío,Urbana,Prensa digital,1,46,470000,Sí
100465,56,Metropolitana,Urbana,Prensa digital,4,45,430000,Sí
102249,71,Metropolitana,Urbana,Prensa digital,3,28,1640000,Sí
104122,45,O'Higgins,Rural,Redes sociales,10,53,480000,Sí
104267,29,Metropolitana,Urbana,Prensa digital,4,34,300000,No
101493,26,Coquimbo,Urbana,Redes sociales,4,78,570000,Sí
103761,22,Coquimbo,Urbana,Prensa digital,8,38,340000,No
102318,35,Metropolitana,Rural,Radio,5,39,640000,No
103821,51,Biobío,Urbana,Redes sociales,1,43,1320000,No
100866,,Metropolitana,Urbana,Redes sociales,6,49,1630000,Sí
102502,28,Valparaíso,Rural,Televisión,9,23,500000,No
100652,40,Biobío,Urbana,Redes sociales,6,46,480000,No
102810,51, Metropolitana ,Urbana,Prensa digital,6,30,1170000,Sí
100906,35, Metropolitana ,Urbana,Televisión,3,24,1240000,Sí
100745,33,Metropolitana,Urbana,Redes sociales,5,50,430000,Sí
102835,73,Biobío,Urbana,Televisión,4,56,760000,No
103639,,Metropolitana,Urbana,Radio,4,65,280000,Sí
102586,56,Valparaíso,Urbana,Televisión,4,32,280000,Sí
100219,34,Metropolitana,Urbana,Radio,4,38,540000,Sí
101567,45,Valparaíso,Rural,Televisión,8,30,510000,No
103679,50,Metropolitana,Urbana,Redes sociales,7,34,740000,Sí
103385,52,O'Higgins,Rural,Redes sociales,8,26,540000,Sí
100083,40,Metropolitana,Urbana,Redes sociales,8,39,800000,Sí
102951,37,Valparaíso,Rural,Prensa digital,10,47,800000,No
100206,47,Metropolitana,Urbana,Televisión,6,19,1010000,Sí
102729,79,Metropolitana,Urbana,Redes sociales,8,61,570000,Sí
104126,41,Metropolitana,Urbana,Radio,8,56,710000,Sí
101096,47,Maule,Urbana,Televisión,10,57,680000,Sí
103467,60,Metropolitana,Urbana,Redes sociales,6,51,650000,Sí
101898,49,Metropolitana,Urbana,Redes sociales,4,39,430000,Sí
104185,23,Maule,Urbana,Televisión,1,23,940000,Sí
100304,31,Metropolitana,Urbana,Redes sociales,10,30,800000,No
101510,61,Maule,Rural,Redes sociales,10,64,750000,Sí
102639,41,Maule,Rural,Prensa digital,7,29,1630000,Sí
101939,57,Metropolitana,Urbana,Redes sociales,7,58,610000,Sí
102331,41,Coquimbo,Urbana,Televisión,4,68,880000,No
103000,66,Biobío,Urbana,Redes sociales,8,40,660000,Sí
104844,34,Metropolitana,Rural,Radio,9,71,740000,Sí
101482,61,Metropolitana,Urbana,Televisión,2,77,780000,Sí
102455,21,Metropolitana,Urbana,Radio,8,52,740000,No
100922,62,Biobío,Urbana,Televisión,4,26,830000,No
100822,36,Metropolitana,Urbana,Redes sociales,2,31,950000,No
103247,73,Biobío,Rural,Redes sociales,6,51,280000,Sí
100665,55,Metropolitana,Rural,Redes sociales,8,29,430000,Sí
102882,40,Metropolitana,Urbana,Radio,5,0,2320000,No
102206,43,Valparaíso,Urbana,Redes sociales,9,44,800000,Sí
104217,38,Coquimbo,Urbana,Televisión,3,45,510000,No
104473,66,O'Higgins,Urbana,Prensa digital,3,29,480000,Sí
103851,35,Valparaíso,Rural,Radio,7,40,1090000,Sí
104714,71,Valparaíso,Urbana,Televisión,8,54,690000,Sí
101623,42,Metropolitana,Urbana,Redes sociales,4,67,470000,No
101523,44,Metropolitana,Urbana,Radio,10,52,690000,No
101445,57,O'Higgins,Rural,Redes sociales,8,31,570000,Sí
101265,35,Metropolitana,Urbana,Redes sociales,10,45,670000,Sí
101845,59,Coquimbo,Rural,Redes sociales,7,57,790000,Sí
102195,39,O'Higgins,Rural,Redes sociales,10,48,850000,Sí
103778,68,Biobío,Urbana,Redes sociales,4,25,570000,Sí
101892,53,Metropolitana,Rural,Televisión,6,93,520000,Sí
102539,27,Valparaíso,Urbana,Redes sociales,4,40,300000,No
101146,48,O'Higgins,Rural,Redes sociales,6,70,1510000,Sí
103824,41,Coquimbo,Urbana,Prensa digital,3,30,360000,Sí
104661,51,Valparaíso,Urbana,Televisión,5,42,1000000,Sí
100407,57,Metropolitana,Urbana,Radio,2,62,510000,Sí
102034,56,metropolitana,Rural,Prensa digital,10,46,1170000,No
104104,30,Metropolitana,Urbana,Prensa digital,6,39,800000,Sí
101841,67,Metropolitana,Urbana,Televisión,8,36,430000,Sí
103647,75,Metropolitana,Urbana,Redes sociales,5,63,990000,Sí
100303,57,Metropolitana,Rural,Televisión,7,35,670000,Sí
100509,36,Biobío,Rural,Televisión,1,88,630000,No
100559,75,Metropolitana,Urbana,Redes sociales,7,67,440000,Sí
102422,40,Biobío,Rural,Redes sociales,9,23,1050000,No
104713,29,Metropolitana,Rural,Televisión,6,34,1150000,No
100850,50,Metropolitana,Urbana,Redes sociales,1,65,6500000,Sí
103602,43,Coquimbo,Urbana,Prensa digital,10,46,760000,No
102412,39,Biobío,Rural,Prensa digital,1,5,1900000,Sí
101773,52,Metropolitana,Rural,Televisión,1,55,460000,Sí
102501,42,Valparaíso,Urbana,Redes sociales,3,27,720000,No
100142,44,Valparaíso,Urbana,Prensa digital,1,38,540000,Sí
101603,18,Biobío,Rural,Radio,10,49,340000,Sí
103447,34,Biobío,Urbana,Redes sociales,2,57,440000,No
102599,36,Metropolitana,Urbana,Televisión,10,44,480000,Sí
102991,31,Valparaíso,Urbana,Prensa digital,9,40,1940000,Sí
103085,35,Metropolitana,Urbana,Televisión,6,18,970000,No
103992,75, Metropolitana ,Urbana,Prensa digital,4,24,1080000,Sí
103638,18,Metropolitana,Urbana,Prensa digital,9,47,1150000,Sí
100869,56,Maule,Urbana,Radio,1,65,820000,No
102692,54,O'Higgins,Rural,Redes sociales,8,73,280000,Sí
103737,39,Metropolitana,Urbana,Televisión,10,78,600000,Sí
102136,48,Biobío,Urbana,Redes sociales,2,39,970000,Sí
104312,36,Biobío,Urbana,Televisión,8,46,1140000,Sí
103913,44,Maule,Urbana,Redes sociales,9,5,770000,Sí
104125,53,Valparaíso,Urbana,Televisión,10,67,690000,No
101375,43,Metropolitana,Urbana,Prensa digital,3,55,3480000,Sí
100096,55,Metropolitana,Urbana,Prensa digital,7,66,320000,No
101135,39,Maule,Urbana,Televisión,1,38,280000,No
104617,33,Coquimbo,Rural,Redes sociales,4,37,680000,Sí
102314,43,O'Higgins,Urbana,Redes sociales,9,34,280000,Sí
104343,49,Metropolitana,Rural,Televisión,6,62,510000,Sí
102061,51,Maule,Urbana,Televisión,2,18,280000,Sí
100272,28,Metropolitana,Urbana,Radio,8,62,1610000,Sí
104304,29,Biobío,Urbana,Radio,6,24,900000,Sí
101024,66,Valparaíso,Urbana,Radio,10,38,820000,Sí
103260,35,Biobío,Urbana,Televisión,9,28,350000,Sí
103040,43,Metropolitana,Rural,Redes sociales,5,30,1440000,Sí
100991,47,O'Higgins,Rural,Radio,8,46,600000,Sí
102274,45,Metropolitana,Urbana,Redes sociales,7,46,720000,No
104575,60,Metropolitana,Urbana,Redes sociales,6,39,1280000,Sí
101045,48,O'Higgins,Rural,Redes sociales,8,39,1580000,Sí
103659,50,Valparaíso,Urbana,Redes sociales,3,22,670000,Sí
101406,43,Metropolitana,Urbana,Radio,8,27,780000,Sí
101928,54,Valparaíso,Rural,Prensa digital,1,53,980000,Sí
102031,,Coquimbo,Urbana,Prensa digital,2,31,450000,Sí
104072,45,Metropolitana,Urbana,Radio,3,51,350000,Sí
103939,28,Valparaíso,Urbana,Radio,7,64,390000,Sí
104736,53,Metropolitana,Urbana,Redes sociales,6,41,1730000,No
100300,64,Maule,Urbana,Redes sociales,3,43,350000,Sí
103183,41,Biobío,Rural,Televisión,9,67,280000,Sí
102659,48,Maule,Urbana,Televisión,3,58,1910000,Sí
104612,73,Metropolitana,Rural,Prensa digital,5,34,1210000,Sí
103947,32,Valparaíso,Urbana,Televisión,1,77,490000,Sí
104557,51,Maule,Urbana,Radio,1,64,280000,Sí
102914,39,Metropolitana,Rural,Televisión,9,47,940000,Sí
100966,51,Metropolitana,Urbana,Televisión,9,63,550000,Sí
100336,58,Metropolitana,Urbana,Prensa digital,1,54,1190000,Sí
102889,57,Biobío,Urbana,Televisión,8,52,980000,Sí
101622,45,Metropolitana,Urbana,Televisión,9,65,830000,Sí
101014,37, Maule ,Urbana,Redes sociales,4,64,1420000,Sí
102935,66,Coquimbo,Urbana,Radio,1,29,790000,Sí
102967,38,O'Higgins,Urbana,Prensa digital,1,36,430000,Sí
101002,54,Biobío,Urbana,Redes sociales,7,86,560000,Sí
100381,32,O'Higgins,Rural,Televisión,7,16,810000,Sí
101561,50,Biobío,Rural,Televisión,10,52,610000,Sí
101278,64,Metropolitana,Rural,Redes sociales,9,35,910000,Sí
104834,46,Maule,Urbana,Redes sociales,3,18,390000,No
103963,59,Metropolitana,Urbana,Prensa digital,10,64,930000,Sí
100292,43,Metropolitana,Urbana,Redes sociales,7,59,920000,Sí
100063,59,Coquimbo,Urbana,Radio,8,42,710000,Sí
100843,33,Biobío,Urbana,Redes sociales,6,43,740000,Sí
104912,32,Metropolitana,Urbana,Televisión,10,9,1540000,Sí
101032,76,Metropolitana,Urbana,Prensa digital,5,34,1800000,No
102842,66,O'Higgins,Urbana,Redes sociales,8,51,1170000,No
100186,61,Metropolitana,Urbana,Televisión,2,71,510000,Sí
101288,76,Biobío,Rural,Televisión,7,71,1420000,No
104520,43,Metropolitana,Rural,Prensa digital,3,33,280000,Sí
102458,62,Valparaíso,Rural,Radio,3,57,900000,No
104598,28,Metropolitana,Rural,Redes sociales,1,69,970000,No
103264,77,Metropolitana,Urbana,Redes sociales,3,51,670000,Sí
100854,18,Metropolitana,Urbana,Televisión,7,59,780000,No
102210,46,Metropolitana,Urbana,Redes sociales,5,43,680000,No
104351,68,Maule,Urbana,Televisión,2,66,710000,Sí
101137,66,Biobío,Urbana,Prensa digital,3,64,300000,No
101303,66,Coquimbo,Urbana,Televisión,8,44,510000,Sí
104149,34,O'Higgins,Urbana,Televisión,7,39,900000,No
103307,73,Metropolitana,Urbana,Redes sociales,7,53,1050000,Sí
104353,64,Coquimbo,Urbana,Radio,3,44,1970000,Sí
104593,57,Metropolitana,Urbana,Radio,4,50,1790000,No
103498,47,O'Higgins,Rural,Prensa digital,2,38,390000,Sí
104857,39,Metropolitana,Urbana,Redes sociales,7,46,2610000,No
101470,57,Metropolitana,Rural,Televisión,10,0,630000,Sí
104342,53,Metropolitana,Urbana,Prensa digital,1,33,630000,No
103772,51,O'Higgins,Rural,Prensa digital,3,46,890000,Sí
100607,64,Metropolitana,Urbana,Prensa digital,4,63,360000,Sí
101760,63,Maule,Urbana,Televisión,2,32,580000,Sí
100247,61,Biobío,Urbana,Redes sociales,8,58,620000,Sí
103038,43,Metropolitana,Urbana,Televisión,5,41,460000,Sí
102492,75,Biobío,Urbana,Prensa digital,8,63,1450000,Sí
100993,62,Metropolitana,Urbana,Redes sociales,4,35,360000,Sí
102032,30,Valparaíso,Urbana,Redes sociales,8,42,1400000,Sí
100114,36,Coquimbo,Urbana,Televisión,8,30,1130000,No
104734,20,Metropolitana,Urbana,Prensa digital,2,65,780000,Sí
104321,50,Valparaíso,Rural,Prensa digital,1,58,640000,Sí
102789,40,Metropolitana,Urbana,Redes sociales,5,78,1390000,Sí
102413,55,Metropolitana,Urbana,Redes sociales,7,51,490000,No
101557,70,Valparaíso,Rural,Redes sociales,7,75,550000,Sí
103968,49,Metropolitana,Rural,Prensa digital,6,41,520000,Sí
101665,43,Maule,Urbana,Redes sociales,5,25,1010000,Sí
104154,61,Metropolitana,Urbana,Redes sociales,7,67,1500000,Sí
100829,59,Valparaíso,Urbana,Prensa digital,9,46,370000,Sí
103066,24,Maule,Urbana,Redes sociales,9,41,430000,No
102728,63,Maule,Urbana,Televisión,5,58,810000,No
103392,73,Valparaíso,Urbana,Redes sociales,7,43,470000,Sí
100362,53,Valparaíso,Urbana,Redes sociales,4,40,1200000,Sí
104223,51,O'Higgins,Urbana,Radio,6,46,580000,No
101381,49,Metropolitana,Urbana,Redes sociales,2,42,1210000,Sí
104285,65,O'Higgins,Urbana,Televisión,10,58,330000,No
102977,29,Coquimbo,Urbana,Redes sociales,9,59,280000,No
100130,42,O'Higgins,Urbana,Televisión,7,24,650000,Sí
103383,62,Biobío,Urbana,Redes sociales,7,41,740000,Sí
104236,44,Metropolitana,Urbana,Radio,5,65,1050000,No
100004,,O'Higgins,Rural,Televisión,6,44,1300000,Sí
104391,36,O'Higgins,Urbana,Redes sociales,4,38,660000,Sí
102930,65,Metropolitana,Urbana,Redes sociales,10,47,1520000,Sí
102407,60,Metropolitana,Urbana,Radio,7,28,620000,Sí
100554,50,Valparaíso,Urbana,Redes sociales,3,34,280000,No
103620,43,Biobío,Rural,Prensa digital,4,54,840000,No
101020,37,Metropolitana,Urbana,Prensa digital,7,57,860000,Sí
101511,29,Metropolitana,Rural,Televisión,6,35,1730000,Sí
101417,47,Valparaíso,Urbana,Televisión,2,30,560000,Sí
103245,35,Metropolitana,Urbana,Televisión,9,53,930000,Sí
103798,33,Maule,Rural,Radio,10,53,770000,Sí
102579,31,Metropolitana,Urbana,Redes sociales,2,65,360000,No
103930,37,Coquimbo,Urbana,Prensa digital,6,25,380000,Sí
100777,64,Coquimbo,Urbana,Redes sociales,1,49,1310000,Sí
101443,,Maule,Urbana,Redes sociales,4,37,1250000,No
103072,52,Metropolitana,Urbana,Televisión,6,43,1050000,Sí
102321,18,O'Higgins,Urbana,Televisión,10,30,550000,Sí
101453,48,Coquimbo,Urbana,Redes sociales,10,54,630000,Sí
102283,81,Metropolitana,Urbana,Redes sociales,7,41,780000,Sí
102782,51,O'Higgins,Rural,Redes sociales,2,55,500000,Sí
102207,25,Biobío,Urbana,Radio,1,48,1270000,Sí
100168,39,Biobío,Urbana,Prensa digital,5,36,430000,No
100430,35,Metropolitana,Urbana,Televisión,8,24,2450000,No
104613,35,O'Higgins,Urbana,Radio,3,50,950000,No
103033,24,Metropolitana,Urbana,Redes sociales,4,32,540000,Sí
102038,51,Metropolitana,Urbana,Radio,10,32,310000,Sí
104823,48,O'Higgins,Urbana,Redes sociales,8,46,810000,No
103806,55,Valparaíso,Urbana,Prensa digital,3,19,350000,No
101165,61,Metropolitana,Urbana,Televisión,8,45,2380000,No
102199,66,Coquimbo,Urbana,Televisión,5,51,470000,Sí
101727,65,Metropolitana,Urbana,Prensa digital,1,60,900000,Sí
102657,37,Coquimbo,Urbana,Prensa digital,8,34,620000,Sí
103916,43,Maule,Urbana,Prensa digital,6,38,610000,Sí
102561,40,Biobío,Urbana,Prensa digital,3,64,760000,No
103950,42,Metropolitana,Urbana,Prensa digital,5,21,1210000,Sí
100590,30,Metropolitana,Rural,Prensa digital,8,31,510000,Sí
101887,38,Metropolitana,Urbana,Radio,2,28,950000,No
100532,20,Biobío,Urbana,Prensa digital,10,61,990000,No
104366,39,Metropolitana,Urbana,Redes sociales,2,64,560000,No
103474,52,Metropolitana,Rural,Televisión,6,27,350000,Sí
104643,49,Valparaíso,Urbana,Redes sociales,3,61,2820000,Sí
102398,44,O'Higgins,Urbana,Radio,3,29,1270000,No
101154,33,Coquimbo,Urbana,Redes sociales,3,41,760000,No
103805,41,Metropolitana,Urbana,Redes sociales,7,72,830000,No
100286,28,Valparaíso,Rural,Redes sociales,5,87,440000,Sí
102317,29,Maule,Urbana,Televisión,9,52,1110000,No
104063,41,Metropolitana,Urbana,Redes sociales,2,67,590000,Sí
103807,43,Valparaíso,Urbana,Prensa digital,3,80,1470000,No
100812,46,Biobío,Urbana,Redes sociales,2,56,750000,Sí
104224,49,Metropolitana,Urbana,Redes sociales,4,32,1070000,No
101017,75,Biobío,Urbana,Redes sociales,8,38,930000,Sí
104811,53,Biobío,Urbana,Redes sociales,3,58,1440000,Sí
102732,53,Valparaíso,Urbana,Televisión,4,39,1450000,Sí
104256,45,Maule,Urbana,Prensa digital,4,43,860000,No
103535,33,Maule,Urbana,Televisión,4,44,440000,Sí
102547,50,Valparaíso,Urbana,Prensa digital,6,49,1380000,Sí
104226,46,Metropolitana,Urbana,Redes sociales,9,50,590000,No
101287,42,Metropolitana,Urbana,Redes sociales,10,35,570000,Sí
101129,55,Metropolitana,Rural,Prensa digital,4,34,990000,Sí
104225,65,Coquimbo,Urbana,Redes sociales,7,22,540000,Sí
101124,74,Coquimbo,Rural,Televisión,8,44,600000,Sí
102068,47,Maule,Urbana,Televisión,7,46,1680000,No
104541,59,Maule,Rural,Redes sociales,10,62,1010000,No
100447,47,Maule,Urbana,Redes sociales,2,54,2050000,Sí
100995,43,Metropolitana,Urbana,Redes sociales,8,48,1840000,Sí
100848,74,Coquimbo,Urbana,Prensa digital,9,47,460000,Sí
101255,33,Coquimbo,Rural,Redes sociales,7,40,600000,Sí
102865,69,Coquimbo,Urbana,Televisión,5,51,740000,Sí
100091,60,O'Higgins,Urbana,Televisión,2,51,1000000,Sí
104359,69,Metropolitana,Urbana,Prensa digital,3,36,820000,Sí
103544,50,Maule,Urbana,Televisión,9,57,1530000,Sí
103767,57,Biobío,Urbana,Redes sociales,5,52,420000,Sí
104866,37,Metropolitana,Urbana,Prensa digital,7,46,650000,Sí
101081,72,Biobío,Urbana,Televisión,7,41,880000,Sí
102099,45,METROPOLITANA,Urbana,Prensa digital,7,69,560000,No
101181,55,O'Higgins,Rural,Prensa digital,2,44,970000,Sí
101942,40,Biobío,Urbana,Redes sociales,8,41,990000,Sí
103388,18,Coquimbo,Urbana,Redes sociales,5,38,510000,Sí
102494,64,Maule,Rural,Prensa digital,3,60,980000,Sí
102765,50,Metropolitana,Rural,Televisión,4,46,340000,Sí
100229,18,Coquimbo,Rural,Redes sociales,10,47,1290000,Sí
104813,34,O'Higgins,Urbana,Redes sociales,8,80,1610000,No
103327,56,valparaiso,Urbana,Prensa digital,4,88,520000,Sí
103882,42,Biobío,Urbana,Prensa digital,2,38,1440000,Sí
101972,,Coquimbo,Rural,Televisión,10,50,350000,No
104336,41,O'Higgins,Rural,Prensa digital,4,42,700000,Sí
101497,52,Metropolitana,Urbana,Televisión,7,23,470000,Sí
103454,40,O'Higgins,Urbana,Televisión,3,27,530000,No
103955,36,Biobío,Urbana,Televisión,10,36,640000,Sí
102054,19,Metropolitana,Urbana,Televisión,6,43,790000,Sí
102381,20,Metropolitana,Urbana,Televisión,3,37,870000,No
100569,,Coquimbo,Urbana,Televisión,4,55,790000,Sí
102653,55,Metropolitana,Urbana,Televisión,6,53,1400000,No
102199,66,Coquimbo,Urbana,Televisión,5,51,470000,Sí
100038,42,Valparaíso,Rural,Televisión,7,56,770000,Sí
100989,64,Metropolitana,Rural,Redes sociales,8,80,1120000,Sí
103145,25,Metropolitana,Urbana,Prensa digital,3,44,650000,Sí
100939,53,Biobío,Urbana,Radio,7,70,340000,Sí
101407,57,Metropolitana,Urbana,Prensa digital,9,36,1870000,Sí
100696,58,Metropolitana,Urbana,Prensa digital,3,38,710000,Sí
104413,30,Valparaíso,Urbana,Redes sociales,8,65,400000,Sí
100711,21,Valparaíso,Urbana,Redes sociales,2,12,1450000,Sí
104718,35,Metropolitana,Rural,Televisión,1,71,280000,No
101738,49,Metropolitana,Urbana,Redes sociales,4,33,1690000,Sí
101666,,Valparaíso,Rural,Redes sociales,1,59,730000,Sí
100692,46,Coquimbo,Urbana,Radio,5,59,1710000,Sí
100400,42,Metropolitana,Rural,Televisión,5,55,1290000,Sí
101815,57,Metropolitana,Urbana,Redes sociales,2,59,770000,Sí
100819,53,Maule,Urbana,Redes sociales,4,63,460000,Sí
100508,49,Biobío,Urbana,Prensa digital,9,42,310000,Sí
103221,47,Biobío,Urbana,Redes sociales,4,63,860000,Sí
103928,34,Metropolitana,Urbana,Redes sociales,7,37,1460000,No
104527,58,Biobío,Urbana,Redes sociales,7,65,2400000,No
100828,59,Metropolitana,Urbana,Televisión,3,52,1930000,Sí
103143,37,Valparaíso,Urbana,Radio,1,76,510000,No
102851,25,Metropolitana,Urbana,Televisión,2,84,610000,No
102575,43,Biobío,Urbana,Redes sociales,1,30,530000,Sí
103209,56,Valparaíso,Urbana,Prensa digital,10,61,1040000,Sí
104206,46,Valparaíso,Urbana,Redes sociales,3,41,440000,No
103208,87,Valparaíso,Urbana,Radio,5,59,730000,Sí
100968,18,Metropolitana,Urbana,Prensa digital,7,31,290000,Sí
101833,,Metropolitana,Rural,Redes sociales,4,70,880000,Sí
101599,55,Biobío,Urbana,Televisión,2,57,1990000,No
101321,84,Coquimbo,Urbana,Redes sociales,2,19,430000,No
103295,52,Metropolitana,Rural,Radio,7,61,540000,No
102355,65,Metropolitana,Urbana,Televisión,7,42,400000,No
102761,43,O'Higgins,Urbana,Prensa digital,2,81,420000,Sí
100234,55,Valparaíso,Rural,Televisión,5,52,770000,Sí
103719,64,Metropolitana,Urbana,Redes sociales,9,51,2430000,No
104833,54,Biobío,Urbana,Televisión,1,45,460000,No
104758,42,Maule,Urbana,Prensa digital,10,52,1140000,Sí
101957,,Metropolitana,Rural,Redes sociales,6,63,3870000,Sí
102691,60,Biobío,Urbana,Prensa digital,7,45,1330000,Sí
101836,33,Coquimbo,Urbana,Prensa digital,10,19,860000,Sí
104465,31,Biobío,Rural,Redes sociales,2,83,600000,Sí
102923,31,Metropolitana,Urbana,Televisión,1,27,1100000,Sí
102857,27,Maule,Rural,Radio,3,57,1170000,Sí
103969,,Metropolitana,Urbana,Radio,4,28,1160000,Sí
104610,56,Valparaíso,Rural,Redes sociales,2,49,620000,Sí
103709,73,O'Higgins,Rural,Prensa digital,5,70,470000,Sí
100445,48,Maule,Urbana,Prensa digital,4,33,280000,No
104197,45,Metropolitana,Urbana,Radio,3,18,380000,Sí
102513,,Metropolitana,Urbana,Redes sociales,3,59,460000,Sí
103563,46,Metropolitana,Urbana,Radio,7,32,500000,No
101500,61,Biobío,Urbana,Redes sociales,4,43,280000,Sí
102719,30,Metropolitana,Rural,Redes sociales,5,50,680000,Sí
101465,57,Metropolitana,Urbana,Radio,1,31,630000,Sí
102895,76,Valparaíso,Urbana,Televisión,10,45,1040000,No
102197,18,Metropolitana,Urbana,Redes sociales,3,52,470000,Sí
104746,28,Maule,Urbana,Televisión,4,24,470000,No
103423,33,Maule,Rural,Televisión,9,55,610000,Sí
101802,50,Coquimbo,Urbana,Radio,5,28,570000,Sí
100267,,Coquimbo,Urbana,Redes sociales,2,26,1570000,Sí
100920,,Valparaíso,Urbana,Televisión,6,20,610000,No
101780,36,Valparaíso,Urbana,Prensa digital,4,39,890000,Sí
100760,34,Biobío,Urbana,Redes sociales,6,83,910000,Sí
100443,54,Metropolitana,Urbana,Redes sociales,2,65,640000,No
101609,34,Metropolitana,Urbana,Televisión,10,68,280000,Sí
103618,34,Biobío,Rural,Radio,5,49,840000,Sí
100069,74,Biobío,Urbana,Redes sociales,4,33,570000,Sí
101166,31,O'Higgins,Urbana,Prensa digital,5,85,1850000,Sí
104411,46,O'Higgins,Urbana,Prensa digital,3,78,890000,Sí
100852,44,Maule,Urbana,Redes sociales,10,61,1370000,Sí
101134,56,Metropolitana,Urbana,Televisión,7,42,700000,Sí
102124,34,Valparaíso,Urbana,Televisión,2,35,1040000,No
101110,,Metropolitana,Urbana,Redes sociales,9,65,280000,No
101672,73,Metropolitana,Urbana,Redes sociales,7,55,280000,No
100987,44,Valparaíso,Urbana,Televisión,5,47,820000,Sí
103415,61,Metropolitana,Urbana,Redes sociales,5,17,750000,Sí
102896,77,Biobío,Urbana,Redes sociales,5,4,780000,Sí
103378,73,Metropolitana,Urbana,Redes sociales,4,52,650000,Sí
101701,59,Maule,Rural,Redes sociales,10,56,670000,Sí
104640,76,Metropolitana,Urbana,Redes sociales,3,73,2510000,Sí
101688,38,O'Higgins,Urbana,Redes sociales,1,35,970000,Sí
103402,45,Coquimbo,Rural,Radio,2,32,1130000,Sí
101818,67,Coquimbo,Urbana,Prensa digital,1,48,670000,No
102287,56,Metropolitana,Urbana,Redes sociales,4,43,590000,Sí
100484,73,Biobío,Rural,Televisión,1,12,1040000,Sí
104042,57,Maule,Rural,Prensa digital,9,59,2030000,Sí
100802,76,Metropolitana,Urbana,Redes sociales,2,48,750000,Sí
100105,67,Metropolitana,Rural,Televisión,9,55,370000,No
104127,52,Metropolitana,Urbana,Prensa digital,8,13,850000,Sí
103572,51,Metropolitana,Urbana,Televisión,9,55,1020000,No
101401,56,Metropolitana,Rural,Televisión,3,40,390000,Sí
103486,66,Metropolitana,Urbana,Televisión,2,69,450000,Sí
104253,35,Metropolitana,Rural,Radio,2,50,1690000,No
101793,37,Metropolitana,Urbana,Prensa digital,8,56,1500000,No
100291,78,Biobío,Urbana,Televisión,2,41,430000,No
101163,32,Coquimbo,Urbana,Redes sociales,2,21,1110000,Sí
101421,34,O'Higgins,Urbana,Televisión,10,40,1140000,Sí
102673,32,Biobío,Urbana,Televisión,4,0,660000,No
103479,33,Valparaíso,Urbana,Redes sociales,10,68,1480000,No
101709,29,O'Higgins,Urbana,Redes sociales,8,39,970000,No
102694,48,Maule,Urbana,Prensa digital,1,49,960000,Sí
100515,,Valparaíso,Urbana,Redes sociales,6,54,450000,Sí
101083,63,Biobío,Urbana,Redes sociales,10,26,860000,Sí
100282,48,Metropolitana,Urbana,Televisión,8,62,1420000,No
101392,44,O'Higgins,Urbana,Televisión,6,54,1150000,Sí
102212,64,Metropolitana,Rural,Radio,9,39,1000000,No
104913,67,Valparaíso,Urbana,Prensa digital,2,57,390000,Sí
104533,34,Biobío,Rural,Televisión,9,53,2010000,Sí
100831,34,Metropolitana,Urbana,Redes sociales,9,28,1080000,Sí
100459,32,Coquimbo,Urbana,Redes sociales,9,68,400000,Sí
102219,38,Metropolitana,Urbana,Redes sociales,9,18,680000,Sí
102911,50,Metropolitana,Urbana,Prensa digital,2,42,370000,Sí
103661,50,Coquimbo,Urbana,Prensa digital,1,60,380000,Sí
102794,57,Metropolitana,Urbana,Radio,4,17,820000,Sí
100391,28,Biobío,Urbana,Redes sociales,3,44,1420000,Sí
101851,67,O'Higgins,Rural,Radio,4,44,800000,No
103037,26,Metropolitana,Urbana,Prensa digital,8,31,620000,No
103053,57,O'Higgins,Urbana,Televisión,5,50,870000,Sí
102078,38,Metropolitana,Rural,Televisión,6,56,540000,No
104102,62,Metropolitana,Urbana,Redes sociales,1,45,380000,No
103759,44,Valparaíso,Rural,Redes sociales,6,22,1230000,No
102080,45,Valparaíso,Urbana,Prensa digital,9,63,770000,No
104743,58,Valparaíso,Urbana,Prensa digital,7,45,1150000,Sí
102611,59, Metropolitana ,Urbana,Redes sociales,8,54,380000,Sí
103815,70,Coquimbo,Urbana,Televisión,5,76,2650000,Sí
104869,38,Biobío,Urbana,Redes sociales,10,11,1000000,Sí
102074,36,Metropolitana,Urbana,Prensa digital,3,21,990000,Sí
103929,42,Metropolitana,Rural,Televisión,2,26,810000,Sí
101326,62,Metropolitana,Rural,Prensa digital,8,52,1120000,No
100111,26,Valparaíso,Urbana,Redes sociales,6,32,1010000,No
102536,40,Metropolitana,Urbana,Televisión,6,47,520000,No
102877,47,Biobío,Urbana,Radio,10,66,410000,No
100940,41,Coquimbo,Urbana,Radio,7,73,950000,No
100818,63,Metropolitana,Urbana,Prensa digital,5,43,580000,No
103781,69,Valparaíso,Urbana,Redes sociales,1,43,500000,Sí
102026,55,O'Higgins,Rural,Radio,8,56,820000,No
103685,47,Biobío,Urbana,Radio,7,67,740000,Sí
104859,47,Metropolitana,Urbana,Redes sociales,6,91,3590000,Sí
102601,54,Biobío,Urbana,Redes sociales,3,77,310000,Sí
102253,66, Biobío ,Urbana,Redes sociales,1,18,890000,Sí
102784,39,METROPOLITANA,Urbana,Televisión,5,34,890000,No
100175,40,Biobío,Urbana,Televisión,6,0,280000,Sí
100952,54,Metropolitana,Urbana,Redes sociales,8,29,280000,No
100780,37,Metropolitana,Urbana,Prensa digital,2,49,1110000,Sí
102636,24,Metropolitana,Urbana,Televisión,1,57,420000,No
103510,58,Metropolitana,Urbana,Televisión,2,20,1340000,Sí
104672,54,Metropolitana,Urbana,Redes sociales,3,47,1400000,Sí
104167,,Maule,Urbana,Prensa digital,4,44,820000,Sí
103438,34,Metropolitana,Urbana,Televisión,10,23,550000,Sí
102170,44,Metropolitana,Urbana,Redes sociales,3,70,460000,No
100998,70,Biobío,Urbana,Redes sociales,6,24,1410000,Sí
102395,38,Metropolitana,Urbana,Televisión,6,29,380000,No
102508,56,Biobío,Urbana,Prensa digital,9,46,420000,Sí
104536,29,Coquimbo,Urbana,Redes sociales,6,26,2010000,Sí
104448,50,Maule,Rural,Redes sociales,4,39,1020000,No
103710,64,O'Higgins,Urbana,Televisión,4,69,1650000,No
100269,30,Metropolitana,Urbana,Prensa digital,10,48,810000,No
103564,52,Valparaíso,Urbana,Televisión,5,84,2050000,Sí
103333,48,Biobío,Rural,Radio,6,34,980000,Sí
104404,65,Coquimbo,Urbana,Prensa digital,10,29,590000,Sí
100108,45,Metropolitana,Urbana,Televisión,5,29,860000,Sí
101828,73,Metropolitana,Rural,Radio,7,36,480000,No
104118,72,Valparaíso,Urbana,Prensa digital,9,38,1270000,Sí
101748,47,Biobío,Rural,Radio,10,32,510000,No
100947,46,Metropolitana,Urbana,Prensa digital,7,15,280000,Sí
103320,,Biobío,Urbana,Televisión,1,13,630000,Sí
101189,33,Valparaíso,Urbana,Redes sociales,10,62,1480000,No
100271,54,Coquimbo,Urbana,Televisión,7,55,690000,Sí
100917,72,Coquimbo,Urbana,Televisión,6,38,700000,No
102315,64,Biobío,Urbana,Redes sociales,1,61,600000,Sí
100072,36,Metropolitana,Urbana,Redes sociales,2,60,480000,Sí
102233,53,Metropolitana,Urbana,Radio,7,57,1420000,Sí
102969,55,Valparaíso,Urbana,Prensa digital,1,43,390000,Sí
102313,30,Metropolitana,Rural,Radio,2,46,320000,Sí
104678,60,Metropolitana,Urbana,Prensa digital,3,31,600000,Sí
103093,54,Metropolitana,Rural,Radio,2,64,1010000,Sí
103494,53,O'Higgins,Urbana,Prensa digital,10,46,1030000,No
104059,45,Metropolitana,Urbana,Prensa digital,7,28,2190000,Sí
102926,41,Coquimbo,Urbana,Redes sociales,6,74,350000,Sí
103090,52,Biobío,Rural,Redes sociales,2,49,2580000,Sí
103648,37,Metropolitana,Urbana,Prensa digital,9,51,280000,No
104367,,Maule,Urbana,Radio,6,56,650000,Sí
103222,40,Biobío,Urbana,Redes sociales,1,42,560000,Sí
100690,52,Metropolitana,Urbana,Radio,2,70,340000,Sí
102467,46,Biobío,Rural,Prensa digital,7,33,600000,Sí
100138,57,Metropolitana,Urbana,Radio,3,49,360000,Sí
102425,57,Maule,Rural,Redes sociales,5,48,310000,Sí
103547,,O'Higgins,Rural,Redes sociales,6,43,820000,Sí
100070,72,Metropolitana,Urbana,Televisión,2,38,720000,Sí
101507,55,O'Higgins,Urbana,Televisión,3,31,500000,Sí
100517,32,Metropolitana,Urbana,Redes sociales,6,51,300000,Sí
101430,29,Coquimbo,Urbana,Redes sociales,7,40,1020000,Sí
100634,47,Metropolitana,Urbana,Redes sociales,4,39,1170000,Sí
101156,50,Metropolitana,Urbana,Televisión,10,33,770000,No
101785,54,Valparaíso,Urbana,Radio,3,61,410000,No
101117,57,Valparaíso,Rural,Redes sociales,9,52,440000,Sí
101504,36,Maule,Rural,Prensa digital,6,21,470000,Sí
102879,37,Biobío,Urbana,Radio,7,28,400000,No
101790,37,Maule,Urbana,Prensa digital,6,30,790000,No
102683,66,Coquimbo,Urbana,Redes sociales,8,71,810000,Sí
104847,67,Metropolitana,Rural,Televisión,5,46,1170000,No
100240,32,Metropolitana,Urbana,Redes sociales,4,34,440000,Sí
101260,56,Metropolitana,Urbana,Prensa digital,5,39,740000,Sí
100258,84,Metropolitana,Urbana,Redes sociales,9,79,960000,Sí
101899,45,Coquimbo,Urbana,Redes sociales,7,41,1240000,Sí
104099,49,Biobío,Rural,Televisión,8,35,400000,Sí
102681,27,Metropolitana,Urbana,Redes sociales,1,37,570000,No
103445,35,Metropolitana,Urbana,Redes sociales,5,45,1470000,No
102173,65,Coquimbo,Urbana,Televisión,10,73,610000,Sí
103027,37,Metropolitana,Urbana,Radio,4,14,470000,Sí
104751,57,Valparaíso,Urbana,Radio,10,33,530000,No
104189,23,Biobío,Urbana,Televisión,8,84,2350000,No
104315,52,Valparaíso,Urbana,Redes sociales,5,45,350000,Sí
104836,56,O'Higgins,Urbana,Televisión,9,81,1610000,Sí
103546,30,Metropolitana,Urbana,Televisión,2,20,590000,No
104887,65,Metropolitana,Urbana,Televisión,1,33,970000,Sí
100239,55,O'Higgins,Urbana,Televisión,8,73,890000,Sí
103657,26,o'higgins,Urbana,Redes sociales,5,43,1400000,Sí
100078,31,Biobío,Rural,Televisión,9,45,280000,No
100217,28,Maule,Rural,Prensa digital,1,29,1190000,No
102720,70,Metropolitana,Urbana,Redes sociales,10,62,360000,Sí
103588,24,O'Higgins,Urbana,Prensa digital,6,10,1740000,Sí
102954,48,Maule,Urbana,Redes sociales,1,39,440000,Sí
102252,47,Coquimbo,Urbana,Televisión,7,38,660000,Sí
104899,31,O'Higgins,Urbana,Televisión,9,42,1470000,No
100710,39,Biobío,Urbana,Radio,8,47,1160000,No
102234,52,VALPARAÍSO,Urbana,Prensa digital,5,63,290000,Sí
103146,64,Maule,Urbana,Radio,2,50,910000,No
100856,,O'Higgins,Urbana,Redes sociales,7,23,740000,Sí
102783,48,Valparaíso,Urbana,Televisión,3,68,450000,Sí
100120,41,Valparaíso,Urbana,Prensa digital,7,39,350000,Sí
102963,74,Biobío,Urbana,Redes sociales,6,21,1120000,Sí
103840,65,Metropolitana,Rural,Televisión,7,32,1340000,Sí
101920,27,Metropolitana,Urbana,Televisión,10,60,650000,Sí
102730,53,Valparaíso,Rural,Redes sociales,1,49,1450000,Sí
102164,40,Biobío,Urbana,Redes sociales,5,46,750000,No
101463,59,Metropolitana,Urbana,Prensa digital,8,16,1250000,No
103624,70,Biobío,Urbana,Televisión,5,64,370000,No
102354,56,Metropolitana,Urbana,Televisión,5,42,1030000,Sí
101707,32,Metropolitana,Rural,Redes sociales,9,71,400000,Sí
104268,70,Metropolitana,Urbana,Redes sociales,10,49,530000,Sí
102848,46,Biobío,Urbana,Radio,8,42,1920000,Sí
101293,32,Biobío,Urbana,Prensa digital,1,0,300000,No
101289,55,Coquimbo,Urbana,Redes sociales,8,59,930000,Sí
103746,27,Metropolitana,Urbana,Televisión,8,70,360000,No
101467,32,Valparaíso,Urbana,Redes sociales,7,64,1300000,No
100433,32,Biobío,Rural,Redes sociales,10,51,280000,Sí
104078,60,Metropolitana,Rural,Prensa digital,8,10,720000,No
100984,40,Biobío,Urbana,Prensa digital,1,50,340000,Sí
101173,49,Biobío,Urbana,Televisión,7,46,550000,Sí
104158,44,Metropolitana,Urbana,Televisión,2,75,900000,Sí
102529,46,Metropolitana,Rural,Televisión,7,54,950000,Sí
103458,30,Metropolitana,Urbana,Radio,1,47,490000,Sí
102323,72,Metropolitana,Urbana,Redes sociales,9,59,2230000,No
102491,66,Coquimbo,Urbana,Prensa digital,9,57,1280000,Sí
102888,45,Metropolitana,Urbana,Redes sociales,7,57,1940000,No
103364,48,Valparaíso,Urbana,Prensa digital,1,82,380000,Sí
104826,41,Metropolitana,Rural,Radio,3,28,1360000,No
104290,80,Metropolitana,Urbana,Redes sociales,7,61,280000,Sí
104543,57,Coquimbo,Urbana,Radio,7,35,650000,Sí
101436,64,Valparaíso,Urbana,Redes sociales,5,41,1370000,Sí
100100,28,Coquimbo,Urbana,Radio,3,32,690000,Sí
104214,60,Valparaíso,Urbana,Radio,5,59,450000,No
101930,49,Metropolitana,Urbana,Prensa digital,9,89,660000,Sí
104116,58, Metropolitana ,Urbana,Radio,2,34,280000,Sí
101208,27,Metropolitana,Urbana,Prensa digital,9,44,750000,Sí
101471,79,Valparaíso,Urbana,Redes sociales,5,32,410000,Sí
102606,34,Metropolitana,Urbana,Televisión,8,43,1630000,Sí
103375,27,Metropolitana,Rural,Prensa digital,3,72,1200000,Sí
102823,42,Biobío,Rural,Redes sociales,9,55,1010000,Sí
102943,56,Coquimbo,Urbana,Prensa digital,2,48,2130000,Sí
103403,51,Metropolitana,Urbana,Televisión,7,47,910000,No
104030,43,Metropolitana,Urbana,Redes sociales,6,26,450000,No
103566,34,Maule,Rural,Redes sociales,8,50,780000,Sí
104564,46,Metropolitana,Urbana,Redes sociales,5,7,330000,Sí
103173,52,Metropolitana,Urbana,Televisión,4,31,740000,Sí
102435,47,Biobío,Urbana,Prensa digital,8,55,650000,Sí
104792,54,Metropolitana,Urbana,Redes sociales,7,47,630000,Sí
104865,23,Maule,Urbana,Redes sociales,6,42,1940000,No
103732,36,Metropolitana,Urbana,Televisión,3,53,450000,Sí
104848,69,Maule,Urbana,Redes sociales,8,89,320000,Sí
104773,67,Biobío,Urbana,Televisión,10,66,770000,Sí
104476,38,Valparaíso,Urbana,Televisión,1,61,820000,Sí
100161,,Biobío,Urbana,Prensa digital,10,71,620000,Sí
100346,46,Metropolitana,Urbana,Redes sociales,2,74,1350000,No
104628,58,O'Higgins,Urbana,Redes sociales,4,26,570000,No
100022,,Metropolitana,Urbana,Televisión,4,51,710000,Sí
104389,47,Biobío,Urbana,Redes sociales,2,62,550000,No
103324,24,Metropolitana,Urbana,Prensa digital,4,47,280000,Sí
101943,41,Coquimbo,Rural,Redes sociales,9,72,720000,Sí
100268,66,Metropolitana,Urbana,Prensa digital,7,55,690000,Sí
100224,32,Metropolitana,Urbana,Redes sociales,8,41,970000,No
103463,70,Valparaíso,Urbana,Televisión,1,56,2340000,Sí
103842,43,Biobío,Urbana,Televisión,9,58,1240000,No
102481,43,Maule,Urbana,Televisión,10,43,780000,No
104620,47,Metropolitana,Urbana,Televisión,6,32,950000,Sí
103465,61,Maule,Rural,Prensa digital,4,34,900000,Sí
100047,,Valparaíso,Urbana,Radio,3,63,460000,No
100467,27,Metropolitana,Rural,Redes sociales,6,21,1610000,Sí
102461,49,Metropolitana,Urbana,Redes sociales,10,67,280000,Sí
101516,42,Maule,Urbana,Televisión,10,55,620000,Sí
103459,36,Biobío,Urbana,Redes sociales,4,62,800000,Sí
102950,36,Biobío,Urbana,Radio,1,71,1290000,Sí
101465,57,Metropolitana,Urbana,Radio,1,31,630000,Sí
101310,37,Metropolitana,Urbana,Prensa digital,4,44,600000,Sí
100449,66,Metropolitana,Urbana,Televisión,9,46,310000,No
104487,65,Metropolitana,Urbana,Prensa digital,9,61,650000,Sí
102531,29,Maule,Urbana,Televisión,7,71,390000,No
100235,38,Biobío,Urbana,Televisión,5,34,1030000,Sí
100413,65,Valparaíso,Urbana,Redes sociales,8,60,530000,Sí
103881,18,O'Higgins,Urbana,Redes sociales,5,32,480000,Sí
102669,71,Metropolitana,Urbana,Redes sociales,9,59,1290000,Sí
102678,25,Biobío,Urbana,Redes sociales,7,42,490000,No
100595,68,Metropolitana,Urbana,Televisión,6,25,590000,Sí
102438,41,Valparaíso,Urbana,Televisión,2,16,280000,No
101873,37,Metropolitana,Urbana,Televisión,8,22,920000,No
104908,,O'Higgins,Urbana,Redes sociales,9,73,1220000,Sí
104763,,Valparaíso,Urbana,Prensa digital,6,75,710000,Sí
101816,,Metropolitana,Rural,Radio,10,41,690000,Sí
101215,41,O'Higgins,Urbana,Redes sociales,3,84,1460000,No
102514,45,Valparaíso,Urbana,Televisión,8,52,810000,Sí
101846,53,Biobío,Urbana,Prensa digital,6,57,280000,Sí
103782,74,Valparaíso,Urbana,Redes sociales,3,76,490000,Sí
100316,,Valparaíso,Urbana,Redes sociales,9,27,990000,Sí
102984,36,Metropolitana,Urbana,Redes sociales,9,52,1070000,No
102979,30,Metropolitana,Urbana,Redes sociales,5,64,1370000,Sí
100757,65,Metropolitana,Urbana,Prensa digital,1,58,1770000,Sí
103727,39,Metropolitana,Rural,Redes sociales,8,18,530000,Sí
100426,32,Biobío,Urbana,Radio,9,58,1290000,Sí
102260,65,Metropolitana,Urbana,Radio,10,46,280000,Sí
103162,36,Metropolitana,Urbana,Radio,10,46,1670000,Sí
101180,26,Coquimbo,Urbana,Redes sociales,3,16,660000,Sí
102221,42,Maule,Urbana,Radio,5,75,650000,Sí
103373,38,Metropolitana,Urbana,Televisión,7,25,1190000,No
101805,57,Biobío,Urbana,Redes sociales,5,8,550000,No
100345,38,Maule,Urbana,Redes sociales,7,24,1860000,No
102217,,Maule,Urbana,Prensa digital,2,76,710000,Sí
104058,50,O'Higgins,Urbana,Prensa digital,4,27,1970000,Sí
103643,63,Metropolitana,Urbana,Redes sociales,4,55,340000,Sí
100553,26,O'Higgins,Urbana,Televisión,8,36,1080000,Sí
100301,44,Biobío,Urbana,Redes sociales,5,22,1380000,Sí
100533,53,Metropolitana,Rural,Radio,1,39,1080000,No
104754,22,Metropolitana,Urbana,Redes sociales,7,25,1690000,No
104048,35,Valparaíso,Urbana,Televisión,3,33,960000,Sí
100132,25,Metropolitana,Urbana,Radio,9,68,2890000,Sí
101380,72,Valparaíso,Rural,Televisión,2,70,1610000,Sí
104486,31,Metropolitana,Rural,Televisión,3,51,980000,Sí
103906,53,Coquimbo,Urbana,Prensa digital,1,55,440000,No
101276,,Metropolitana,Urbana,Prensa digital,6,60,880000,Sí
100539,67,Metropolitana,Urbana,Redes sociales,1,59,590000,Sí
102129,45,Biobío,Urbana,Redes sociales,1,51,680000,Sí
103640,42,Metropolitana,Urbana,Redes sociales,4,78,1320000,No
100881,70,Metropolitana,Urbana,Radio,3,14,760000,Sí
103527,70,Metropolitana,Rural,Televisión,2,47,390000,No
101438,42,Metropolitana,Rural,Radio,10,62,330000,Sí
103894,61,Biobío,Urbana,Redes sociales,3,48,370000,Sí
101996,34,Metropolitana,Urbana,Redes sociales,10,26,2090000,Sí
104183,26,Biobío,Urbana,Prensa digital,2,45,390000,Sí
100171,57,Biobío,Urbana,Televisión,9,96,280000,Sí
102179,22,Metropolitana,Urbana,Televisión,7,50,740000,Sí
102160,30,Metropolitana,Urbana,Prensa digital,7,40,960000,Sí
104788,54,Valparaíso,Urbana,Prensa digital,10,71,1660000,Sí
101268,36,Metropolitana,Urbana,Radio,4,45,1730000,No
102159,22,Biobío,Rural,Radio,2,31,960000,Sí
102162,61,Metropolitana,Urbana,Redes sociales,2,61,520000,Sí
102496,67,Biobío,Urbana,Televisión,3,60,700000,Sí
102104,35,Valparaíso,Urbana,Televisión,8,32,1080000,No
104310,66,O'Higgins,Urbana,Televisión,9,75,600000,Sí
102141,50,Metropolitana,Rural,Redes sociales,8,13,840000,Sí
100121,20,Metropolitana,Urbana,Radio,1,45,510000,Sí
102020,59,Maule,Rural,Prensa digital,8,57,530000,Sí
100943,23,Metropolitana,Urbana,Radio,10,59,510000,No
103361,67,Metropolitana,Urbana,Radio,3,50,540000,Sí
101449,38,Metropolitana,Urbana,Televisión,10,61,470000,No
104699,49,O'Higgins,Urbana,Redes sociales,10,36,1140000,Sí
103351,33,Biobío,Urbana,Redes sociales,4,66,950000,Sí
103956,44,Valparaíso,Urbana,Prensa digital,3,57,1230000,No
102737,42,Valparaíso,Urbana,Prensa digital,4,52,1040000,No
101832,36,Valparaíso,Urbana,Prensa digital,7,45,520000,No
100576,27,Maule,Urbana,Televisión,2,44,700000,No
101745,59,Metropolitana,Rural,Prensa digital,10,43,370000,Sí
103529,23,O'Higgins,Urbana,Televisión,6,64,690000,No
103228,55,Maule,Urbana,Prensa digital,5,58,740000,No
101911,65,Metropolitana,Urbana,Redes sociales,7,60,730000,Sí
101869,28,O'Higgins,Urbana,Prensa digital,5,16,570000,Sí
103063,30,Maule,Urbana,Televisión,6,62,910000,No
100510,55,Metropolitana,Urbana,Redes sociales,7,27,1030000,Sí
103814,54,O'Higgins,Urbana,Redes sociales,3,56,620000,Sí
104429,,Biobío,Urbana,Redes sociales,4,39,1020000,Sí
103420,55,Valparaíso,Urbana,Redes sociales,1,56,780000,Sí
103975,32,O'Higgins,Urbana,Redes sociales,4,45,790000,Sí
103875,45,Metropolitana,Urbana,Redes sociales,1,39,1190000,No
100110,29,METROPOLITANA,Urbana,Televisión,1,32,1240000,No
103971,43,Biobío,Urbana,Radio,4,40,700000,Sí
101668,52,Valparaíso,Urbana,Televisión,6,33,1260000,Sí
101227,35,Metropolitana,Urbana,Redes sociales,5,58,960000,Sí
101030,55,O'Higgins,Urbana,Televisión,6,65,930000,No
100949,57,Coquimbo,Urbana,Televisión,10,49,1770000,No
101559,63,Valparaíso,Rural,Televisión,10,54,1160000,Sí
101535,58,O'Higgins,Urbana,Televisión,6,69,280000,No
100276,46,Valparaíso,Urbana,Redes sociales,9,9,480000,No
103584,29,Coquimbo,Urbana,Radio,1,39,380000,No
102573,33,Valparaíso,Urbana,Prensa digital,5,44,460000,No
104296,46,Metropolitana,Urbana,Prensa digital,10,49,400000,Sí
101052,37,Biobío,Urbana,Radio,7,55,1330000,Sí
101190,24,Metropolitana,Urbana,Redes sociales,5,35,430000,Sí
101640,35,Maule,Urbana,Redes sociales,8,59,280000,No
101400,61,Maule,Urbana,Redes sociales,2,41,380000,Sí
102983,67,Maule,Rural,Prensa digital,6,88,550000,No
102375,40,Metropolitana,Urbana,Televisión,7,55,800000,Sí
104298,47,Coquimbo,Rural,Redes sociales,10,40,1860000,Sí
100839,28,Metropolitana,Urbana,Redes sociales,4,39,1060000,No
104457,,O'Higgins,Urbana,Televisión,7,50,810000,No
100707,39,Metropolitana,Urbana,Televisión,4,67,710000,Sí
100371,31,Maule,Urbana,Radio,6,28,600000,No
104812,50,Metropolitana,Urbana,Redes sociales,1,43,580000,Sí
102401,43,Metropolitana,Rural,Prensa digital,10,55,650000,Sí
101317,43,Metropolitana,Urbana,Redes sociales,4,34,1500000,Sí
101125,64,Valparaíso,Urbana,Radio,7,55,430000,No
100776,,Valparaíso,Rural,Televisión,3,12,2420000,No
104635,37,Biobío,Urbana,Radio,7,73,520000,Sí
103789,62,Biobío,Urbana,Redes sociales,4,40,810000,Sí
103218,66,Biobío,Urbana,Redes sociales,2,34,420000,No
101102,39,Biobío,Urbana,Redes sociales,4,67,280000,No
103520,71,O'Higgins,Urbana,Prensa digital,2,87,770000,Sí
100572,60,Metropolitana,Urbana,Televisión,4,36,700000,Sí
100743,30,Coquimbo,Urbana,Televisión,1,17,1070000,Sí
102219,38,Metropolitana,Urbana,Redes sociales,9,18,680000,Sí
101499,48,Maule,Urbana,Televisión,4,46,1510000,Sí
104505,67,Biobío,Urbana,Redes sociales,5,55,1450000,No
103484,54,Valparaíso,Urbana,Redes sociales,7,79,1350000,Sí
101626,48,Metropolitana,Urbana,Redes sociales,5,8,360000,Sí
102138,66,Biobío,Rural,Redes sociales,1,74,280000,Sí
102157,67,Metropolitana,Rural,Radio,2,54,280000,Sí
100366,66,Metropolitana,Urbana,Prensa digital,2,76,530000,Sí
103825,34,O'Higgins,Urbana,Televisión,9,5,890000,Sí
103832,77,Maule,Urbana,Televisión,1,43,1190000,Sí
100525,51,Valparaíso,Urbana,Redes sociales,4,28,1630000,No
103613,47,Metropolitana,Urbana,Prensa digital,8,28,790000,Sí
100895,35,Metropolitana,Rural,Televisión,9,15,750000,No
102123,,Valparaíso,Rural,Televisión,8,34,570000,Sí
100994,26,Metropolitana,Rural,Prensa digital,3,41,820000,Sí
104636,58, Maule ,Rural,Televisión,2,47,690000,No
100225,46,Biobío,Urbana,Redes sociales,3,64,790000,Sí
100779,,O'Higgins,Urbana,Prensa digital,1,7,1120000,Sí
101931,,Maule,Urbana,Televisión,4,39,520000,No
103622,26,O'Higgins,Rural,Prensa digital,3,20,1800000,Sí
101588,34,Metropolitana,Urbana,Redes sociales,2,55,1470000,Sí
100327,46,Metropolitana,Rural,Radio,10,29,960000,No
102638,70,Maule,Urbana,Radio,9,31,280000,Sí
103015,33,Metropolitana,Urbana,Radio,3,49,1400000,Sí
103782,74,Valparaíso,Urbana,Redes sociales,3,76,490000,Sí
100867,40,Metropolitana,Urbana,Prensa digital,2,56,490000,Sí
100879,48,Metropolitana,Rural,Redes sociales,1,52,1390000,Sí
103136,64,Coquimbo,Urbana,Televisión,2,62,300000,Sí
103285,18,Metropolitana,Urbana,Redes sociales,7,41,280000,No
104039,41,Biobío,Urbana,Televisión,2,59,1210000,Sí
100050,53,Coquimbo,Urbana,Redes sociales,1,82,860000,Sí
102113,69,O'Higgins,Urbana,Prensa digital,9,53,330000,Sí
102711,,Metropolitana,Urbana,Prensa digital,1,84,560000,Sí
100154,46,Valparaíso,Rural,Redes sociales,9,34,1010000,No
103186,29,O'Higgins,Urbana,Televisión,10,31,1410000,Sí
100322,32,Coquimbo,Urbana,Redes sociales,4,32,510000,Sí
102786,47,Metropolitana,Urbana,Televisión,9,35,450000,No
101885,79,O'Higgins,Urbana,Radio,8,44,1000000,Sí
101357,55, Metropolitana ,Urbana,Televisión,1,52,650000,No
102736,31,Metropolitana,Rural,Televisión,7,43,630000,Sí
103205,,Biobío,Urbana,Televisión,10,62,1120000,Sí
101263,42,O'Higgins,Urbana,Televisión,7,41,1460000,Sí
100109,32,Metropolitana,Urbana,Prensa digital,9,33,420000,No
103077,50,Metropolitana,Urbana,Prensa digital,8,35,1030000,Sí
102036,57,Biobío,Urbana,Redes sociales,6,69,360000,Sí
100146,39,O'Higgins,Rural,Prensa digital,5,60,520000,Sí
101086,62,O'Higgins,Urbana,Televisión,3,79,1960000,Sí
104178,47,biobío,Urbana,Prensa digital,10,29,490000,Sí
103058,53,valparaiso,Rural,Televisión,3,38,900000,Sí
104056,31,Maule,Urbana,Prensa digital,5,61,340000,No
101517,,Coquimbo,Urbana,Prensa digital,9,47,1860000,Sí
104117,63,Coquimbo,Urbana,Televisión,2,42,730000,Sí
101302,56,O'Higgins,Urbana,Redes sociales,1,42,570000,No
103541,45,Valparaíso,Rural,Televisión,4,18,1250000,Sí
100372,30,Valparaíso,Urbana,Redes sociales,8,52,920000,No
102369,49,Metropolitana,Urbana,Redes sociales,1,39,750000,Sí
101348,38,Biobío,Rural,Prensa digital,5,40,280000,No
103041,56,Biobío,Urbana,Radio,6,44,440000,Sí
103117,62,Coquimbo,Urbana,Televisión,7,20,1080000,Sí
103223,41,Maule,Urbana,Televisión,8,68,1850000,No
101704,65,Valparaíso,Rural,Televisión,10,76,420000,Sí
101000,40,Metropolitana,Urbana,Redes sociales,10,40,840000,Sí
102345,,Valparaíso,Urbana,Radio,9,19,600000,Sí
102512,48,Biobío,Urbana,Radio,8,34,2650000,Sí
103865,47,Coquimbo,Urbana,Televisión,4,76,540000,Sí
104065,25,Valparaíso,Urbana,Radio,3,60,980000,No
102231,65,O'Higgins,Urbana,Redes sociales,6,38,1290000,Sí
103940,63,Biobío,Rural,Redes sociales,3,41,760000,Sí
103525,27,Metropolitana,Urbana,Redes sociales,3,44,680000,Sí
102627,59,Metropolitana,Urbana,Prensa digital,7,57,640000,Sí
102811,38,O'Higgins,Urbana,Redes sociales,7,41,280000,No
101743,57,Valparaíso,Urbana,Redes sociales,3,34,1320000,Sí
102028,47,Valparaíso,Rural,Televisión,10,68,880000,No
100959,40,Coquimbo,Rural,Radio,8,30,490000,Sí
102870,65,O'Higgins,Rural,Redes sociales,5,47,1120000,No
102936,46,Metropolitana,Urbana,Radio,3,70,1840000,Sí
100025,,Metropolitana,Urbana,Radio,9,32,660000,No
100140,66,Metropolitana,Rural,Redes sociales,3,74,470000,Sí
103029,,Metropolitana,Urbana,Redes sociales,3,44,1040000,No
100814,40,O'Higgins,Urbana,Televisión,7,0,280000,Sí
104725,30,Valparaíso,Rural,Televisión,10,37,1540000,No
104717,52,Metropolitana,Urbana,Televisión,10,19,730000,Sí
104288,32,Metropolitana,Urbana,Redes sociales,7,32,1360000,No
101806,40,Metropolitana,Urbana,Televisión,9,59,760000,No
100495,61,Valparaíso,Rural,Redes sociales,9,35,1960000,Sí
100980,75,O'Higgins,Rural,Redes sociales,1,22,1770000,Sí
103026,33,O'Higgins,Urbana,Prensa digital,4,32,280000,Sí
101708,27,Metropolitana,Rural,Radio,9,60,1040000,No
104046,64,Metropolitana,Urbana,Televisión,1,27,630000,Sí
101252,66,Metropolitana,Urbana,Redes sociales,3,16,280000,Sí
100166,34,Biobío,Urbana,Prensa digital,8,54,420000,Sí
100084,44,Valparaíso,Urbana,Redes sociales,7,43,690000,Sí
104698,46,Valparaíso,Urbana,Redes sociales,4,35,600000,Sí
100373,77,Valparaíso,Urbana,Prensa digital,10,40,1560000,Sí
102237,71,O'Higgins,Urbana,Redes sociales,5,44,560000,No
100699,51,Coquimbo,Urbana,Redes sociales,6,52,2930000,No
101484,51,Valparaíso,Urbana,Prensa digital,3,71,450000,Sí
103279,64,Metropolitana,Urbana,Redes sociales,5,86,1550000,Sí
102048,50,Metropolitana,Urbana,Televisión,8,54,800000,Sí
100439,47,Metropolitana,Urbana,Televisión,9,41,850000,No
104514,44,Maule,Rural,Redes sociales,10,36,1540000,Sí
102400,67,Metropolitana,Rural,Redes sociales,2,72,800000,Sí
102574,48,Biobío,Urbana,Redes sociales,10,51,910000,No
103674,43,Metropolitana,Urbana,Redes sociales,7,48,820000,No
102325,26,Metropolitana,Urbana,Radio,10,49,730000,No
103213,70,Metropolitana,Urbana,Redes sociales,5,52,890000,No
103609,64,Coquimbo,Urbana,Redes sociales,8,62,1110000,Sí
101345,51,Valparaíso,Urbana,Televisión,5,50,280000,No
102634,48,O'Higgins,Urbana,Prensa digital,8,39,1100000,Sí
101686,33,Valparaíso,Urbana,Redes sociales,2,61,560000,Sí
103517,52,Metropolitana,Urbana,Televisión,7,20,1220000,No
102322,61,Valparaíso,Urbana,Televisión,9,75,420000,No
100727,24,Biobío,Urbana,Redes sociales,10,65,420000,No
100956,59,Metropolitana,Urbana,Redes sociales,10,42,430000,Sí
104382,40,Maule,Urbana,Redes sociales,4,0,280000,Sí
100971,36,Biobío,Urbana,Redes sociales,8,38,810000,No
103198,84,O'Higgins,Urbana,Redes sociales,5,16,520000,Sí
104077,,Metropolitana,Urbana,Televisión,7,69,800000,No
102770,63,Metropolitana,Urbana,Prensa digital,4,75,480000,Sí
101941,62,Metropolitana,Urbana,Redes sociales,2,52,890000,Sí
103573,25,Coquimbo,Rural,Televisión,10,37,790000,No
102361,,Valparaíso,Urbana,Redes sociales,3,44,780000,Sí
103623,64,O'Higgins,Urbana,Prensa digital,6,61,810000,Sí
103172,,Valparaíso,Urbana,Televisión,1,50,830000,Sí
102829,66,Maule,Urbana,Redes sociales,10,31,990000,No
104266,21,Metropolitana,Urbana,Redes sociales,1,69,650000,No
100049,36,Valparaíso,Urbana,Prensa digital,2,50,730000,Sí
100861,32,O'Higgins,Urbana,Redes sociales,8,59,590000,No
100957,42,Valparaíso,Urbana,Radio,10,40,3700000,No
101097,47,Metropolitana,Urbana,Redes sociales,3,54,1050000,Sí
100718,36,Metropolitana,Urbana,Redes sociales,4,27,540000,Sí
104402,44,O'Higgins,Urbana,Televisión,1,31,590000,Sí
103489,56,Coquimbo,Urbana,Redes sociales,4,33,770000,Sí
104000,24,Metropolitana,Urbana,Redes sociales,1,31,660000,Sí
104239,,Metropolitana,Urbana,Redes sociales,5,52,710000,No
100262,70,Metropolitana,Rural,Televisión,1,46,1820000,Sí
102957,36,Coquimbo,Rural,Televisión,9,82,500000,Sí
101108,26,Coquimbo,Urbana,Redes sociales,10,54,550000,Sí
102649,28,Metropolitana,Rural,Radio,2,49,670000,No
104888,42, Biobío ,Urbana,Radio,1,45,1140000,Sí
103554,43,Metropolitana,Urbana,Prensa digital,7,67,860000,Sí
102152,74,Coquimbo,Urbana,Redes sociales,7,32,660000,Sí
103382,48,Metropolitana,Urbana,Prensa digital,4,74,2930000,Sí
103350,62,Metropolitana,Urbana,Prensa digital,3,9,490000,Sí
103632,39,Metropolitana,Urbana,Televisión,1,31,700000,Sí
103434,37, Valparaíso ,Urbana,Redes sociales,2,43,1240000,Sí
104273,66,Maule,Urbana,Televisión,3,40,880000,No
104204,36,O'Higgins,Urbana,Redes sociales,10,42,540000,No
103461,24,O'Higgins,Urbana,Radio,10,5,540000,No
102629,68,Metropolitana,Urbana,Prensa digital,5,43,760000,Sí
100585,60,Biobío,Urbana,Prensa digital,3,21,470000,No
101880,48,Coquimbo,Urbana,Prensa digital,1,62,1690000,Sí
104696,31,Valparaíso,Urbana,Prensa digital,7,81,1550000,Sí
104017,47,Coquimbo,Urbana,Radio,5,66,880000,Sí
103301,61,Biobío,Urbana,Televisión,3,42,280000,Sí
101506,44,Metropolitana,Urbana,Televisión,9,54,1170000,No
104822,56,Valparaíso,Urbana,Redes sociales,10,17,3300000,Sí
102302,59,Metropolitana,Rural,Redes sociales,4,51,720000,Sí
101440,65,Metropolitana,Urbana,Redes sociales,1,47,2850000,No
101981,50,Valparaíso,Rural,Prensa digital,3,57,700000,No
103214,52,Coquimbo,Rural,Redes sociales,3,23,280000,No
100846,65,Coquimbo,Rural,Radio,8,27,1320000,Sí
103131,34,Maule,Urbana,Prensa digital,1,23,960000,No
100260,57,Metropolitana,Urbana,Redes sociales,5,58,990000,Sí
100890,21,Metropolitana,Urbana,Televisión,1,40,440000,No
103314,60,Coquimbo,Urbana,Prensa digital,2,32,400000,No
101481,,Biobío,Urbana,Redes sociales,8,48,720000,Sí
101075,42,O'Higgins,Urbana,Redes sociales,3,38,710000,No
103556,30,Biobío,Urbana,Redes sociales,9,45,660000,Sí
104880,,Valparaíso,Urbana,Televisión,8,42,880000,Sí
102525,50,Valparaíso,Rural,Redes sociales,4,52,1960000,Sí
104067,34,Maule,Rural,Prensa digital,2,39,1500000,Sí
102714,,Metropolitana,Urbana,Redes sociales,10,55,1320000,Sí
102012,28,Metropolitana,Urbana,Prensa digital,8,38,830000,Sí
104162,30,Valparaíso,Rural,Televisión,10,35,330000,No
103717,,Metropolitana,Urbana,Televisión,5,100,570000,No
101624,34,O'Higgins,Rural,Televisión,3,82,680000,Sí
103229,84,Maule,Urbana,Televisión,3,30,750000,No
102532,42,Valparaíso,Urbana,Redes sociales,5,62,1470000,Sí
104852,45,Metropolitana,Rural,Redes sociales,9,31,280000,Sí
100329,56,Biobío,Urbana,Prensa digital,4,53,1770000,Sí
103642,43,Valparaíso,Urbana,Radio,5,34,280000,No
100377,38,Metropolitana,Urbana,Televisión,4,64,730000,No
101298,47,Maule,Urbana,Televisión,2,68,450000,Sí
103650,43,Valparaíso,Urbana,Prensa digital,4,3,790000,No
104346,,Biobío,Rural,Televisión,3,54,1290000,Sí
103303,42,biobío,Rural,Redes sociales,10,68,410000,Sí
104240,41,Biobío,Urbana,Televisión,5,19,700000,Sí
101786,42,Coquimbo,Urbana,Redes sociales,9,32,680000,Sí
104573,48,Coquimbo,Rural,Prensa digital,6,59,830000,Sí
101034,66,Coquimbo,Urbana,Redes sociales,7,10,890000,No
100310,72,Biobío,Urbana,Radio,1,27,860000,Sí
100006,38,Metropolitana,Urbana,Redes sociales,10,12,850000,Sí
104345,44,Valparaíso,Urbana,Televisión,3,25,1100000,Sí
103910,42,Metropolitana,Urbana,Televisión,10,43,2560000,Sí
100411,58,Biobío,Urbana,Redes sociales,8,53,550000,Sí
104856,65,Metropolitana,Urbana,Redes sociales,7,60,600000,No
103158,36,Metropolitana,Rural,Prensa digital,5,28,670000,No
103600,18,Metropolitana,Urbana,Televisión,7,40,520000,No
102570,36,Biobío,Urbana,Prensa digital,9,57,1230000,Sí
101998,52,Metropolitana,Urbana,Televisión,10,47,1110000,Sí
103004,55,O'Higgins,Urbana,Prensa digital,2,51,1090000,Sí
100616,70,Maule,Urbana,Redes sociales,4,31,1070000,Sí
102594,73,Coquimbo,Urbana,Televisión,6,67,970000,Sí
103204,39,Metropolitana,Urbana,Prensa digital,2,81,600000,No
100823,18,Valparaíso,Urbana,Televisión,7,70,660000,No
103220,65,Metropolitana,Urbana,Redes sociales,3,55,670000,No
104174,51,Metropolitana,Urbana,Redes sociales,10,46,740000,Sí
104692,27,Metropolitana,Urbana,Televisión,10,40,930000,No
104080,38,Coquimbo,Rural,Redes sociales,1,24,330000,Sí
102868,44,O'Higgins,Urbana,Prensa digital,1,45,1020000,Sí
100233,40,Valparaíso,Urbana,Redes sociales,5,52,960000,No
102843,42,Biobío,Urbana,Televisión,1,43,1180000,No
101038,57,Coquimbo,Urbana,Televisión,10,36,620000,Sí
104188,,Coquimbo,Urbana,Televisión,3,53,920000,Sí
101638,55,Valparaíso,Rural,Televisión,5,54,1390000,No
101393,65,Metropolitana,Rural,Redes sociales,3,59,1220000,Sí
100893,68,Metropolitana,Rural,Radio,7,35,1520000,Sí
104181,20,Biobío,Urbana,Televisión,2,57,730000,No
100747,39,Valparaíso,Urbana,Prensa digital,6,68,1000000,Sí
103966,,Metropolitana,Urbana,Televisión,2,50,1150000,Sí
103203,22,O'Higgins,Urbana,Televisión,9,65,1130000,Sí
100412,29,Metropolitana,Urbana,Radio,6,52,820000,Sí
103581,56,Valparaíso,Urbana,Prensa digital,9,36,1000000,Sí
103212,31,Valparaíso,Rural,Prensa digital,10,66,410000,No
104271,,Metropolitana,Urbana,Prensa digital,4,36,870000,No
101039,42,Metropolitana,Rural,Radio,7,31,940000,No
103652,72,Metropolitana,Urbana,Televisión,8,58,1050000,Sí
101247,35,Metropolitana,Rural,Prensa digital,2,33,900000,No
100832,47,Maule,Urbana,Redes sociales,5,49,1260000,Sí
101016,34,O'Higgins,Urbana,Prensa digital,6,31,950000,No
101569,75,Coquimbo,Urbana,Redes sociales,6,57,590000,Sí
103414,36,Metropolitana,Urbana,Prensa digital,2,36,600000,No
104244,26,Metropolitana,Urbana,Redes sociales,10,57,1380000,Sí
102096,25,O'Higgins,Urbana,Prensa digital,7,44,1050000,Sí
104136,45,Biobío,Urbana,Radio,3,38,620000,No
104147,47,O'Higgins,Rural,Redes sociales,5,34,400000,Sí
103995,34,Coquimbo,Urbana,Prensa digital,9,41,480000,Sí
102311,26,Coquimbo,Urbana,Televisión,5,54,450000,Sí
103593,39,Metropolitana,Urbana,Redes sociales,10,37,1000000,No
102470,38,Metropolitana,Urbana,Redes sociales,6,28,630000,No
104561,62,Coquimbo,Urbana,Televisión,3,41,310000,Sí
104005,73,Valparaíso,Rural,Radio,1,33,1140000,Sí
101149,33,O'Higgins,Rural,Prensa digital,1,39,1050000,No
103676,69,Metropolitana,Urbana,Televisión,9,36,460000,Sí
100320,48,Metropolitana,Urbana,Televisión,3,63,810000,Sí
102143,79,Valparaíso,Urbana,Televisión,10,41,660000,Sí
104524,40,O'Higgins,Urbana,Televisión,8,36,1370000,No
101396,58,Maule,Urbana,Televisión,8,36,2250000,Sí
103437,,Metropolitana,Urbana,Televisión,8,0,420000,No
100932,60,Metropolitana,Urbana,Redes sociales,8,57,430000,Sí
100356,37,Metropolitana,Rural,Redes sociales,8,48,560000,Sí
102444,48,Maule,Urbana,Televisión,8,58,330000,No
104291,42,Metropolitana,Urbana,Prensa digital,6,23,340000,Sí
104062,43,Metropolitana,Rural,Redes sociales,2,31,830000,Sí
104898,32,Metropolitana,Urbana,Redes sociales,1,66,680000,Sí
104712,43,Maule,Urbana,Radio,4,12,1000000,Sí
102330,36,Biobío,Urbana,Prensa digital,4,36,650000,Sí
104074,56,Maule,Urbana,Radio,9,63,990000,Sí
102030,33,Maule,Urbana,Televisión,2,33,350000,Sí
103083,47,Metropolitana,Urbana,Redes sociales,7,51,1000000,No
102055,36,Valparaíso,Urbana,Radio,8,60,800000,No
101095,42,Maule,Urbana,Televisión,6,61,1130000,No
101807,54,Metropolitana,Urbana,Televisión,5,41,1070000,Sí
103738,32,Metropolitana,Urbana,Redes sociales,4,50,1090000,No
100033,71,Metropolitana,Urbana,Redes sociales,2,44,1000000,No
101501,52,Biobío,Urbana,Radio,7,74,2490000,Sí
102404,,Metropolitana,Urbana,Radio,3,18,540000,No
101776,40,Coquimbo,Urbana,Redes sociales,10,50,1490000,Sí
102760,54,Valparaíso,Urbana,Redes sociales,2,50,940000,No
101577,46,Coquimbo,Urbana,Prensa digital,3,67,420000,Sí
102602,56,Coquimbo,Urbana,Televisión,6,41,1090000,No
103683,20,O'Higgins,Urbana,Redes sociales,8,32,640000,Sí
103528,39,O'Higgins,Urbana,Prensa digital,8,17,400000,Sí
102326,22,Metropolitana,Urbana,Redes sociales,1,48,440000,Sí
103847,44,Metropolitana,Urbana,Redes sociales,1,49,1650000,Sí
103190,64,O'Higgins,Urbana,Televisión,2,63,280000,Sí
100584,40,Metropolitana,Urbana,Redes sociales,9,46,1410000,Sí
104762,64,Maule,Urbana,Redes sociales,10,62,1500000,Sí
103812,46,Coquimbo,Urbana,Televisión,6,88,1040000,No
101685,35,Valparaíso,Rural,Prensa digital,4,60,410000,No
104528,54,Metropolitana,Urbana,Radio,3,28,300000,Sí
103344,62,Metropolitana,Urbana,Televisión,8,71,1130000,Sí
102826,67,Maule,Urbana,Prensa digital,3,31,750000,Sí
102388,46,Valparaíso,Urbana,Prensa digital,2,52,700000,No
100654,56,Metropolitana,Urbana,Redes sociales,10,59,1260000,Sí
103319,66,Maule,Urbana,Prensa digital,4,32,860000,No
103678,37,Metropolitana,Rural,Televisión,2,29,570000,No
104663,36,O'Higgins,Urbana,Televisión,6,65,490000,No
102869,71,metropolitana,Urbana,Radio,10,49,620000,Sí
100623,66,Valparaíso,Urbana,Prensa digital,8,44,830000,Sí
100967,,O'Higgins,Urbana,Redes sociales,10,62,420000,Sí
100864,49,Coquimbo,Urbana,Radio,6,32,2520000,Sí
102011,55,Metropolitana,Rural,Prensa digital,3,22,1000000,Sí
100771,66,Metropolitana,Rural,Redes sociales,5,16,510000,Sí
102090,51,Metropolitana,Urbana,Televisión,4,36,2210000,No
104331,,Biobío,Urbana,Redes sociales,2,50,510000,Sí
101997,77,Valparaíso,Urbana,Prensa digital,1,34,740000,Sí
102723,55,O'Higgins,Urbana,Redes sociales,6,68,520000,Sí
103896,47,Biobío,Rural,Redes sociales,4,56,840000,Sí
100162,41,Maule,Rural,Prensa digital,7,30,1960000,Sí
100661,44,Biobío,Urbana,Televisión,5,58,1250000,No
100155,45,O'Higgins,Urbana,Televisión,6,53,890000,Sí
101964,47,Metropolitana,Urbana,Prensa digital,3,14,750000,Sí
104199,37,Biobío,Urbana,Prensa digital,9,54,1150000,No
104366,39,Metropolitana,Urbana,Redes sociales,2,64,560000,No
101874,46,Metropolitana,Urbana,Televisión,2,30,620000,No
102106,54,Metropolitana,Rural,Prensa digital,2,67,1610000,No
101635,30,Coquimbo,Urbana,Prensa digital,9,68,2050000,No
101151,,Metropolitana,Rural,Prensa digital,9,45,720000,Sí
101858,,O'Higgins,Urbana,Televisión,7,35,430000,Sí
100077,66,O'Higgins,Urbana,Televisión,10,77,280000,Sí
100594,58,Metropolitana,Urbana,Prensa digital,6,37,280000,No
102269,49,Metropolitana,Rural,Redes sociales,1,55,860000,No
101923,47,Metropolitana,Urbana,Redes sociales,3,65,410000,Sí
100497,32,Metropolitana,Urbana,Televisión,6,19,1440000,Sí
104409,58,Maule,Urbana,Redes sociales,6,64,3200000,Sí
101788,45,Metropolitana,Rural,Televisión,2,38,720000,No
102684,21,Metropolitana,Urbana,Prensa digital,8,65,650000,Sí
101627,69,Metropolitana,Rural,Redes sociales,8,49,940000,No
103997,68,Metropolitana,Urbana,Prensa digital,9,64,960000,Sí
100597,46,Maule,Urbana,Televisión,5,51,350000,Sí
100248,32,Coquimbo,Rural,Televisión,2,54,320000,No
102000,50,Metropolitana,Urbana,Televisión,6,75,460000,No
101284,63,Coquimbo,Urbana,Televisión,3,46,640000,No
104849,69,COQUIMBO,Urbana,Radio,6,27,1220000,Sí
103064,39,Metropolitana,Urbana,Redes sociales,9,30,390000,No
101508,43,Biobío,Urbana,Radio,10,55,490000,No
100977,28,Metropolitana,Urbana,Televisión,9,18,810000,No
103800,18,Metropolitana,Urbana,Redes sociales,7,61,380000,No
103088,66,Coquimbo,Rural,Redes sociales,2,46,610000,Sí
100896,47,Metropolitana,Rural,Televisión,5,47,980000,Sí
102772,50,Metropolitana,Rural,Televisión,7,36,560000,Sí
102613,28,Metropolitana,Urbana,Radio,4,30,450000,Sí
100245,55,Metropolitana,Urbana,Redes sociales,8,36,850000,No
102291,61,Coquimbo,Urbana,Redes sociales,2,57,830000,No
100666,65,Metropolitana,Urbana,Televisión,1,48,1300000,No
103347,72,Biobío,Urbana,Televisión,8,56,890000,Sí
104554,39,Metropolitana,Urbana,Televisión,3,24,280000,Sí
100476,43,Coquimbo,Urbana,Prensa digital,7,59,1960000,No
101378,47,Biobío,Urbana,Redes sociales,7,55,540000,Sí
100341,76,Maule,Urbana,Redes sociales,9,94,720000,No
100164,29,Metropolitana,Urbana,Televisión,5,27,560000,Sí
103225,38,O'Higgins,Urbana,Prensa digital,9,58,410000,Sí
103694,49,Metropolitana,Urbana,Prensa digital,4,40,1220000,No
104297,34,Metropolitana,Urbana,Televisión,9,63,1090000,Sí
103863,40,Metropolitana,Urbana,Radio,1,6,710000,Sí
103377,47,Metropolitana,Rural,Televisión,4,54,590000,No
102193,59,Biobío,Urbana,Radio,9,18,840000,Sí
100888,76,Maule,Urbana,Televisión,3,46,750000,Sí
101161,48,Metropolitana,Urbana,Televisión,5,21,870000,Sí
103836,41,Coquimbo,Urbana,Redes sociales,8,58,770000,Sí
101674,35,Metropolitana,Urbana,Prensa digital,5,8,750000,No
100250,31,O'Higgins,Urbana,Radio,10,67,310000,Sí
101537,48,Maule,Urbana,Televisión,5,43,280000,Sí
104019,49,Metropolitana,Urbana,Televisión,6,45,620000,Sí
101619,21,Maule,Urbana,Televisión,6,20,560000,Sí
102955,,Valparaíso,Urbana,Televisión,6,57,1640000,Sí
103482,69,Valparaíso,Urbana,Prensa digital,5,54,710000,No
103337,45,Maule,Urbana,Redes sociales,3,48,300000,Sí
104216,51,Maule,Urbana,Televisión,10,32,760000,Sí
102050,75,Metropolitana,Urbana,Prensa digital,6,17,970000,Sí
100474,27,Biobío,Urbana,Prensa digital,2,33,1700000,Sí
104101,58,Metropolitana,Urbana,Radio,5,35,490000,Sí
104459,34,O'Higgins,Urbana,Redes sociales,8,44,330000,No
104910,29,Metropolitana,Rural,Televisión,2,49,460000,No
104704,53,Valparaíso,Rural,Televisión,2,54,510000,No
101296,42,Metropolitana,Rural,Prensa digital,8,49,850000,No
100770,75,Metropolitana,Urbana,Televisión,7,46,1240000,Sí
103839,18,Metropolitana,Urbana,Televisión,1,56,900000,Sí
104386,18,Coquimbo,Urbana,Televisión,2,78,1060000,No
104735,37,Metropolitana,Urbana,Radio,8,29,320000,Sí
101811,62,Biobío,Rural,Prensa digital,2,32,380000,Sí
104093,53,Maule,Urbana,Redes sociales,4,42,530000,No
100899,71,Biobío,Urbana,Redes sociales,3,40,280000,Sí
100237,42,Metropolitana,Urbana,Prensa digital,8,59,280000,Sí
103500,42,O'Higgins,Urbana,Televisión,1,69,2980000,Sí
102647,65,Biobío,Urbana,Televisión,6,60,660000,No
104726,52,Valparaíso,Urbana,Televisión,4,35,410000,Sí
100403,33,O'Higgins,Rural,Redes sociales,8,58,1550000,Sí
103523,31,Metropolitana,Rural,Redes sociales,8,44,420000,Sí
101023,36,Maule,Urbana,Redes sociales,5,77,550000,No
104897,55,Biobío,Urbana,Prensa digital,8,59,520000,No
100323,30,Valparaíso,Urbana,Televisión,4,76,410000,Sí
100583,25,Valparaíso,Urbana,Redes sociales,9,25,1170000,Sí
103580,46,Valparaíso,Urbana,Televisión,9,10,550000,Sí
103506,38,Coquimbo,Urbana,Televisión,5,63,610000,No
103001,60,Biobío,Urbana,Prensa digital,10,67,560000,Sí
103870,53,Metropolitana,Rural,Radio,10,15,1120000,Sí
102568,43,Metropolitana,Rural,Redes sociales,2,71,1030000,Sí
101959,50,Maule,Urbana,Redes sociales,7,69,350000,Sí
103819,51,O'Higgins,Urbana,Redes sociales,6,69,510000,Sí
100670,70,Valparaíso,Urbana,Prensa digital,8,58,760000,Sí
101159,79,Metropolitana,Urbana,Redes sociales,7,50,1500000,Sí
104559,66,O'Higgins,Urbana,Redes sociales,8,45,330000,Sí
100817,37,Metropolitana,Rural,Redes sociales,6,59,1330000,No
102906,45,Maule,Urbana,Redes sociales,8,60,280000,Sí
101175,40,Valparaíso,Urbana,Redes sociales,8,47,1980000,No
103908,46,Metropolitana,Rural,Prensa digital,8,51,840000,Sí
101910,40,Biobío,Urbana,Televisión,4,63,870000,Sí
104820,29,Coquimbo,Urbana,Redes sociales,6,76,280000,Sí
101877,51,Maule,Urbana,Redes sociales,4,23,510000,Sí
103354,60,Coquimbo,Urbana,Redes sociales,2,43,650000,Sí
100017,24,Maule,Urbana,Televisión,7,47,490000,Sí
102552,60,Metropolitana,Urbana,Redes sociales,10,66,890000,Sí
104075,54,Coquimbo,Urbana,Televisión,2,73,1020000,Sí
101661,68,Valparaíso,Urbana,Prensa digital,2,30,980000,Sí
100502,32,Coquimbo,Urbana,Redes sociales,6,62,810000,No
104650,72,Metropolitana,Urbana,Prensa digital,9,26,1070000,Sí
102279,60,O'Higgins,Urbana,Redes sociales,4,54,750000,Sí
103965,76,Valparaíso,Urbana,Redes sociales,9,55,810000,Sí
100043,71,O'Higgins,Urbana,Prensa digital,5,23,1940000,Sí
103248,35,Metropolitana,Urbana,Televisión,3,18,440000,No
101018,55,Coquimbo,Urbana,Radio,5,76,990000,Sí
104109,36,Valparaíso,Urbana,Redes sociales,10,33,280000,Sí
100212,40,Metropolitana,Urbana,Redes sociales,4,41,3240000,Sí
103250,41,Biobío,Urbana,Radio,10,65,1350000,Sí
103268,63,Valparaíso,Urbana,Prensa digital,5,43,690000,Sí
103728,50,Metropolitana,Urbana,Televisión,3,41,1300000,Sí
103967,40,Metropolitana,Rural,Prensa digital,5,39,890000,Sí
102695,56,Biobío,Urbana,Redes sociales,3,71,1310000,Sí
104384,36,Valparaíso,Urbana,Radio,8,50,540000,Sí
104424,69,Metropolitana,Urbana,Redes sociales,4,60,390000,Sí
100222,35,Metropolitana,Urbana,Redes sociales,8,14,510000,Sí
100887,42,Valparaíso,Urbana,Redes sociales,1,62,760000,No
101431,45,Metropolitana,Rural,Redes sociales,8,40,760000,Sí
101320,,Metropolitana,Urbana,Redes sociales,4,45,510000,Sí
102088,61,Coquimbo,Urbana,Televisión,6,45,510000,Sí
100481,57,Metropolitana,Rural,Redes sociales,2,54,410000,No
104482,41,Biobío,Urbana,Redes sociales,10,36,640000,Sí
103954,31,Metropolitana,Rural,Prensa digital,6,44,900000,Sí
101054,48,Maule,Urbana,Televisión,3,34,920000,Sí
103841,46,Metropolitana,Urbana,Redes sociales,10,72,510000,No
102945,28,Metropolitana,Rural,Prensa digital,5,75,280000,No
100537,25,Metropolitana,Urbana,Televisión,9,60,450000,Sí
103704,59,Valparaíso,Rural,Prensa digital,1,68,530000,Sí
102565,74,Metropolitana,Urbana,Prensa digital,3,52,390000,Sí
104632,48,Metropolitana,Urbana,Radio,9,59,660000,Sí
101096,47,Maule,Urbana,Televisión,10,57,680000,Sí
102222,38,Coquimbo,Urbana,Televisión,8,55,1260000,Sí
100809,43,Metropolitana,Urbana,Redes sociales,1,64,410000,No
103138,35,Metropolitana,Urbana,Redes sociales,8,21,340000,Sí
100487,60,Valparaíso,Urbana,Radio,1,42,1870000,No
101261,32,Coquimbo,Urbana,Televisión,7,37,670000,No
100626,61,Biobío,Urbana,Redes sociales,7,46,990000,Sí
101283,55,Metropolitana,Urbana,Redes sociales,8,21,490000,Sí
103296,45,Biobío,Urbana,Radio,2,18,640000,No
102523,41,Coquimbo,Urbana,Redes sociales,2,39,890000,Sí
104546,48,Valparaíso,Urbana,Redes sociales,4,35,710000,No
103660,32,Maule,Urbana,Televisión,5,48,730000,Sí
104893,56, Metropolitana ,Rural,Televisión,4,50,1190000,Sí
104641,38,Metropolitana,Urbana,Prensa digital,3,29,710000,Sí
102524,45,Metropolitana,Urbana,Redes sociales,8,40,1090000,Sí
101121,65,Metropolitana,Urbana,Prensa digital,4,53,1170000,No
103809,44,Maule,Urbana,Televisión,2,45,830000,Sí
103784,67,Metropolitana,Urbana,Radio,7,51,420000,Sí
101202,40,Biobío,Urbana,Redes sociales,4,16,1210000,Sí
100088,56,Metropolitana,Urbana,Televisión,5,38,660000,Sí
103294,,O'Higgins,Urbana,Redes sociales,8,52,1000000,Sí
103048,55,Metropolitana,Rural,Redes sociales,6,46,1760000,No
104829,69,Metropolitana,Urbana,Redes sociales,10,31,590000,Sí
100800,64,Coquimbo,Urbana,Prensa digital,2,99,680000,Sí
101304,28,Valparaíso,Urbana,Redes sociales,6,56,1240000,Sí
101105,49,Biobío,Urbana,Prensa digital,1,51,410000,No
102516,51,Biobío,Urbana,Prensa digital,10,46,900000,No
103182,26,Coquimbo,Urbana,Redes sociales,7,54,580000,No
102651,39,Metropolitana,Urbana,Redes sociales,6,57,340000,Sí
101975,29,Coquimbo,Urbana,Televisión,9,41,660000,Sí
100218,45,Maule,Urbana,Redes sociales,7,54,490000,Sí
101669,71,Maule,Urbana,Redes sociales,9,71,760000,Sí
104392,38,Metropolitana,Urbana,Prensa digital,10,29,810000,Sí
103822,34,O'Higgins,Urbana,Prensa digital,10,54,330000,No
100630,77,O'Higgins,Urbana,Radio,4,32,1280000,Sí
101050,41,biobío,Urbana,Redes sociales,3,25,1350000,Sí
100037,48,Coquimbo,Urbana,Prensa digital,9,52,480000,No
104765,53,Biobío,Urbana,Radio,4,39,1460000,Sí
100640,57,Metropolitana,Rural,Redes sociales,4,35,650000,Sí
104825,32,Metropolitana,Urbana,Televisión,1,10,560000,Sí
102324,48,Coquimbo,Urbana,Prensa digital,4,32,950000,Sí
104281,41,Biobío,Urbana,Redes sociales,3,33,480000,Sí
103011,58,Metropolitana,Urbana,Redes sociales,10,36,1540000,Sí
102477,39,Metropolitana,Urbana,Prensa digital,6,49,390000,Sí
100816,35,Valparaíso,Urbana,Redes sociales,1,30,580000,Sí
101253,37,Metropolitana,Urbana,Prensa digital,7,67,450000,Sí
104363,20,O'Higgins,Urbana,Redes sociales,2,34,280000,No
103548,28,Metropolitana,Urbana,Televisión,1,4,1650000,No
101655,,Metropolitana,Rural,Redes sociales,2,44,640000,No
104406,44,Biobío,Urbana,Prensa digital,3,29,1170000,Sí
103897,,Maule,Rural,Radio,10,66,350000,Sí
104002,,Coquimbo,Rural,Televisión,1,61,770000,Sí
104142,65,Valparaíso,Urbana,Televisión,7,60,990000,Sí
102282,61,BIOBÍO,Urbana,Redes sociales,7,40,450000,No
100877,29,Metropolitana,Urbana,Televisión,9,3,1140000,Sí
101977,,Metropolitana,Urbana,Radio,5,68,1220000,Sí
104706,60,Metropolitana,Rural,Redes sociales,8,56,640000,Sí
101285,45,Coquimbo,Rural,Prensa digital,10,39,820000,Sí
102134,54,Biobío,Rural,Redes sociales,10,23,890000,No
102942,22, Metropolitana ,Urbana,Redes sociales,9,41,380000,No
100054,63,Valparaíso,Urbana,Televisión,7,77,870000,Sí
102840,61,Valparaíso,Urbana,Televisión,9,48,280000,Sí
103630,68,Biobío,Urbana,Redes sociales,2,59,3340000,Sí
103368,67,Metropolitana,Urbana,Redes sociales,4,46,720000,Sí
101918,59,Valparaíso,Urbana,Redes sociales,5,67,330000,Sí
103311,23,Metropolitana,Urbana,Redes sociales,1,47,1140000,No
104511,44,Biobío,Urbana,Televisión,7,40,590000,Sí
100483,56,Valparaíso,Urbana,Prensa digital,3,79,880000,Sí
100820,,Metropolitana,Urbana,Televisión,3,53,1270000,No
101524,,Metropolitana,Urbana,Redes sociales,5,18,1230000,No
101924,55,Biobío,Urbana,Prensa digital,6,12,1420000,No
102975,56,Biobío,Urbana,Redes sociales,4,0,2470000,No
100714,34,Metropolitana,Urbana,Prensa digital,4,40,2210000,No
100008,,Coquimbo,Rural,Redes sociales,9,31,330000,Sí
103476,42,Valparaíso,Urbana,Redes sociales,1,58,1260000,No
104802,68,Maule,Urbana,Prensa digital,6,40,1480000,Sí
101299,80,Metropolitana,Urbana,Prensa digital,9,23,540000,Sí
100805,32,Metropolitana,Urbana,Redes sociales,8,38,770000,Sí
103492,26,Metropolitana,Urbana,Redes sociales,10,76,1060000,Sí
101386,70,Metropolitana,Urbana,Radio,1,34,790000,Sí
101573,78,Biobío,Urbana,Prensa digital,5,65,1300000,Sí
104317,64,Biobío,Urbana,Redes sociales,7,54,630000,Sí
102931,75,Metropolitana,Urbana,Redes sociales,2,44,740000,Sí
103363,24,Coquimbo,Urbana,Redes sociales,1,3,770000,Sí
100834,35,Metropolitana,Urbana,Radio,8,52,510000,Sí
104760,52,Maule,Urbana,Televisión,2,25,750000,No
103869,48,Coquimbo,Urbana,Televisión,10,16,750000,Sí
104513,43,Valparaíso,Urbana,Prensa digital,4,89,800000,Sí
104896,21,Coquimbo,Urbana,Redes sociales,9,35,1260000,Sí
100871,68,O'Higgins,Urbana,Redes sociales,8,61,1040000,No
100099,48,Valparaíso,Rural,Televisión,8,32,1180000,No
102110,58,Metropolitana,Urbana,Radio,1,43,350000,Sí
101539,20,Biobío,Urbana,Televisión,5,53,960000,No
102959,61,Biobío,Urbana,Redes sociales,7,54,530000,Sí
101250,46,O'HIGGINS,Urbana,Televisión,8,50,430000,No
102070,43,O'Higgins,Urbana,Televisión,1,24,550000,Sí
101340,34,Metropolitana,Urbana,Redes sociales,3,42,600000,Sí
101327,37,Biobío,Urbana,Redes sociales,7,42,770000,Sí
100125,25,Coquimbo,Urbana,Televisión,3,44,1210000,Sí
104669,47,Coquimbo,Urbana,Redes sociales,2,34,620000,Sí
104566,61,Valparaíso,Rural,Radio,2,71,870000,Sí
104467,54,Metropolitana,Rural,Prensa digital,7,33,2030000,Sí
100898,58,Metropolitana,Urbana,Redes sociales,9,52,620000,Sí
102236,58,Valparaíso,Rural,Redes sociales,9,57,1380000,No
102181,36,Metropolitana,Urbana,Redes sociales,5,49,980000,No
102663,47,Coquimbo,Urbana,Prensa digital,2,50,390000,Sí
100796,76,Metropolitana,Urbana,Televisión,6,55,500000,Sí
102465,30,Coquimbo,Urbana,Televisión,7,68,280000,No
100795,69,Metropolitana,Urbana,Redes sociales,9,21,660000,Sí
104261,48,Metropolitana,Rural,Radio,5,40,760000,Sí
102924,43,Valparaíso,Urbana,Prensa digital,5,31,810000,Sí
101178,61,Coquimbo,Rural,Televisión,9,25,810000,Sí
104740,41,Metropolitana,Urbana,Prensa digital,7,28,990000,No
101591,41,Metropolitana,Urbana,Prensa digital,5,49,350000,No
103097,46,Biobío,Rural,Radio,8,59,450000,No
103052,51,Biobío,Urbana,Televisión,10,46,680000,Sí
103189,32,Biobío,Urbana,Televisión,2,14,810000,Sí
100045,52,Metropolitana,Rural,Prensa digital,9,58,1030000,Sí
103362,30,Metropolitana,Urbana,Televisión,5,43,1080000,Sí
101992,46,O'Higgins,Urbana,Televisión,6,65,950000,Sí
101341,35,Coquimbo,Urbana,Redes sociales,10,41,1850000,Sí
100744,29,Valparaíso,Urbana,Prensa digital,1,36,700000,No
104208,71,Maule,Urbana,Prensa digital,9,33,1390000,No
103087,46,Metropolitana,Rural,Televisión,8,83,650000,No
102883,30,Biobío,Urbana,Radio,1,31,1260000,Sí
100847,21,Maule,Urbana,Redes sociales,6,39,900000,Sí
104645,48,Metropolitana,Rural,Televisión,3,22,1420000,Sí
103490,61,Metropolitana,Urbana,Redes sociales,10,26,790000,Sí
102645,63,Metropolitana,Rural,Radio,4,53,1800000,Sí
102262,46,Coquimbo,Urbana,Redes sociales,6,49,1650000,No
102006,38,Metropolitana,Urbana,Prensa digital,8,43,990000,Sí
102743,63,Coquimbo,Urbana,Televisión,6,34,900000,No
104608,51,Biobío,Urbana,Redes sociales,8,23,470000,No
103629,58,Biobío,Urbana,Televisión,6,23,350000,Sí
104492,25,Maule,Rural,Prensa digital,7,46,570000,No
101334,62,Metropolitana,Urbana,Redes sociales,8,19,550000,Sí
104917,46,Metropolitana,Urbana,Televisión,7,93,410000,Sí
102982,76,Maule,Urbana,Prensa digital,8,38,1850000,Sí
101328,70,Coquimbo,Rural,Televisión,5,58,810000,No
104169,63,Metropolitana,Urbana,Televisión,4,47,1420000,Sí
100657,,O'Higgins,Urbana,Redes sociales,4,63,530000,Sí
103095,34,Coquimbo,Rural,Redes sociales,9,9,1080000,No
103166,34,Metropolitana,Urbana,Prensa digital,9,21,410000,Sí
103667,53,Metropolitana,Urbana,Radio,8,17,710000,Sí
102618,65,O'Higgins,Rural,Radio,7,70,380000,Sí
103481,34,Metropolitana,Urbana,Redes sociales,6,48,490000,No
104507,42,Valparaíso,Urbana,Redes sociales,8,40,280000,Sí
104721,,Metropolitana,Rural,Radio,7,32,280000,Sí
104845,58,Metropolitana,Rural,Redes sociales,7,57,280000,Sí
101961,61,Metropolitana,Urbana,Redes sociales,3,29,440000,No
103409,,Valparaíso,Rural,Televisión,1,42,950000,Sí
100193,32,Valparaíso,Urbana,Redes sociales,8,59,1300000,Sí
100849,74,Metropolitana,Urbana,Prensa digital,3,52,980000,Sí
101157,65,Metropolitana,Urbana,Prensa digital,6,45,840000,Sí
100339,57,O'Higgins,Urbana,Televisión,1,49,280000,No
101670,59,Biobío,Urbana,Televisión,7,71,1280000,Sí
102745,40,Metropolitana,Urbana,Radio,9,17,330000,Sí
100592,,Biobío,Urbana,Redes sociales,1,55,870000,No
102420,50,O'Higgins,Urbana,Televisión,5,52,510000,Sí
101487,65,Metropolitana,Urbana,Televisión,8,59,780000,Sí
101301,56,Coquimbo,Rural,Radio,8,43,2380000,Sí
102358,42,Metropolitana,Urbana,Radio,4,35,660000,Sí
102275,39,Maule,Urbana,Prensa digital,9,36,1020000,No
103485,57,O'Higgins,Urbana,Prensa digital,1,48,440000,Sí
102204,56,O'Higgins,Urbana,Redes sociales,2,79,1450000,No
102800,49,Metropolitana,Urbana,Redes sociales,4,49,1500000,Sí
103244,64,Metropolitana,Urbana,Televisión,7,51,280000,Sí
103574,,Metropolitana,Urbana,Redes sociales,6,50,280000,Sí
102703,44,Metropolitana,Rural,Redes sociales,6,16,610000,Sí
104727,69,Coquimbo,Rural,Redes sociales,7,44,1060000,Sí
101545,48,Metropolitana,Urbana,Televisión,1,40,1480000,Sí
103349,36,Metropolitana,Rural,Televisión,1,47,540000,Sí
104503,,Biobío,Urbana,Televisión,5,61,640000,No
104863,61,Biobío,Urbana,Prensa digital,9,23,1860000,Sí
100380,74,Metropolitana,Urbana,Radio,3,32,960000,No
101726,52,O'Higgins,Urbana,Redes sociales,3,18,660000,No
100750,18,Coquimbo,Urbana,Prensa digital,6,25,490000,Sí
100566,42,Metropolitana,Urbana,Televisión,5,73,360000,Sí
102747,25,Metropolitana,Urbana,Prensa digital,7,44,850000,Sí
100575,47,metropolitana,Urbana,Prensa digital,5,41,740000,Sí
104664,,Coquimbo,Urbana,Televisión,1,53,510000,Sí
100279,65,Valparaíso,Urbana,Redes sociales,9,37,2000000,Sí
103370,60,Valparaíso,Urbana,Redes sociales,4,26,300000,Sí
101566,58,Metropolitana,Urbana,Televisión,10,28,520000,Sí
102506,58,Maule,Urbana,Televisión,5,13,430000,Sí
104606,51,Metropolitana,Urbana,Televisión,1,29,820000,No
101587,39,Metropolitana,Urbana,Televisión,8,53,1150000,Sí
103304,76,Metropolitana,Rural,Radio,7,69,1820000,Sí
104426,79,O'Higgins,Urbana,Prensa digital,1,70,1230000,Sí
104260,51,O'Higgins,Rural,Redes sociales,4,48,740000,Sí
101724,65,Metropolitana,Urbana,Redes sociales,9,62,790000,Sí
102576,71,Coquimbo,Urbana,Televisión,5,50,460000,Sí
104900,39,Biobío,Urbana,Redes sociales,7,18,520000,Sí
101395,53,Biobío,Urbana,Redes sociales,5,76,410000,Sí
103735,33,Metropolitana,Urbana,Radio,6,14,350000,Sí
102258,46,Biobío,Urbana,Prensa digital,8,30,540000,No
104114,41,Maule,Urbana,Redes sociales,8,15,1120000,Sí
103854,36,Biobío,Urbana,Redes sociales,9,67,510000,Sí
100102,33,Metropolitana,Rural,Redes sociales,10,45,280000,No
102271,23,Biobío,Urbana,Redes sociales,8,51,310000,No
101145,82,O'Higgins,Rural,Redes sociales,4,38,850000,Sí
102209,19,Metropolitana,Urbana,Redes sociales,10,0,500000,Sí
101297,54,Metropolitana,Urbana,Televisión,1,63,2780000,No
100934,47,Metropolitana,Urbana,Televisión,6,46,560000,No
104430,32,Maule,Urbana,Redes sociales,3,22,350000,Sí
103567,48,Valparaíso,Rural,Redes sociales,4,54,900000,Sí
102633,36,Metropolitana,Urbana,Televisión,8,33,400000,Sí
102540,61,Valparaíso,Rural,Redes sociales,3,43,580000,Sí
104515,39,Biobío,Urbana,Televisión,10,31,340000,Sí
100227,18,Coquimbo,Urbana,Televisión,4,57,320000,Sí
101970,40,Biobío,Rural,Redes sociales,10,40,920000,No
102460,,Metropolitana,Urbana,Prensa digital,2,52,1240000,Sí
101604,64,Biobío,Rural,Televisión,6,44,1070000,Sí
103617,74,Valparaíso,Rural,Redes sociales,8,52,970000,Sí
104793,,Valparaíso,Urbana,Redes sociales,9,20,280000,Sí
104196,,Maule,Rural,Prensa digital,4,17,1090000,No
104060,42,Maule,Urbana,Redes sociales,5,39,760000,Sí
100351,35,Valparaíso,Urbana,Radio,6,37,610000,Sí
104837,48,Valparaíso,Urbana,Prensa digital,3,30,480000,No
100739,,Metropolitana,Urbana,Televisión,7,65,410000,Sí
101100,45,O'Higgins,Urbana,Prensa digital,8,42,1250000,No
103424,39,Metropolitana,Urbana,Redes sociales,7,52,730000,Sí
104222,,Maule,Urbana,Radio,5,33,280000,No
102254,49,Metropolitana,Urbana,Redes sociales,7,38,560000,Sí
104547,52,Valparaíso,Urbana,Televisión,6,31,290000,Sí
100364,29,Coquimbo,Rural,Prensa digital,4,26,310000,No
100101,43,Valparaíso,Rural,Radio,5,50,610000,Sí
104709,46,Biobío,Urbana,Televisión,10,2,1120000,Sí
103749,49,Metropolitana,Urbana,Prensa digital,7,66,1300000,No
101801,52,Metropolitana,Urbana,Televisión,4,54,490000,Sí
103924,49,Metropolitana,Rural,Televisión,5,49,990000,Sí
102577,65,Biobío,Urbana,Radio,7,47,1750000,Sí
103115,43,Metropolitana,Urbana,Televisión,9,55,820000,Sí
103397,72,Metropolitana,Urbana,Televisión,2,48,510000,Sí
101598,31,Biobío,Urbana,Redes sociales,5,59,1840000,No
104776,35,Valparaíso,Urbana,Redes sociales,2,35,910000,Sí
102699,38,Biobío,Rural,Redes sociales,9,75,1720000,Sí
104054,40,Coquimbo,Urbana,Redes sociales,4,98,1400000,No
100651,54,Biobío,Urbana,Redes sociales,7,45,960000,Sí
103290,31,O'Higgins,Urbana,Prensa digital,3,17,380000,Sí
100159,48,Valparaíso,Urbana,Prensa digital,5,75,520000,No
103771,42,Biobío,Urbana,Prensa digital,2,75,2040000,Sí
102901,49,Metropolitana,Urbana,Televisión,7,28,1020000,Sí
103725,35,Biobío,Rural,Redes sociales,2,63,2370000,Sí
104110,,Valparaíso,Rural,Redes sociales,8,44,590000,Sí
104538,67,Coquimbo,Urbana,Redes sociales,4,44,1000000,Sí
101656,39,Coquimbo,Urbana,Prensa digital,4,58,1030000,No
101330,,Valparaíso,Urbana,Televisión,10,39,770000,No
100625,67,Valparaíso,Urbana,Televisión,5,27,450000,Sí
102340,28,Metropolitana,Urbana,Televisión,4,36,860000,Sí
103874,30,O'Higgins,Urbana,Redes sociales,2,44,1170000,No
103317,43,Metropolitana,Rural,Redes sociales,2,83,490000,No
103448,80,Maule,Rural,Televisión,6,23,370000,Sí
101060,42,Maule,Urbana,Televisión,2,65,640000,Sí
103895,74,Coquimbo,Urbana,Redes sociales,6,16,1520000,Sí
100835,64,Metropolitana,Urbana,Redes sociales,8,57,1530000,Sí
100761,61,Biobío,Urbana,Prensa digital,5,57,500000,Sí
104790,26,Coquimbo,Urbana,Radio,3,22,540000,Sí
103167,37,Metropolitana,Rural,Redes sociales,5,67,690000,No
104061,39,Metropolitana,Urbana,Televisión,5,49,760000,Sí
103533,,Valparaíso,Urbana,Televisión,10,31,690000,Sí
102873,51,O'Higgins,Urbana,Televisión,5,50,400000,Sí
104098,48,Metropolitana,Rural,Prensa digital,8,42,2570000,Sí
102664,32,Coquimbo,Rural,Redes sociales,1,37,1110000,No
100330,65,Valparaíso,Urbana,Televisión,7,53,930000,Sí
103417,33,Coquimbo,Rural,Televisión,4,27,340000,Sí
102489,20,O'Higgins,Urbana,Prensa digital,2,60,410000,Sí
104807,28,Maule,Urbana,Televisión,10,67,1210000,No
103114,49,Metropolitana,Rural,Televisión,7,39,340000,Sí
100763,30,Metropolitana,Urbana,Redes sociales,6,51,940000,No
100011,50,Maule,Rural,Televisión,3,79,2110000,Sí
102538,,Metropolitana,Rural,Redes sociales,4,43,320000,No
101184,,Metropolitana,Urbana,Televisión,8,26,280000,No
100012,44,Coquimbo,Urbana,Redes sociales,2,57,690000,Sí
103282,84,Biobío,Urbana,Redes sociales,4,51,530000,Sí
104660,37,Metropolitana,Urbana,Redes sociales,3,84,850000,Sí
100704,58,Valparaíso,Urbana,Televisión,3,50,650000,Sí
104861,45,Biobío,Urbana,Televisión,10,59,960000,No
102072,36,Metropolitana,Urbana,Prensa digital,1,44,1200000,Sí
101221,30,Metropolitana,Urbana,Radio,9,11,1190000,Sí
103531,33,Biobío,Urbana,Redes sociales,10,40,960000,Sí
100074,29,Coquimbo,Urbana,Radio,9,24,800000,Sí
104433,60,O'Higgins,Urbana,Redes sociales,7,41,670000,Sí
100007,43,Metropolitana,Urbana,Prensa digital,7,76,1150000,Sí
101207,58,Metropolitana,Urbana,Redes sociales,7,51,520000,Sí
101584,,Metropolitana,Urbana,Prensa digital,5,59,2480000,Sí
102778,,Metropolitana,Urbana,Radio,10,51,290000,No
100562,32,Valparaíso,Urbana,Redes sociales,6,80,1420000,Sí
103057,74,Biobío,Urbana,Radio,2,28,1740000,Sí
103941,30,Valparaíso,Rural,Radio,9,24,1270000,No
101376,67, Metropolitana ,Urbana,Redes sociales,4,48,1610000,Sí
100370,49,Metropolitana,Urbana,Televisión,8,81,910000,Sí
102988,34,Coquimbo,Rural,Televisión,7,25,1300000,No
101063,30,Valparaíso,Urbana,Televisión,10,39,1760000,No
102997,67,Metropolitana,Urbana,Redes sociales,5,98,480000,Sí
104659,46,Metropolitana,Urbana,Televisión,1,18,1290000,Sí
100928,25,Metropolitana,Urbana,Televisión,6,59,740000,No
101848,,Maule,Urbana,Redes sociales,6,60,840000,No
104016,36,Maule,Urbana,Prensa digital,6,48,840000,Sí
100774,44,Valparaíso,Rural,Redes sociales,9,38,490000,Sí
103671,59,Valparaíso,Urbana,Televisión,7,24,980000,Sí
102223,69,COQUIMBO,Urbana,Prensa digital,4,57,510000,Sí
104423,70,Metropolitana,Urbana,Prensa digital,4,48,870000,No
101418,75,Metropolitana,Urbana,Redes sociales,1,68,550000,Sí
100244,,Valparaíso,Rural,Redes sociales,4,36,1850000,Sí
104644,62,Coquimbo,Rural,Redes sociales,6,66,2550000,Sí
100973,62,Coquimbo,Urbana,Prensa digital,9,27,280000,Sí
100915,80,Maule,Urbana,Radio,2,53,830000,Sí
104654,64,Biobío,Urbana,Prensa digital,7,45,380000,Sí
101059,28,Maule,Rural,Prensa digital,7,53,400000,Sí
100293,53,Metropolitana,Rural,Redes sociales,6,9,830000,Sí
102849,,Metropolitana,Urbana,Televisión,6,71,1180000,Sí
104064,47,Metropolitana,Urbana,Prensa digital,4,30,450000,Sí
104302,44,Metropolitana,Rural,Redes sociales,4,62,910000,Sí
100475,42,O'Higgins,Rural,Televisión,2,10,2110000,Sí
104834,46,Maule,Urbana,Redes sociales,3,18,390000,No
100455,61,Maule,Rural,Radio,7,68,1050000,Sí
103155,34,Metropolitana,Rural,Redes sociales,7,5,410000,Sí
100705,29,Metropolitana,Urbana,Prensa digital,6,38,340000,No
102357,69,Metropolitana,Urbana,Televisión,4,30,930000,Sí
104029,55,Coquimbo,Rural,Redes sociales,4,22,350000,Sí
104737,53,Metropolitana,Rural,Redes sociales,10,46,860000,Sí
100742,23,Metropolitana,Urbana,Televisión,10,29,840000,No
101908,45,Valparaíso,Rural,Televisión,5,76,1140000,Sí
100754,45,Coquimbo,Urbana,Radio,9,18,870000,No
